House_ID,Neighborhood,Monthly_Rent_EGP,Bedrooms,Has_Workspace,Allows_Pets,Quietness_Score,Natural_Light_Index,Soundproofing_Score,Greenery_Proximity,Air_Quality_Index,Walkability_Score,Wheelchair_Accessible,Elevator_Access,Smart_Home_Ready,Medical_Proximity_Score
1,Dokki,42524,5,0,0,3,7,2,2,10,5,0,0,0,8
2,New Capital,8414,3,1,0,3,3,10,7,5,10,0,1,1,10
3,Downtown Cairo,21494,3,1,0,3,4,8,5,10,2,1,0,0,7
4,Al Rehab,24437,1,1,0,10,6,8,10,10,6,1,1,0,4
5,Mohandeseen,7937,1,1,0,9,6,8,9,7,9,0,1,1,7
6,Dokki,40731,4,1,0,10,5,8,3,4,6,0,1,0,5
7,Faisal,25326,5,1,1,10,10,9,4,10,9,1,0,0,6
8,Al Rehab,42665,3,1,0,2,4,9,8,9,6,1,1,1,5
9,Al Rehab,12974,4,1,1,10,8,4,8,8,3,1,1,1,10
10,Sheikh Zayed,21500,3,0,1,2,9,9,9,10,3,1,1,0,4
11,Mohandeseen,5750,1,0,1,6,7,5,2,4,9,0,1,1,7
12,New Cairo,8027,5,1,1,5,8,8,7,6,4,1,1,0,7
13,Maadi,48296,2,1,0,9,6,6,4,6,3,1,1,1,4
14,El Shorouk,9745,5,0,0,6,6,5,3,6,2,1,0,0,7
15,Heliopolis,25448,2,1,0,10,7,5,2,3,5,1,1,0,7
16,Maadi,46447,4,0,0,2,9,7,10,4,4,1,1,0,7
17,Zamalek,32451,2,1,0,9,4,3,8,3,9,1,0,0,8
18,El Shorouk,32207,2,0,0,7,10,6,7,3,2,0,1,1,8
19,El Shorouk,9938,4,0,1,2,3,9,5,9,6,0,1,0,6
20,Helwan,16150,5,0,0,3,7,3,7,10,7,0,1,0,4
21,Madinaty,17406,4,0,0,5,3,6,9,3,2,1,1,1,5
22,Shoubra,23781,1,0,0,6,6,8,9,9,10,0,1,0,10
23,Downtown Cairo,41621,1,0,1,2,3,6,8,4,3,0,1,0,4
24,Downtown Cairo,22325,2,0,0,8,3,10,4,8,5,0,1,0,9
25,Faisal,7148,4,0,0,5,7,10,1,7,8,0,1,0,7
26,El Shorouk,32879,4,0,1,2,8,9,4,5,10,0,1,0,7
27,New Capital,11933,4,1,0,7,6,10,10,10,4,0,1,1,4
28,New Cairo,13436,5,1,1,10,4,3,10,4,3,0,1,1,7
29,Nasr City,21669,3,0,1,10,5,4,8,9,9,1,1,0,6
30,Faisal,10474,3,0,0,5,3,5,5,4,10,1,0,0,5
31,Dokki,15228,3,1,0,8,6,6,9,6,3,0,1,0,7

32,6th of October,37538,5,0,0,2,5,3,10,5,4,0,1,0,10
33,Dokki,5843,4,1,0,10,4,5,2,6,7,0,0,0,8
34,Haram,4073,3,0,1,2,5,5,2,7,4,0,1,0,9
35,Sheikh Zayed,20059,4,0,0,10,4,6,8,10,7,1,1,0,7
36,Mokattam,24733,2,0,1,7,10,7,6,8,7,1,1,1,9
37,Haram,44768,3,0,0,8,8,2,6,3,4,0,0,0,7
38,6th of October,29395,2,1,1,5,5,7,6,6,3,0,1,0,7
39,Maadi,24202,5,0,0,10,4,10,6,7,9,0,0,0,4
40,New Capital,17273,1,1,0,7,8,4,8,10,8,1,1,1,4
41,Downtown Cairo,37099,5,0,0,7,9,3,1,5,10,0,1,0,10
42,Dokki,11512,5,1,0,7,9,9,3,3,2,1,1,0,4
43,El Shorouk,32231,5,0,0,5,3,3,2,10,2,0,1,0,8
44,Mohandeseen,27274,3,0,0,8,5,9,7,7,2,0,1,0,6
45,Downtown Cairo,41699,2,1,0,3,4,5,6,6,2,0,0,0,6
46,New Cairo,49510,3,0,0,3,10,10,7,10,6,1,1,0,10
47,Mokattam,26409,1,1,0,7,6,5,8,7,3,0,1,0,4
48,Helwan,9113,5,1,1,10,7,2,2,7,5,0,0,0,9
49,Sheikh Zayed,45187,4,1,0,4,8,9,7,9,10,1,1,0,7
50,Haram,6881,1,0,1,8,5,2,10,9,4,0,1,0,10
51,Mohandeseen,49913,2,1,1,10,8,6,4,3,9,0,1,0,4
52,Sheikh Zayed,23249,1,1,1,10,5,8,9,4,10,0,1,0,7
53,Maadi,39343,3,1,0,4,5,4,1,10,10,1,1,0,8
54,Heliopolis,16714,4,0,0,2,5,7,10,7,3,0,1,0,9
55,Madinaty,42953,3,1,0,3,7,2,10,3,9,1,1,1,9
56,Sheikh Zayed,12656,5,1,0,9,5,7,10,10,9,1,1,1,7
57,Haram,9741,5,1,0,8,8,6,3,8,4,0,1,1,7
58,El Shorouk,20661,1,1,0,2,3,3,5,8,2,1,1,1,10
59,Maadi,35555,5,1,0,4,3,5,3,3,2,0,0,1,6
60,Madinaty,32690,5,0,0,9,6,8,10,5,5,0,1,1,10
61,Sheikh Zayed,36833,2,1,1,8,7,7,7,5,10,0,1,0,7
62,Mokattam,41030,2,1,0,6,8,7,8,4,10,1,0,0,4
63,Shoubra,9704,3,0,0,4,10,10,10,6,3,0,0,0,9
64,Downtown Cairo,45362,3,0,0,8,9,3,8,7,8,0,1,0,5
65,Mohandeseen,16175,2,1,0,6,6,2,4,7,2,0,0,0,9
66,Mokattam,16696,1,0,0,2,3,3,2,3,6,1,0,0,8
67,Mohandeseen,43023,2,0,0,6,5,4,7,10,6,0,1,0,9
68,Shoubra,44209,3,1,0,4,5,10,1,10,9,0,0,0,9
69,El Obour,32054,4,1,0,3,4,10,9,3,10,0,0,0,9
70,Haram,25076,5,1,0,4,7,6,5,3,4,0,0,0,5
71,Downtown Cairo,18986,4,0,0,5,4,8,10,10,7,0,0,0,10
72,El Obour,18440,4,0,0,2,7,4,4,8,8,0,0,0,8
73,6th of October,11960,5,1,1,5,7,3,4,5,7,0,0,0,9
74,Downtown Cairo,26462,2,1,0,10,5,7,9,8,10,0,1,0,4
75,El Obour,21821,1,0,0,2,5,7,1,8,5,0,0,0,4
76,Zamalek,31258,4,1,0,8,6,6,4,3,2,1,1,0,5
77,Dokki,31353,1,1,0,9,3,2,6,4,5,1,1,0,6
78,6th of October,27416,3,0,1,10,3,3,8,3,7,1,1,0,8
79,Zamalek,26115,4,0,0,8,5,8,2,6,7,0,1,0,9
80,El Shorouk,28968,3,0,0,10,3,3,8,8,4,0,1,0,6
81,Mohandeseen,26731,2,1,0,4,7,6,9,3,3,0,1,0,9
82,Al Rehab,26785,4,0,1,2,3,5,8,9,9,0,1,0,10
83,Faisal,43397,3,1,1,3,8,2,5,7,10,0,1,0,4
84,Helwan,17828,3,1,1,2,10,6,1,7,5,0,1,0,7
85,Mohandeseen,8541,2,1,0,3,6,2,6,9,4,1,1,1,8
86,New Cairo,44644,1,0,1,10,3,4,7,3,2,1,1,1,8
87,New Cairo,17311,1,1,0,6,3,10,9,7,3,0,1,1,4
88,Zamalek,34531,4,1,0,5,9,8,9,9,9,0,1,0,6
89,Nasr City,18588,2,1,1,3,6,3,5,3,7,0,0,0,7
90,Madinaty,16380,4,1,1,4,6,6,10,8,7,1,1,1,10
91,Dokki,46645,1,1,0,10,5,5,9,3,2,0,1,1,5
92,6th of October,21818,2,1,1,4,6,8,4,8,9,1,0,0,7
93,Dokki,34857,5,0,0,9,8,5,5,5,7,0,1,1,6
94,6th of October,25711,2,1,0,2,5,10,6,8,5,0,1,1,9
95,Mohandeseen,9097,2,1,1,6,7,4,1,5,4,0,1,0,10
96,El Shorouk,32393,5,1,0,3,4,7,10,7,7,0,1,0,4
97,Maadi,26076,3,0,0,5,10,6,5,7,4,0,1,0,10
98,Zamalek,22738,3,0,0,3,3,9,10,9,5,0,1,0,7
99,Shoubra,33317,3,1,0,4,6,2,4,4,9,0,1,0,5
100,Nasr City,43229,1,0,0,6,10,3,1,8,8,0,1,1,10
101,New Cairo,11044,2,1,0,3,3,8,8,8,8,1,1,1,6
102,El Shorouk,9497,5,1,1,10,7,2,5,4,7,0,1,0,9
103,Mohandeseen,17751,1,1,0,9,4,6,9,3,9,0,1,0,10
104,New Cairo,33882,5,0,0,6,6,9,9,4,10,0,1,1,7
105,Zamalek,46072,1,0,1,2,9,6,6,6,2,0,0,0,10
106,New Cairo,47194,1,1,0,6,5,6,10,5,4,1,1,0,7
107,Nasr City,47826,1,1,0,5,5,10,9,8,9,0,1,0,7
108,Downtown Cairo,26449,5,1,0,10,6,6,5,9,2,0,0,0,9
109,Mokattam,48028,4,1,0,3,6,2,2,9,10,0,1,1,9
110,New Cairo,37402,1,1,1,8,7,4,9,7,2,1,1,0,4
111,Zamalek,36543,3,0,0,3,4,6,5,9,10,0,1,1,7
112,Nasr City,33362,2,1,0,4,6,9,3,4,8,0,1,0,10
113,Mokattam,31315,4,0,0,4,5,3,6,6,7,0,0,1,10
114,Dokki,31746,4,0,0,9,10,5,9,4,10,0,0,0,4
115,6th of October,14057,5,1,1,3,4,5,1,7,5,0,0,1,10
116,Downtown Cairo,46915,4,1,0,2,6,4,4,4,6,0,0,0,5
117,Downtown Cairo,25061,5,1,0,7,4,7,4,5,3,0,1,0,9
118,Madinaty,38157,5,0,1,7,7,3,10,10,4,1,1,0,4
119,El Obour,49839,3,0,0,2,8,4,2,8,8,0,1,0,10
120,Faisal,15322,1,0,1,6,9,3,8,9,6,1,1,0,5
121,Dokki,8276,4,1,0,10,6,9,6,4,9,0,0,0,8
122,Helwan,16306,1,0,0,6,6,3,4,6,4,0,1,1,8
123,New Capital,38017,1,1,0,8,9,6,7,8,4,0,1,1,9
124,Sheikh Zayed,31742,1,1,1,7,4,5,8,4,2,1,1,0,5
125,Nasr City,35600,5,1,1,5,6,2,7,9,2,1,1,0,9
126,Dokki,21629,1,1,1,3,10,8,9,10,3,0,1,1,4
127,El Obour,12245,4,1,0,6,4,7,2,9,8,0,1,1,10
128,Downtown Cairo,35414,5,1,0,10,8,2,8,7,10,0,1,0,4
129,Al Rehab,47870,4,1,0,4,4,10,10,9,7,0,1,1,6
130,Sheikh Zayed,34098,5,0,1,4,6,5,9,10,6,1,1,1,8
131,El Obour,14588,2,1,0,8,5,2,8,9,5,0,1,1,4
132,Dokki,4442,2,1,0,3,9,9,1,4,5,1,0,0,6
133,Faisal,43744,2,0,0,9,7,2,7,6,8,0,1,0,10
134,Maadi,41443,2,1,0,8,4,3,9,10,2,0,0,0,9
135,Madinaty,15803,5,1,0,9,5,6,8,4,7,0,1,0,8
136,El Obour,44721,1,0,0,7,4,2,6,3,2,0,0,0,9
137,Heliopolis,41145,3,1,0,6,10,2,9,7,5,0,0,1,4
138,El Shorouk,14599,3,0,0,5,5,7,2,3,7,1,0,0,5
139,El Shorouk,11058,2,0,1,9,6,2,4,8,3,0,1,0,7
140,New Capital,21206,1,1,0,3,7,6,8,3,6,1,1,1,7
141,Al Rehab,15894,4,1,1,7,9,6,7,8,5,0,1,0,8
142,Dokki,6939,1,1,1,7,5,3,9,10,4,0,1,0,9
143,Zamalek,26149,4,0,0,6,3,4,3,8,7,0,0,1,9
144,Zamalek,5031,3,1,0,3,4,4,6,7,8,1,1,0,10
145,New Capital,14208,1,0,0,6,5,4,7,9,3,0,1,1,10
146,El Obour,4562,1,1,0,4,7,4,3,7,7,0,1,0,6
147,6th of October,47498,3,1,0,8,10,5,6,6,2,0,1,0,10
148,New Cairo,24951,1,1,0,8,7,2,9,6,5,1,1,1,9
149,Dokki,32351,4,0,0,9,10,5,5,6,7,0,1,0,9
150,Heliopolis,22680,1,1,0,10,7,5,2,3,4,0,1,0,8
151,Mohandeseen,25586,4,1,0,2,9,9,8,8,10,0,1,0,9
152,6th of October,13308,2,0,1,5,8,5,7,4,4,0,1,0,6
153,Nasr City,13609,1,0,0,7,5,6,7,5,5,0,1,0,5
154,Zamalek,33495,4,1,0,8,5,5,10,4,6,1,0,0,10
155,Faisal,21675,3,1,0,6,6,6,4,5,9,0,1,1,7
156,Madinaty,32064,2,1,0,7,9,4,7,10,3,1,1,0,10
157,El Shorouk,12720,1,0,0,2,3,4,3,5,5,1,1,0,9
158,Downtown Cairo,46940,4,1,0,6,8,9,10,5,3,1,1,1,4
159,6th of October,18457,1,0,0,3,5,2,4,5,4,0,1,1,6
160,New Capital,6939,4,1,0,3,8,4,8,7,4,1,1,0,10
161,Helwan,42203,1,1,0,2,6,3,3,6,8,0,1,0,9
162,Helwan,27365,2,1,0,10,9,7,1,7,6,0,0,1,4
163,New Capital,9392,2,1,1,5,4,9,7,10,3,1,1,0,6
164,El Shorouk,29905,1,1,0,5,3,7,8,3,7,1,1,0,4
165,Dokki,11972,1,1,0,10,8,5,8,7,5,0,0,1,7
166,Maadi,34653,5,0,0,6,7,4,1,10,3,0,1,0,9
167,New Cairo,30329,1,0,0,5,3,5,9,6,4,0,1,0,8
168,Helwan,23184,1,0,0,8,10,9,2,4,3,1,1,1,7
169,Nasr City,18799,2,1,0,6,4,10,1,9,5,1,0,0,6
170,Helwan,19052,1,1,1,9,9,9,2,6,4,0,0,0,7
171,Helwan,10044,3,1,0,4,9,10,1,4,9,0,1,0,8
172,Helwan,23871,1,0,0,9,5,9,5,3,5,0,0,0,8
173,Maadi,27767,5,0,0,7,5,6,10,9,4,0,1,1,9
174,Maadi,24234,4,0,0,10,8,6,6,5,10,1,1,1,9
175,Nasr City,25381,2,0,0,7,6,2,8,8,10,0,1,0,9
176,Zamalek,21274,3,1,0,5,5,9,10,7,4,0,1,0,4
177,Zamalek,26304,4,0,1,3,5,3,8,10,5,0,1,0,5
178,Faisal,21572,3,0,0,4,3,7,4,8,8,1,1,0,9
179,Maadi,42412,2,0,0,8,4,7,3,5,4,0,0,0,5
180,El Shorouk,29965,5,1,1,6,7,5,5,3,10,0,1,0,6
181,Heliopolis,22384,2,1,1,8,7,10,8,3,8,0,1,0,6
182,Sheikh Zayed,21855,3,1,0,8,6,4,9,4,7,0,1,1,10
183,Al Rehab,21920,3,0,1,7,9,9,8,4,7,1,1,1,5
184,Helwan,20702,2,1,1,3,9,3,7,8,9,0,1,1,6
185,Heliopolis,41921,1,1,1,6,4,6,4,3,10,0,1,0,8
186,Nasr City,5894,2,0,1,7,3,7,2,10,4,0,1,0,5
187,New Capital,34985,5,0,1,9,9,3,10,6,4,0,1,0,4
188,Maadi,32287,2,0,0,2,10,8,10,5,9,0,1,0,7
189,Heliopolis,11991,4,1,1,8,7,6,2,7,4,1,1,0,4
190,Al Rehab,19439,1,0,0,6,10,5,10,10,5,1,1,0,8
191,Shoubra,33084,4,1,0,8,10,5,8,3,8,0,1,1,8
192,Shoubra,46235,2,0,0,4,10,3,10,7,8,0,0,0,7
193,Zamalek,31659,1,1,1,5,9,10,6,3,3,0,1,0,4
194,6th of October,28976,4,0,0,3,6,2,5,4,3,0,0,1,8
195,Heliopolis,42703,4,1,1,7,10,2,3,10,5,0,1,0,9
196,Shoubra,21107,1,1,0,6,5,5,7,4,6,0,1,0,7
197,New Cairo,6329,1,1,0,2,5,4,7,9,7,0,1,0,9
198,New Capital,46095,3,0,0,2,9,10,7,3,8,1,1,0,4
199,Sheikh Zayed,6770,1,0,0,9,8,8,10,7,4,0,1,1,9
200,Faisal,8846,2,1,1,9,3,3,8,5,2,0,1,1,8
201,New Cairo,20651,5,0,0,7,7,5,10,10,3,0,1,0,5
202,Faisal,18633,3,1,0,10,8,6,1,3,2,0,0,0,7
203,New Capital,17628,1,1,0,2,8,5,8,3,3,0,1,0,9
204,Dokki,4569,5,1,1,9,8,5,7,10,7,0,1,0,5
205,New Capital,5973,3,0,1,3,5,5,7,9,8,0,1,0,7
206,6th of October,39590,2,1,0,9,6,9,10,9,9,0,1,0,8
207,Zamalek,37038,5,1,0,4,9,8,3,10,9,0,0,0,8
208,Mohandeseen,11641,1,1,0,7,6,5,3,6,8,0,0,0,5
209,Dokki,12930,1,1,0,8,7,2,4,9,3,0,1,1,7
210,Haram,10680,2,1,0,4,10,7,5,9,10,1,1,0,6
211,Mohandeseen,5257,3,1,1,3,8,6,5,3,6,0,0,0,4
212,Zamalek,12250,5,1,1,2,3,6,5,9,5,0,1,0,4
213,Al Rehab,42138,2,1,0,6,6,7,9,9,3,1,1,0,4
214,Haram,32757,3,1,1,2,4,9,1,8,9,1,0,0,4
215,Madinaty,8858,4,1,0,2,6,7,8,4,5,1,1,1,8
216,New Cairo,45349,4,0,0,6,10,7,7,9,2,1,1,1,7
217,Dokki,17491,3,1,0,4,10,8,5,6,7,0,0,0,5
218,Shoubra,29294,1,1,0,4,3,9,8,9,5,0,0,0,9
219,Shoubra,49204,1,1,0,8,10,5,8,6,8,0,1,0,10
220,New Capital,49638,4,1,0,4,8,8,8,4,8,1,1,0,5
221,Helwan,10908,1,0,1,3,6,9,3,10,6,0,1,0,8
222,Maadi,14844,1,1,1,4,8,7,10,9,10,1,1,0,8
223,Zamalek,41629,3,1,0,5,5,10,8,4,8,1,0,0,4
224,Shoubra,6911,3,1,0,10,3,7,2,8,6,0,1,0,6
225,El Shorouk,12991,1,0,0,3,5,5,9,4,9,1,0,1,9
226,Nasr City,15572,3,1,0,7,5,7,6,7,3,1,0,0,4
227,Nasr City,47066,5,1,1,6,7,3,10,8,7,0,1,0,8
228,6th of October,33693,4,1,0,7,9,9,4,10,9,0,0,0,9
229,6th of October,44004,5,1,0,6,8,7,4,6,8,0,0,1,5
230,New Cairo,42333,5,1,0,7,8,5,8,5,5,0,1,0,7
231,Faisal,21493,1,1,1,5,8,8,5,5,2,0,1,0,4
232,Shoubra,43697,1,1,0,9,8,9,6,8,4,0,1,0,6
233,Shoubra,21634,5,0,1,10,9,4,10,7,6,0,0,0,4
234,New Cairo,28561,5,0,0,8,3,4,7,5,7,0,1,1,6
235,New Capital,22033,2,1,0,2,5,4,8,6,4,1,1,1,4
236,Zamalek,11351,2,0,0,6,7,4,8,10,3,1,0,0,9
237,New Capital,29921,4,1,1,8,7,3,10,4,4,1,1,0,6
238,Al Rehab,23340,5,1,0,6,5,6,10,9,6,1,1,0,5
239,Helwan,18901,3,1,0,6,5,7,3,6,4,0,1,0,9
240,Mohandeseen,14638,2,1,0,6,4,2,3,8,9,0,0,1,10
241,Sheikh Zayed,42596,1,1,0,6,3,7,7,9,8,1,1,1,7
242,Heliopolis,25378,5,0,1,6,7,8,6,7,10,1,1,0,9
243,Mohandeseen,48324,3,1,1,2,10,3,10,7,4,0,1,0,5
244,New Capital,26820,3,0,1,7,3,2,9,3,9,1,1,0,4
245,New Cairo,29060,3,1,0,7,8,8,9,7,10,1,1,0,7
246,Shoubra,36642,1,1,0,9,7,7,3,9,9,0,0,0,6
247,New Cairo,29378,2,0,1,6,6,4,7,9,6,1,1,1,5
248,Haram,12150,3,0,1,3,6,3,1,7,7,1,0,0,7
249,Mokattam,46875,2,1,0,8,7,3,5,10,10,0,1,0,10
250,Haram,28059,4,1,0,2,4,3,7,9,3,1,0,0,4
251,Maadi,38525,1,1,1,6,10,9,1,8,10,0,0,0,7
252,New Cairo,22193,2,1,0,6,10,2,10,6,2,0,1,0,9
253,Shoubra,47967,2,1,0,4,6,4,4,6,7,0,1,0,8
254,6th of October,31801,3,1,0,3,9,9,2,10,2,0,1,0,6
255,Sheikh Zayed,30246,3,0,1,5,8,7,8,7,2,1,1,0,6
256,Zamalek,16807,1,1,0,8,8,8,1,10,4,0,1,0,7
257,Sheikh Zayed,21535,2,1,0,4,9,3,9,9,5,1,1,0,5
258,Zamalek,9492,5,1,1,7,3,10,6,6,5,1,1,1,7
259,Mokattam,35357,3,1,0,8,10,8,7,6,6,0,0,0,7
260,Shoubra,10302,3,0,1,3,10,4,1,8,7,0,0,0,4
261,New Capital,36314,4,1,0,4,5,10,7,8,5,0,1,0,10
262,Mohandeseen,8747,1,1,1,10,3,4,3,9,8,0,0,0,7
263,Dokki,45170,2,0,0,2,8,9,7,10,3,0,1,0,6
264,New Cairo,14686,2,0,0,9,3,8,10,7,9,0,1,1,4
265,Helwan,41449,2,0,0,2,8,4,10,4,5,1,0,0,7
266,Zamalek,22891,3,1,0,4,10,6,9,7,7,0,1,0,7
267,Shoubra,40196,1,1,0,7,3,8,6,9,2,0,1,0,6
268,El Shorouk,33928,2,1,0,9,8,4,8,5,3,0,1,0,10
269,Faisal,11494,5,0,0,8,7,3,9,6,5,0,0,0,4
270,Mokattam,40723,4,0,0,4,7,10,7,9,10,0,1,0,8
271,Heliopolis,33877,4,1,0,7,3,3,9,10,2,0,1,0,7
272,Heliopolis,31981,2,0,0,2,5,4,10,3,2,0,1,0,8

273,El Obour,18026,3,1,0,9,4,2,4,7,8,1,1,0,6
274,Faisal,24422,4,0,0,10,8,2,9,4,9,1,1,0,5
275,Mohandeseen,13244,4,0,0,10,10,2,9,4,8,1,1,0,5
276,Maadi,37481,4,1,0,5,4,4,2,6,4,1,0,0,7
277,Zamalek,27644,4,1,0,5,6,7,9,7,9,0,1,0,7
278,Downtown Cairo,47848,2,0,1,8,9,4,3,9,9,0,0,1,10
279,Zamalek,12521,1,1,0,8,6,5,7,7,6,0,0,0,6
280,Nasr City,5746,1,0,0,7,10,3,3,8,9,0,1,1,4
281,Shoubra,21591,3,1,0,8,5,8,5,5,3,1,0,0,10
282,Faisal,30718,5,1,0,2,9,5,2,8,10,1,1,0,7
283,Sheikh Zayed,6696,1,0,1,10,9,2,9,9,6,0,1,0,10
284,New Cairo,16012,5,0,1,7,3,5,8,7,4,1,1,0,9
285,Helwan,18688,1,0,1,9,8,5,3,8,7,0,0,0,5
286,Helwan,27457,1,1,1,6,7,4,10,5,7,1,1,1,6
287,El Shorouk,9036,3,1,0,8,6,9,4,4,4,0,1,0,9
288,Mokattam,43895,4,0,0,4,9,8,10,7,8,0,0,0,10
289,Heliopolis,33960,3,0,0,2,9,4,6,8,9,1,1,0,4
290,New Cairo,40486,1,1,1,8,3,5,10,8,3,1,1,0,6
291,6th of October,26159,4,1,0,6,10,9,3,6,2,0,1,0,9
292,Nasr City,11910,4,1,0,2,4,4,3,5,10,0,0,0,7
293,Helwan,6693,4,1,0,10,10,6,9,10,3,0,1,1,10
294,Mokattam,19858,5,0,0,10,5,6,10,5,9,1,0,0,5
295,New Cairo,32810,1,1,0,7,10,6,7,6,3,0,1,1,10
296,Zamalek,24092,2,1,0,10,7,6,4,3,4,1,0,0,6
297,New Capital,27243,3,0,0,8,10,10,10,10,6,1,1,0,5
298,Zamalek,34505,5,1,0,9,7,6,8,6,3,1,1,0,10
299,New Cairo,11692,3,1,0,3,10,10,7,5,10,1,1,1,7
300,Haram,32555,2,1,0,3,6,10,6,6,4,0,0,0,10
301,Madinaty,10398,4,0,0,5,3,5,9,5,8,0,1,0,6
302,New Cairo,11252,2,1,0,2,7,10,10,8,3,0,1,1,4
303,Mohandeseen,15721,3,1,1,9,4,3,10,3,3,0,0,0,7
304,Mokattam,21939,2,1,0,6,4,4,1,7,8,0,1,1,5
305,Haram,15825,1,1,0,8,10,2,7,9,2,0,0,1,7
306,Downtown Cairo,29251,2,1,0,3,5,8,10,4,4,1,1,0,10
307,Maadi,40955,1,1,0,6,5,10,1,3,3,0,0,0,4
308,Madinaty,28151,2,0,1,10,4,4,9,7,5,1,1,0,9
309,Maadi,4036,1,1,0,10,4,9,9,8,5,0,1,0,8
310,Helwan,32412,1,1,1,3,10,2,6,6,2,1,1,1,8
311,Mohandeseen,22171,2,1,0,3,3,7,8,9,6,0,1,0,7
312,Zamalek,43051,5,0,0,6,7,7,9,5,8,0,0,0,6
313,6th of October,36761,4,1,1,4,3,6,7,10,10,1,1,0,8
314,Al Rehab,19202,4,0,0,2,5,5,7,9,5,1,1,0,10
315,Shoubra,12060,4,0,0,2,5,4,4,8,7,0,1,0,7
316,Dokki,12065,1,0,1,6,5,5,5,8,10,0,1,0,9
317,Madinaty,33873,4,1,0,4,9,8,10,3,2,0,1,1,7
318,New Cairo,40648,1,0,0,10,7,8,8,6,2,1,1,0,4
319,Haram,9932,5,1,0,4,6,4,8,8,9,0,1,0,4
320,El Obour,30470,2,0,1,4,10,4,7,9,10,0,0,0,7
321,Dokki,12328,2,1,1,4,5,4,4,7,2,1,1,1,4
322,Sheikh Zayed,10333,1,1,0,2,5,6,10,8,8,0,1,1,4
323,El Obour,15268,1,1,1,4,3,2,1,10,6,0,1,0,6
324,New Capital,9067,5,1,0,6,3,8,7,4,9,1,1,0,6
325,Zamalek,48843,4,1,0,9,6,9,7,3,7,0,1,1,7
326,Mohandeseen,21045,5,1,0,8,8,8,8,9,5,0,1,0,9
327,Mokattam,44741,2,1,1,5,6,9,7,10,4,0,1,0,5
328,Shoubra,26770,2,1,1,5,6,10,4,9,4,0,1,1,9
329,Mokattam,46770,4,1,0,5,6,5,7,4,2,0,1,1,6
330,El Shorouk,11887,2,0,0,9,3,4,6,6,3,1,1,0,4
331,Faisal,37182,1,1,1,9,5,8,8,7,10,0,1,1,6
332,Downtown Cairo,36370,2,1,1,3,3,10,9,8,6,0,1,1,6
333,Maadi,43618,3,0,0,8,9,10,1,3,8,0,1,0,5
334,Maadi,28918,4,1,0,6,4,9,2,8,5,1,1,0,5
335,Faisal,39497,4,1,1,3,4,4,8,9,3,0,1,0,9
336,Helwan,32026,4,1,1,4,8,7,7,7,6,0,1,0,6
337,New Capital,15929,3,0,1,8,5,3,9,5,10,0,1,1,4
338,Madinaty,40665,5,1,0,7,6,7,9,9,10,1,1,0,9
339,Heliopolis,38937,1,1,1,7,5,6,7,7,9,0,0,0,10
340,Downtown Cairo,17563,4,0,1,8,4,5,4,10,6,1,1,0,8
341,Al Rehab,32546,2,1,0,7,10,4,8,7,8,1,1,1,5
342,Nasr City,16888,1,1,1,3,8,9,10,8,2,0,0,0,9
343,Zamalek,41338,2,1,1,9,5,7,2,7,5,0,1,0,9
344,Mohandeseen,38283,1,1,0,8,6,10,1,8,8,0,1,0,7
345,El Shorouk,20958,1,1,0,7,9,4,8,3,4,1,1,0,6
346,El Shorouk,16634,2,1,0,6,9,6,5,9,5,0,0,1,4
347,Nasr City,23251,2,1,0,7,9,5,10,3,2,0,1,0,10
348,Dokki,23928,1,1,0,4,10,7,4,10,9,0,0,0,9
349,Sheikh Zayed,41245,4,1,0,3,8,3,7,3,3,0,1,1,7
350,Heliopolis,20455,2,1,1,10,8,7,5,4,2,0,1,0,10
351,El Obour,31144,3,1,0,2,10,4,10,8,4,0,1,0,6
352,New Capital,32013,3,0,1,3,3,9,9,10,4,0,1,1,4
353,Downtown Cairo,25876,1,1,0,2,6,7,9,6,8,0,1,0,10
354,New Cairo,30962,5,0,0,9,3,9,9,9,3,1,1,1,5
355,Mohandeseen,32084,1,0,0,5,9,8,7,6,8,1,0,0,7
356,New Capital,46319,1,1,0,7,4,7,10,7,2,1,1,0,10
357,Shoubra,25143,4,1,0,6,9,10,5,4,5,0,1,0,4
358,El Obour,30091,4,1,0,9,7,10,7,6,9,0,1,1,4
359,Haram,18179,5,1,1,8,10,5,8,10,8,0,0,0,4
360,Madinaty,36807,5,0,1,2,5,9,7,3,6,1,1,1,6
361,Faisal,14222,5,1,1,9,10,4,8,5,8,0,0,0,7
362,Helwan,27949,5,1,1,5,10,6,7,8,10,1,1,0,9
363,Faisal,20116,5,1,0,8,7,4,3,5,2,0,1,1,6
364,Nasr City,41564,1,0,0,4,6,5,8,6,3,0,1,0,7
365,6th of October,41374,1,1,0,3,3,6,4,4,2,0,1,0,8
366,El Shorouk,21667,3,1,1,2,10,9,2,6,6,0,0,0,6
367,Zamalek,12775,3,1,0,6,6,9,9,3,4,1,1,0,7
368,Zamalek,33655,2,0,0,4,6,4,8,4,2,1,0,1,5
369,Downtown Cairo,18193,1,1,0,4,4,9,4,5,2,1,1,0,4
370,Maadi,18676,5,0,0,9,6,5,3,8,8,0,1,0,6
371,Shoubra,34776,2,1,0,2,5,3,3,10,3,0,0,1,8
372,Mohandeseen,47225,4,1,0,3,4,4,6,7,10,0,0,0,9
373,El Obour,21199,1,0,0,2,7,9,2,3,8,0,1,0,10
374,Zamalek,19066,3,1,0,8,6,6,3,9,2,1,0,0,9
375,Shoubra,22895,1,1,0,5,7,3,1,9,2,0,1,0,10
376,Dokki,4246,1,0,0,4,5,8,10,10,5,1,1,0,7
377,Nasr City,25209,1,0,0,4,5,6,5,4,4,1,1,0,4
378,New Cairo,43284,1,0,1,4,5,7,10,7,7,1,1,0,8
379,El Shorouk,20800,4,0,0,3,9,3,7,3,9,0,0,1,10
380,Shoubra,27086,3,0,1,6,10,8,9,10,8,0,1,0,5
381,Faisal,24101,1,0,0,2,7,2,5,8,2,0,1,0,6
382,Nasr City,20491,4,0,0,6,7,6,2,8,7,0,0,0,9
383,Mokattam,31207,2,1,0,9,3,10,2,5,10,0,1,0,4
384,Nasr City,45798,1,1,0,8,4,8,4,9,10,0,0,0,7
385,Downtown Cairo,24897,4,1,0,4,8,10,10,4,3,0,0,0,10
386,Helwan,33492,5,1,0,10,6,10,9,6,9,0,0,0,10
387,Mokattam,5421,2,0,0,8,4,2,2,4,5,0,1,0,8
388,New Capital,36015,3,1,0,2,5,9,8,4,4,1,1,0,5
389,Nasr City,16970,1,0,0,7,10,8,7,3,8,0,1,0,10
390,El Shorouk,11283,1,1,1,5,10,3,10,6,6,1,1,0,5
391,Shoubra,32488,4,1,0,7,6,4,4,10,7,0,1,0,8
392,Shoubra,19945,3,0,1,4,3,7,7,10,5,0,0,0,10
393,Dokki,4255,5,1,1,6,4,4,7,10,10,0,1,1,7
394,Sheikh Zayed,15019,2,1,1,4,5,9,7,5,4,1,1,0,10
395,Zamalek,19487,3,1,0,8,6,5,2,9,6,0,1,0,5
396,Nasr City,45797,1,0,0,6,9,8,2,7,3,0,1,0,10
397,Madinaty,23346,4,0,1,5,6,5,9,5,5,1,1,0,6
398,Nasr City,39050,5,1,0,8,5,3,1,6,8,0,1,1,6
399,Sheikh Zayed,12744,4,0,0,8,7,8,10,8,6,0,1,0,4
400,Maadi,28756,2,1,0,10,9,9,7,7,7,1,0,0,8
401,New Capital,21861,3,1,0,4,4,2,10,4,6,0,1,1,9
402,Madinaty,29146,4,1,1,9,9,6,9,9,8,0,1,0,4
403,Faisal,46687,4,0,1,8,10,9,9,10,10,1,1,0,6
404,Zamalek,25976,1,0,1,10,6,2,7,7,8,0,0,0,6
405,Nasr City,4591,4,0,0,3,7,4,5,9,4,0,1,0,9
406,El Obour,10277,5,1,0,7,3,3,5,4,8,0,1,0,5
407,Sheikh Zayed,6260,3,1,0,6,6,4,10,8,4,0,1,0,4
408,Shoubra,47907,2,1,0,4,6,4,10,6,5,0,1,1,9
409,Shoubra,4347,4,1,0,8,9,4,6,5,7,0,0,0,6
410,Maadi,28741,5,1,0,6,10,2,8,3,8,0,1,1,9
411,Helwan,41211,2,1,0,7,3,4,10,7,9,0,1,0,4
412,New Capital,47856,5,0,0,5,3,3,8,3,10,1,1,1,8
413,El Shorouk,45542,4,0,1,8,8,10,9,8,2,0,1,0,10
414,Haram,10869,4,0,1,8,8,9,6,9,5,1,1,0,9
415,New Cairo,32082,3,1,0,6,6,7,8,3,4,1,1,0,5
416,Zamalek,26080,1,1,0,8,5,8,9,7,7,1,1,0,8
417,Zamalek,32979,5,0,1,8,10,2,2,3,7,1,0,0,9
418,Faisal,23422,1,1,1,9,3,8,5,3,9,0,1,0,9
419,Al Rehab,39613,1,0,1,2,7,9,8,3,5,0,1,0,5
420,Nasr City,26993,2,0,0,5,3,9,4,5,5,0,1,0,10
421,El Shorouk,16386,2,1,0,2,6,7,2,4,2,0,1,0,5
422,New Cairo,38033,5,1,0,4,6,8,10,10,4,1,1,0,4
423,Zamalek,49213,1,0,0,9,4,3,10,5,4,0,1,1,5
424,Zamalek,16938,3,1,0,8,7,5,7,8,9,0,1,0,7
425,Mohandeseen,15159,1,1,1,4,4,9,2,8,9,0,0,0,7
426,Madinaty,6274,2,0,0,5,3,5,7,5,9,0,1,0,6
427,Al Rehab,22854,1,1,1,3,4,9,8,8,10,1,1,1,8
428,El Shorouk,35815,4,0,0,3,6,5,9,4,9,1,0,0,4
429,El Obour,14482,4,0,0,6,9,10,7,4,7,0,1,0,10
430,El Shorouk,22961,3,0,0,3,5,2,3,8,6,0,0,0,10
431,Mokattam,24044,5,0,0,8,3,7,10,3,5,0,0,0,9
432,Maadi,37836,1,0,1,2,6,2,4,9,4,0,1,0,6
433,Faisal,25975,4,0,0,10,3,7,7,5,8,0,0,0,6
434,Haram,18706,5,1,1,2,4,5,1,10,10,0,0,0,9
435,New Cairo,9974,4,1,1,2,10,9,8,7,2,1,1,1,4
436,Helwan,14928,5,0,1,10,4,9,1,7,3,0,1,0,9
437,Mohandeseen,25213,5,0,0,8,8,10,5,3,9,0,1,0,10
438,Madinaty,5950,4,0,0,5,3,8,7,10,5,1,1,0,10
439,Maadi,23477,2,1,0,4,8,9,9,5,9,1,1,0,4
440,Faisal,14411,5,0,0,6,3,4,3,3,7,1,1,0,4
441,6th of October,25695,1,1,1,3,4,5,5,5,2,0,1,0,5
442,Dokki,21771,4,1,0,7,3,5,8,10,7,1,1,0,8
443,Sheikh Zayed,8274,2,1,1,7,8,7,10,3,2,1,1,0,4
444,Haram,39053,4,1,1,2,4,8,9,9,9,0,0,1,10
445,El Obour,11045,3,0,1,10,8,10,3,4,2,0,1,0,8
446,Al Rehab,33714,1,1,0,2,3,7,8,7,6,1,1,1,5
447,Sheikh Zayed,38386,3,1,0,7,10,3,8,8,7,1,1,0,9
448,Sheikh Zayed,47747,5,1,0,8,9,8,8,3,9,1,1,1,6
449,Madinaty,12562,5,1,1,9,5,10,7,5,5,1,1,0,10
450,Nasr City,31759,3,0,0,3,3,9,1,8,4,0,1,0,6
451,6th of October,16026,3,1,0,9,3,5,2,8,6,0,1,1,10
452,New Cairo,44611,5,1,0,3,9,3,9,8,9,1,1,1,10
453,Helwan,35589,2,1,0,3,10,9,1,7,9,0,1,0,8
454,New Cairo,46663,1,1,0,10,6,7,9,3,6,0,1,1,7
455,Shoubra,35738,4,0,0,8,5,9,4,6,10,1,1,1,9
456,Sheikh Zayed,30844,3,0,1,9,4,10,10,7,3,1,1,1,5
457,Haram,27447,1,1,0,2,4,4,5,8,5,0,0,1,8
458,Helwan,28879,4,1,1,7,7,9,6,6,2,0,0,0,9
459,Dokki,15966,4,1,0,2,5,9,9,5,9,0,1,0,8
460,Nasr City,21732,3,1,0,6,5,6,1,4,3,0,1,1,10
461,El Shorouk,9289,2,1,1,3,3,7,3,4,9,0,1,0,8
462,Helwan,24012,2,1,0,10,6,6,8,9,9,0,1,1,9
463,El Obour,22812,1,1,1,4,10,7,9,5,9,0,1,1,8
464,New Cairo,39801,1,1,1,8,9,2,9,6,7,1,1,1,8
465,6th of October,45628,5,0,0,3,4,3,10,8,9,0,1,0,10
466,Helwan,44581,2,1,0,5,9,9,5,4,5,0,1,0,9
467,Helwan,27092,1,1,0,4,9,2,3,9,7,0,1,0,10
468,New Capital,29105,5,0,1,2,4,10,10,8,3,1,1,1,10
469,Shoubra,18294,4,1,0,7,9,8,2,4,8,1,1,0,7
470,El Obour,7621,1,0,1,6,6,2,9,6,2,0,1,1,5
471,Faisal,36442,5,1,0,7,10,6,5,9,10,0,1,0,7
472,Helwan,25699,2,1,0,2,8,3,9,3,3,0,1,0,5
473,Sheikh Zayed,6347,4,1,0,9,6,2,7,4,8,0,1,0,7
474,El Shorouk,33486,1,1,0,5,8,2,4,10,7,0,0,1,7
475,6th of October,21110,2,1,1,8,8,6,1,4,3,0,1,1,9
476,Faisal,8923,4,0,0,9,5,5,5,10,7,0,1,1,6
477,El Shorouk,19611,3,1,0,4,8,6,5,10,4,1,1,1,5
478,6th of October,23199,2,1,0,5,6,7,7,3,2,1,1,0,5
479,Dokki,13066,3,1,0,10,6,2,7,6,10,0,1,0,9
480,Mokattam,40047,1,0,0,10,3,3,8,9,8,0,0,0,10
481,New Capital,30754,5,1,0,8,10,3,8,6,10,1,1,0,9
482,Faisal,40575,1,1,0,4,5,6,10,3,5,0,0,0,10
483,Downtown Cairo,28260,2,1,0,5,8,10,3,4,8,1,1,0,9
484,Shoubra,20991,3,1,1,8,10,8,9,10,3,0,1,1,7
485,Nasr City,26553,3,0,0,7,7,5,5,3,2,1,1,0,9
486,New Cairo,28174,4,1,0,7,7,6,7,5,9,1,1,0,9
487,El Shorouk,25957,1,1,0,5,4,8,5,8,8,0,0,1,5
488,New Capital,4634,1,1,1,9,6,10,8,3,6,0,1,0,10
489,Sheikh Zayed,33881,2,1,0,10,10,8,7,8,5,0,1,0,7
490,Shoubra,16771,3,1,1,8,3,3,9,9,3,0,0,0,6
491,Dokki,22298,2,0,0,9,6,5,1,10,7,0,1,0,8
492,El Obour,18340,2,0,0,3,10,5,3,10,6,1,0,0,5
493,Madinaty,37356,3,1,0,5,4,10,10,7,10,0,1,0,5
494,Dokki,39999,2,0,1,4,6,9,9,9,3,1,1,0,4
495,Mokattam,10351,3,1,0,7,10,7,4,6,6,0,0,0,5
496,Nasr City,7838,2,1,0,3,7,9,5,4,4,1,0,0,7
497,New Cairo,5973,5,1,0,8,5,8,8,4,6,1,1,1,10
498,Al Rehab,41812,2,0,0,9,6,9,8,5,6,1,1,0,9
499,Al Rehab,14247,2,1,0,5,8,8,7,4,6,1,1,0,7
500,Haram,48440,5,1,0,9,7,3,7,5,9,0,1,0,8
501,Downtown Cairo,35655,1,1,0,9,7,7,2,5,6,1,1,0,7
502,El Shorouk,47039,3,1,1,4,4,5,6,6,7,0,0,0,4
503,6th of October,10683,4,0,0,2,5,5,7,5,2,0,0,0,5
504,Madinaty,15244,5,1,0,4,10,7,9,6,5,1,1,0,9
505,El Shorouk,33058,1,1,0,2,10,9,5,8,3,0,1,1,5
506,Helwan,43551,2,1,1,3,4,6,1,9,3,0,1,0,8
507,Heliopolis,42362,1,1,1,9,3,4,3,8,2,1,0,0,5
508,Dokki,32371,5,0,1,5,8,2,10,5,7,0,0,0,5
509,Mokattam,7822,2,0,0,10,5,6,9,8,4,0,0,0,8
510,El Obour,32878,1,1,0,8,3,4,6,3,3,1,1,0,10
511,Mohandeseen,40157,4,1,0,4,9,4,5,9,9,0,0,0,4
512,Madinaty,9914,3,0,1,2,5,5,7,6,6,0,1,1,7
513,6th of October,22164,3,1,0,2,7,10,4,7,2,1,0,0,9
514,Haram,31180,5,1,0,2,9,5,5,3,2,1,1,0,5
515,Maadi,7688,2,0,0,4,3,6,2,10,3,0,0,0,10
516,Nasr City,18683,2,1,0,6,5,6,5,5,4,0,1,0,5
517,Nasr City,17080,3,0,1,9,5,2,3,7,3,1,0,0,10
518,Heliopolis,34953,1,1,1,9,3,8,8,6,3,0,1,0,6
519,Faisal,13916,2,1,0,3,9,3,10,7,6,1,1,0,8
520,Mohandeseen,33677,4,0,0,10,9,7,1,9,8,1,1,0,4
521,Shoubra,31360,4,1,0,10,10,5,4,7,2,0,1,0,6
522,El Obour,41805,2,1,0,8,5,6,9,5,2,1,1,0,6
523,Zamalek,17453,2,0,0,6,4,6,1,9,3,0,0,0,7
524,New Capital,26703,3,1,1,6,9,5,9,3,3,0,1,1,5
525,Helwan,12640,5,1,0,9,4,3,6,9,2,0,1,0,4
526,Dokki,33263,3,1,1,9,3,9,2,7,10,0,0,0,4
527,El Obour,36849,5,1,1,6,7,2,1,9,8,0,0,0,10
528,Sheikh Zayed,43046,4,0,1,7,6,10,10,9,8,0,1,0,9
529,Sheikh Zayed,20078,5,0,0,7,3,7,7,9,7,1,1,0,10
530,Heliopolis,27383,3,1,0,7,8,5,5,3,7,0,0,0,10
531,Faisal,19536,2,1,1,6,3,7,5,8,7,0,1,0,8
532,El Shorouk,11410,5,1,1,10,3,10,10,7,3,0,1,0,4
533,Dokki,19926,3,1,1,2,9,10,7,6,8,0,0,0,6
534,Madinaty,38248,4,1,1,4,8,4,8,5,5,1,1,0,8
535,Faisal,35159,5,1,0,8,8,9,4,7,3,0,1,0,9
536,Dokki,46039,4,1,0,10,8,2,4,5,10,1,1,0,8
537,New Cairo,40366,4,0,0,3,3,10,8,8,8,1,1,0,5
538,El Obour,44761,1,0,0,5,4,8,9,8,7,0,0,0,6
539,El Obour,33090,5,0,0,9,3,8,7,3,6,0,0,0,6
540,Haram,24567,3,1,0,6,7,7,8,7,4,0,0,0,4
541,New Capital,47663,5,0,0,9,6,2,10,6,2,1,1,1,8
542,Mohandeseen,19367,5,0,0,3,6,3,7,4,6,0,1,1,7
543,6th of October,44412,4,0,0,9,7,4,9,10,5,0,0,0,10
544,Dokki,48716,4,0,1,7,3,2,6,3,10,0,0,0,9
545,Zamalek,39367,4,0,1,6,9,6,9,10,7,0,0,0,8
546,New Cairo,9813,4,0,1,3,6,6,9,9,8,0,1,1,10
547,El Obour,40621,3,1,0,8,4,7,4,5,4,0,0,0,5
548,Helwan,38269,2,0,0,2,6,8,9,10,8,1,1,0,4
549,Zamalek,45190,1,1,1,7,10,10,2,3,10,0,0,1,10
550,Heliopolis,44318,4,0,0,4,10,8,2,6,10,0,1,0,10
551,Heliopolis,41018,4,1,0,7,8,7,10,8,10,0,0,0,5
552,El Shorouk,43759,1,1,0,2,7,10,8,5,2,0,1,0,4
553,El Obour,20498,4,1,0,2,10,3,10,5,2,0,1,1,4
554,El Obour,29989,2,1,0,3,6,7,6,9,3,0,0,0,9
555,Downtown Cairo,41174,5,0,0,8,7,6,5,5,9,0,1,1,10
556,Shoubra,29568,1,0,0,5,3,7,2,4,9,0,1,0,4
557,Al Rehab,5041,3,1,0,5,9,2,9,9,2,1,1,1,6
558,Nasr City,43695,1,1,1,5,6,6,3,8,7,1,1,0,9
559,Sheikh Zayed,34099,2,1,0,6,7,9,10,8,4,1,1,0,4
560,New Cairo,28364,3,1,0,3,4,4,8,4,2,1,1,1,6
561,Faisal,44639,5,1,0,8,4,4,6,5,6,0,1,0,5
562,New Capital,43143,4,1,1,4,5,8,10,9,3,1,1,1,10
563,Haram,27482,1,1,0,4,6,8,7,4,7,0,1,0,4
564,Downtown Cairo,7676,3,1,0,3,3,3,3,5,5,0,1,0,10
565,6th of October,49785,1,0,0,7,8,9,10,6,9,0,1,0,8
566,Helwan,25781,5,1,1,5,5,6,8,5,2,0,1,0,6
567,Mokattam,34048,1,0,1,5,6,10,8,9,8,0,1,0,6
568,Downtown Cairo,7065,3,1,0,9,4,2,3,4,7,1,0,1,6
569,Zamalek,6036,2,1,1,3,9,5,6,6,10,0,1,0,4
570,New Cairo,39814,3,1,0,8,3,9,9,6,5,1,1,0,4
571,Shoubra,20924,1,1,0,3,4,10,1,4,7,1,1,1,9
572,Al Rehab,36844,5,0,1,7,6,10,10,9,8,1,1,1,9
573,El Shorouk,20407,4,0,0,6,8,2,2,5,9,0,1,1,10
574,Madinaty,25518,4,0,0,9,3,2,8,4,8,0,1,1,6
575,Shoubra,21059,5,1,1,7,3,8,6,3,8,1,1,0,7
576,Mohandeseen,27052,1,1,0,8,5,7,3,4,7,0,1,1,5
577,Heliopolis,8267,5,1,0,7,3,8,4,6,7,0,1,0,5
578,El Shorouk,9988,1,1,0,9,10,9,10,5,2,0,1,0,8
579,Mohandeseen,31974,3,1,0,3,6,7,2,7,10,0,0,0,8
580,Sheikh Zayed,28036,2,1,0,8,8,8,9,10,9,1,1,0,8
581,Mohandeseen,12680,1,1,0,6,8,8,8,5,10,0,1,1,6
582,Haram,5485,4,0,0,10,7,8,5,6,2,0,0,0,4
583,Nasr City,18713,4,1,1,10,7,3,2,8,7,0,0,0,9
584,6th of October,24043,2,0,0,9,3,4,10,5,7,0,1,0,9
585,Sheikh Zayed,6419,1,1,0,9,7,10,9,10,10,0,1,1,5
586,Helwan,40263,2,1,0,5,8,2,2,6,3,0,1,1,5
587,6th of October,21140,3,0,0,9,6,9,4,10,2,0,1,1,5
588,Zamalek,47484,2,0,0,3,5,8,9,7,3,1,1,1,9
589,New Capital,49210,3,0,0,6,4,7,7,9,7,1,1,0,8
590,El Obour,16961,4,0,1,5,4,2,1,8,8,0,1,0,4
591,Shoubra,47075,3,1,0,6,6,10,4,8,8,0,0,1,8
592,El Obour,10487,1,0,0,6,5,3,3,4,4,1,1,1,5
593,Mokattam,35110,1,0,0,6,6,6,1,10,5,0,0,0,9
594,New Cairo,46432,1,1,0,8,3,10,8,10,4,1,1,0,5
595,Heliopolis,20360,1,1,0,2,5,9,10,8,10,1,1,1,5
596,Haram,40843,5,1,0,3,8,5,1,10,4,0,1,0,9
597,Faisal,28882,3,1,1,8,7,9,1,3,7,0,0,1,8
598,Nasr City,21502,1,1,1,2,3,10,7,9,7,0,0,0,6
599,Downtown Cairo,11631,2,0,1,10,7,6,1,5,6,0,1,0,6
600,Maadi,7017,2,1,1,4,3,2,3,7,6,1,1,1,6
601,Madinaty,24725,5,1,0,7,3,7,7,5,9,1,1,0,4
602,Haram,28762,3,0,0,5,3,5,3,3,10,0,0,1,4
603,El Obour,4784,3,1,0,4,9,7,6,3,9,1,1,1,5
604,Nasr City,32020,3,1,0,9,3,2,9,3,9,0,1,0,5
605,Zamalek,42459,5,1,1,3,9,5,2,7,4,1,0,0,9
606,Zamalek,19765,3,1,0,4,5,6,7,8,7,0,0,1,7
607,Haram,35127,3,1,1,9,10,7,4,3,10,0,0,0,6
608,Downtown Cairo,7196,1,1,1,4,10,6,6,3,6,0,1,0,9
609,Helwan,13552,3,1,1,9,5,3,10,10,5,1,1,0,8
610,Al Rehab,45300,1,1,1,8,3,4,7,10,10,1,1,1,10
611,Helwan,35921,1,0,0,3,6,6,6,8,6,0,1,0,8
612,El Obour,8746,3,0,0,2,3,8,8,3,7,0,1,0,9
613,Zamalek,6999,2,0,0,2,3,5,7,3,8,0,1,0,7
614,Maadi,48070,4,0,1,3,6,7,5,8,9,0,1,1,6
615,6th of October,19595,2,1,0,8,10,10,7,7,4,0,1,0,9
616,New Cairo,26063,3,1,0,10,6,8,9,5,2,1,1,0,10
617,Zamalek,10200,3,1,0,8,3,4,5,7,6,1,0,1,5
618,Shoubra,42164,2,1,0,4,4,6,9,8,10,0,1,0,10
619,Heliopolis,27377,3,1,0,9,4,10,4,7,10,1,0,0,6
620,Helwan,17410,1,1,1,9,6,6,7,3,5,0,1,0,6
621,Nasr City,49971,5,1,0,10,3,4,7,4,4,1,0,1,8
622,Nasr City,7598,3,0,0,10,8,9,3,8,6,1,1,0,9
623,Heliopolis,14564,3,1,0,10,10,8,8,5,3,0,0,0,8
624,New Cairo,49516,2,1,0,5,7,6,9,9,3,0,1,0,5
625,Nasr City,34898,1,0,0,5,7,6,5,5,7,0,1,0,5
626,Nasr City,24598,2,1,0,3,3,2,1,9,6,0,1,0,8
627,Madinaty,44404,2,0,0,9,3,9,8,4,10,1,1,1,9
628,Madinaty,21862,3,0,0,3,3,7,10,9,5,0,1,0,7
629,Faisal,14265,1,0,1,4,7,6,2,5,2,0,1,0,10
630,Helwan,13705,3,1,1,10,7,8,2,8,7,0,0,0,7
631,Mokattam,29544,3,1,0,3,6,3,6,3,9,0,0,0,4
632,6th of October,18298,3,1,0,2,10,4,5,3,8,0,1,0,7
633,Mokattam,36670,3,0,0,6,5,10,2,3,4,0,1,0,8
634,Zamalek,46471,5,1,0,8,6,6,5,3,5,1,1,1,6
635,Faisal,44934,4,1,0,5,6,7,4,6,6,1,1,0,5
636,El Obour,10050,1,1,0,5,9,9,6,3,4,0,1,1,6
637,El Obour,47952,5,0,1,4,10,4,1,6,9,0,1,0,6
638,Sheikh Zayed,25034,4,0,0,7,4,2,7,8,10,1,1,0,10
639,Zamalek,49480,4,0,1,9,8,5,5,5,8,1,1,1,9
640,Helwan,12484,4,1,0,3,6,3,8,5,9,1,1,1,6
641,Mohandeseen,35323,5,0,0,7,10,10,2,6,3,0,1,0,9
642,Maadi,24796,1,0,0,9,6,5,8,5,4,0,1,0,10
643,Mohandeseen,33069,2,0,1,2,6,10,8,7,5,0,1,0,4
644,Dokki,25827,4,1,0,5,9,8,6,4,3,0,1,0,10
645,Maadi,39361,2,1,1,2,9,8,5,7,4,1,0,0,6
646,New Cairo,14315,2,1,0,5,10,2,7,6,9,0,1,0,7
647,Haram,30519,3,1,0,10,6,3,6,4,8,1,1,0,5
648,El Shorouk,13107,2,0,0,7,5,8,9,8,7,0,1,0,10
649,Zamalek,7869,3,0,0,7,4,6,2,6,7,0,1,1,9
650,El Shorouk,19447,1,0,0,6,7,8,6,3,3,1,0,1,6
651,Nasr City,31370,1,0,0,4,10,4,7,4,9,0,0,1,5
652,Helwan,11971,3,1,0,3,8,9,1,6,7,0,1,0,4
653,Shoubra,35269,1,1,0,10,3,5,9,3,6,0,1,0,9
654,Downtown Cairo,29651,4,1,1,10,7,9,8,5,6,0,1,0,7
655,Downtown Cairo,39757,1,0,0,8,4,7,5,10,3,0,1,0,9
656,Nasr City,27446,3,0,0,3,6,10,5,6,3,0,1,0,5
657,Mokattam,42108,4,0,1,5,7,7,9,8,8,0,0,0,7
658,Maadi,13643,2,1,0,9,6,5,2,4,6,1,0,1,4
659,Al Rehab,7823,2,0,0,7,10,4,9,5,8,1,1,0,7
660,Faisal,17454,2,1,1,6,8,5,4,6,9,1,1,0,10
661,Dokki,7932,3,1,0,3,5,8,4,6,5,1,1,0,8
662,Heliopolis,14220,2,1,1,2,10,9,8,5,6,0,1,0,10
663,Maadi,12554,1,0,0,2,5,3,3,8,2,0,1,1,5
664,Heliopolis,6429,2,0,0,2,8,10,8,9,7,1,1,0,6
665,Haram,32208,5,0,0,7,8,8,10,9,2,1,1,0,8
666,Maadi,11444,5,1,0,5,4,8,5,8,4,0,1,0,4
667,Haram,14510,2,0,0,10,8,5,2,10,4,1,1,1,10
668,Downtown Cairo,48045,2,1,0,10,7,8,5,3,8,0,1,0,6
669,Faisal,14537,5,1,0,4,5,3,4,4,3,0,1,0,7
670,Maadi,11147,2,0,0,7,8,4,9,8,10,1,1,0,5
671,New Capital,44399,4,0,0,7,4,3,8,3,5,1,1,1,4
672,Heliopolis,7598,5,0,0,2,10,6,3,9,7,0,1,0,7
673,Zamalek,41097,3,0,0,10,9,2,2,4,7,0,1,0,9
674,Downtown Cairo,10718,5,0,0,5,4,3,7,9,3,0,1,0,9
675,Madinaty,46691,1,1,0,7,9,7,8,10,5,1,1,0,9
676,Faisal,17782,4,1,0,9,9,7,5,5,3,0,1,0,5
677,Helwan,4051,3,0,0,2,4,9,5,3,2,0,1,0,8
678,Nasr City,20702,2,1,0,9,7,10,4,8,8,0,0,0,4
679,Sheikh Zayed,14184,1,0,0,7,8,10,9,10,6,0,1,1,4
680,Madinaty,16468,1,1,0,2,7,8,7,7,6,0,1,0,10
681,Helwan,26072,4,1,0,10,4,2,4,7,4,0,1,0,9
682,Madinaty,19479,3,1,0,10,3,5,10,6,2,1,1,0,8
683,Helwan,32467,1,0,0,9,10,8,7,3,4,0,1,0,9
684,New Capital,27402,3,1,1,8,9,3,10,8,10,1,1,0,6
685,Nasr City,11210,3,1,0,2,9,10,2,6,5,0,1,0,8
686,Maadi,49702,1,0,0,2,8,2,2,8,6,0,1,0,6
687,Heliopolis,40724,3,1,0,9,8,10,8,3,7,0,1,0,8
688,Maadi,10057,4,1,1,9,7,8,9,4,10,0,1,0,10
689,El Obour,34916,1,0,1,2,7,7,2,10,6,0,1,0,8
690,Al Rehab,31268,4,1,0,9,3,8,9,4,8,1,1,1,4
691,Al Rehab,47978,4,1,0,9,7,3,8,10,10,0,1,1,6
692,Shoubra,27259,3,0,0,4,7,3,7,5,2,0,0,0,7
693,Al Rehab,17864,3,0,1,2,8,4,10,9,3,1,1,0,10
694,Faisal,38293,1,0,0,4,5,7,3,7,6,0,1,0,7
695,Downtown Cairo,11043,2,0,0,9,3,2,10,7,6,0,1,0,5
696,Shoubra,45473,1,0,1,9,9,5,3,5,10,0,0,0,4
697,Al Rehab,42893,4,0,0,8,5,9,10,5,8,1,1,1,4
698,Shoubra,44642,3,0,0,3,8,9,1,5,10,0,1,0,10
699,Mohandeseen,16529,4,1,1,6,10,6,8,8,8,1,1,0,4
700,Sheikh Zayed,34868,5,1,1,9,3,8,10,5,7,0,1,0,5
701,Mohandeseen,30309,5,0,0,4,3,6,7,3,7,1,1,0,5
702,Sheikh Zayed,27284,4,0,1,7,3,5,10,5,2,0,1,0,4
703,New Cairo,39268,2,0,1,3,7,7,10,6,8,1,1,1,6
704,New Cairo,7464,2,0,1,9,4,9,10,9,5,0,1,0,4
705,Haram,22643,1,0,0,10,6,2,10,5,4,1,1,1,4
706,Faisal,33265,1,1,0,2,4,4,6,3,2,0,1,0,4
707,Faisal,19954,1,0,0,5,7,5,6,7,8,0,1,0,8
708,Nasr City,27880,3,0,1,7,7,6,6,10,10,0,1,1,7
709,Haram,23043,2,1,0,3,9,2,6,7,2,0,1,0,10
710,Madinaty,4255,4,1,0,7,9,10,9,7,3,1,1,0,8
711,Heliopolis,5502,5,1,0,8,6,9,4,10,5,0,1,0,9
712,Zamalek,8656,2,1,0,7,7,3,2,9,10,0,0,0,6
713,Nasr City,14302,2,0,0,9,3,6,1,3,9,0,1,0,10
714,6th of October,9430,2,1,0,6,10,10,8,9,2,0,1,0,9
715,El Shorouk,45366,1,1,1,4,5,4,5,5,5,1,1,0,10
716,Mokattam,31425,3,0,0,3,5,6,3,4,10,0,1,0,8
717,Maadi,5860,4,1,0,3,3,10,9,7,3,0,1,1,7
718,Helwan,10158,1,1,1,3,9,7,3,7,3,0,1,1,4
719,Mokattam,9806,3,1,0,6,10,6,5,4,7,0,0,0,7
720,El Obour,24738,2,1,0,5,4,9,2,5,7,0,0,0,10
721,6th of October,21106,3,1,1,3,5,6,6,10,7,0,1,0,4
722,Downtown Cairo,13474,1,0,0,6,10,10,9,7,2,1,0,1,8
723,Downtown Cairo,20997,2,1,0,8,3,4,1,5,10,1,0,0,10
724,Al Rehab,36599,1,0,1,6,4,2,8,6,3,1,1,0,9
725,Shoubra,9790,4,0,0,9,10,5,10,10,8,0,1,1,5
726,Helwan,14170,2,1,0,7,8,8,1,4,2,1,1,0,6
727,Sheikh Zayed,13004,3,0,0,10,5,4,9,3,2,1,1,0,5
728,Zamalek,46746,1,1,0,6,3,9,5,9,10,0,1,0,5
729,Mohandeseen,29792,5,0,0,9,5,3,4,5,8,0,1,0,9
730,Helwan,34216,3,0,0,7,5,10,5,4,6,0,1,0,6
731,New Cairo,11232,3,1,0,8,10,4,10,9,4,0,1,1,9
732,New Capital,16674,2,0,0,9,10,7,8,10,9,1,1,1,5
733,Downtown Cairo,20052,3,1,1,5,5,8,6,4,2,0,0,1,6
734,Downtown Cairo,9913,1,0,0,5,10,6,4,4,9,0,1,0,10
735,Mokattam,31913,5,0,0,7,6,6,4,10,5,0,1,0,8
736,Mokattam,14567,4,0,0,3,4,2,5,8,3,0,1,0,9
737,Maadi,42379,5,0,1,10,5,5,5,3,8,0,0,1,9
738,El Obour,13432,1,0,1,9,9,2,2,8,5,0,1,0,9
739,Mokattam,4319,2,1,1,3,10,10,6,7,5,0,1,0,9
740,Faisal,28469,1,1,0,2,9,10,7,9,7,0,1,0,8
741,Dokki,49454,3,0,0,5,9,6,3,6,3,0,1,0,5
742,New Cairo,30490,2,0,0,5,10,6,8,7,6,1,1,0,9
743,Downtown Cairo,24584,4,1,0,3,3,6,4,5,10,0,0,1,9
744,Mokattam,8791,4,1,1,6,6,8,9,4,4,0,1,0,7
745,Al Rehab,35736,1,1,0,4,7,7,10,7,5,1,1,1,4
746,Downtown Cairo,4329,3,1,0,4,7,3,10,3,4,1,1,1,9
747,El Obour,12851,4,1,1,4,4,4,7,3,8,0,0,0,5
748,Haram,48078,5,1,0,5,3,6,2,10,4,0,1,1,10
749,Heliopolis,27126,2,1,1,6,9,8,5,8,8,0,0,1,4
750,New Cairo,25300,5,0,0,5,6,3,7,8,6,1,1,0,7
751,Faisal,14164,4,0,1,10,9,5,2,6,4,1,1,0,7
752,Downtown Cairo,28509,4,0,1,5,3,2,1,7,2,0,0,0,4
753,Nasr City,9703,1,1,0,8,10,8,9,8,6,0,1,1,9
754,Madinaty,31109,1,0,0,6,10,3,7,10,10,1,1,0,6
755,Dokki,47417,2,1,0,10,10,9,8,8,5,0,1,0,5
756,Helwan,26554,1,1,0,10,6,2,5,3,10,1,0,1,5
757,Dokki,31676,3,1,1,9,8,3,5,8,4,1,1,0,5
758,El Shorouk,27804,2,0,0,7,8,9,1,10,9,0,1,0,9
759,Helwan,49440,3,0,0,7,8,6,3,9,6,1,1,0,4
760,El Obour,40923,1,0,1,3,6,6,7,3,7,0,1,0,7
761,New Capital,33802,2,0,0,8,9,8,9,8,5,1,1,1,10
762,Sheikh Zayed,28795,4,0,0,10,7,5,7,6,7,0,1,0,7
763,Madinaty,6611,5,1,1,10,8,10,8,5,4,1,1,1,6
764,New Cairo,26075,4,1,0,3,9,4,9,7,8,1,1,1,7
765,6th of October,20479,3,1,0,10,4,9,3,10,5,1,1,1,4
766,El Obour,13180,4,1,0,8,4,4,9,5,6,1,0,0,10
767,Haram,13304,4,1,1,6,3,9,4,4,7,0,1,0,5
768,Downtown Cairo,18610,5,0,0,6,6,2,9,9,6,0,1,0,9
769,Sheikh Zayed,12437,5,0,0,7,9,8,9,5,3,0,1,1,8
770,Downtown Cairo,47118,4,0,0,9,8,2,7,3,5,0,0,0,7
771,Maadi,16521,5,1,0,3,6,3,1,3,9,0,1,0,6
772,Downtown Cairo,28028,4,1,0,4,5,2,10,9,9,0,1,0,6
773,Mohandeseen,43328,2,1,1,8,4,4,5,5,8,0,1,0,6
774,Mohandeseen,31301,4,0,0,4,6,10,9,5,3,0,1,0,10
775,Helwan,42015,1,1,0,2,3,2,9,4,5,0,1,0,9
776,El Shorouk,25740,5,1,0,7,8,4,6,10,10,0,0,0,10
777,Faisal,40845,5,1,0,8,10,3,6,8,7,0,0,0,6
778,Madinaty,25282,3,1,0,10,7,6,7,4,9,1,1,1,5
779,6th of October,14858,3,1,0,2,10,8,9,7,10,0,0,0,10
780,Nasr City,48159,1,1,0,10,8,7,1,3,6,0,1,1,5
781,Heliopolis,47714,5,1,1,8,7,6,7,10,6,0,1,0,7
782,New Capital,19186,5,1,0,9,4,4,10,7,10,0,1,1,4
783,Maadi,38185,3,1,0,4,10,8,2,7,7,0,1,0,5
784,El Obour,35194,3,1,0,6,10,10,5,5,8,0,1,0,9
785,Heliopolis,29230,4,1,0,4,8,3,5,3,9,1,1,0,5
786,Nasr City,31018,5,1,0,8,4,7,2,10,9,0,1,0,5
787,Zamalek,28665,5,1,0,3,5,6,8,10,4,0,1,0,4
788,Heliopolis,45722,4,1,1,7,9,10,2,7,6,0,1,0,8
789,Heliopolis,44159,5,0,0,3,4,9,8,5,2,0,1,0,8
790,Shoubra,48132,1,1,0,10,6,10,6,6,4,0,1,1,8
791,Sheikh Zayed,47139,3,1,0,7,6,8,9,9,3,1,1,1,4
792,Al Rehab,25516,3,1,1,6,6,6,10,4,3,1,1,1,7
793,6th of October,39272,3,1,0,7,9,5,3,5,3,0,1,0,9
794,New Cairo,28673,2,1,0,7,6,9,10,5,2,0,1,1,5
795,Faisal,9239,1,1,0,7,5,3,6,7,7,1,1,0,7
796,Mohandeseen,30415,1,0,1,7,10,2,5,5,5,0,1,0,6
797,Nasr City,41888,4,1,0,10,4,4,10,8,3,1,1,0,8
798,Sheikh Zayed,31195,2,0,0,8,10,8,10,5,6,0,1,1,10
799,Heliopolis,43161,5,0,0,2,4,2,3,8,3,0,0,0,9
800,Maadi,33323,1,1,1,10,4,6,6,7,9,1,0,0,9
801,New Capital,38964,2,1,0,7,10,6,10,10,5,1,1,1,4
802,Al Rehab,40234,2,1,1,9,9,4,10,5,6,0,1,0,5
803,Sheikh Zayed,34763,1,0,1,4,5,2,7,8,9,1,1,0,10
804,Downtown Cairo,38674,4,0,0,4,5,6,8,4,7,0,0,1,5
805,Heliopolis,22105,2,1,0,10,6,9,2,3,2,0,1,0,5
806,Helwan,48651,3,0,0,10,8,10,6,9,7,0,1,0,10
807,Heliopolis,33739,2,1,0,6,5,7,9,7,2,1,0,0,4
808,Faisal,35969,5,1,0,6,5,2,3,6,7,0,1,0,6
809,Maadi,18497,1,1,0,4,3,6,5,6,8,0,1,0,4
810,Downtown Cairo,5816,5,0,0,8,6,3,7,8,7,0,1,0,4
811,Al Rehab,30483,4,0,0,8,10,2,7,3,5,1,1,0,4
812,Mohandeseen,47481,3,1,1,4,6,4,8,4,5,0,1,0,5
813,Faisal,26159,1,1,0,9,3,6,6,5,3,0,1,0,7
814,El Obour,7849,2,0,0,7,4,10,4,8,3,1,1,0,10
815,El Shorouk,25612,3,0,0,4,8,8,6,6,8,0,1,1,5
816,Nasr City,43617,2,1,0,7,9,7,2,5,9,0,1,1,6
817,Heliopolis,37826,4,1,0,2,3,10,4,4,7,0,0,0,9
818,Sheikh Zayed,48498,1,1,0,7,3,7,8,7,7,1,1,0,8
819,Faisal,22706,4,0,1,8,8,5,4,3,8,1,1,0,6
820,New Capital,28563,4,1,0,5,9,8,10,8,4,1,1,1,10
821,Zamalek,8359,4,1,0,5,10,3,2,4,3,0,1,0,6
822,New Capital,34669,4,0,1,4,10,3,9,6,5,1,1,1,7
823,Helwan,16809,2,1,0,6,10,7,3,6,3,1,1,0,5
824,El Shorouk,42428,5,1,0,2,8,6,2,3,8,1,1,0,4
825,Downtown Cairo,33454,2,1,0,7,10,7,8,7,10,0,1,1,6
826,Zamalek,11254,3,1,0,3,9,3,3,4,8,0,0,1,8
827,Mokattam,49590,4,0,1,5,3,3,1,6,6,1,0,0,5
828,Heliopolis,28785,3,1,0,7,5,2,2,8,4,0,0,0,6
829,Nasr City,6093,2,1,0,7,3,3,8,6,2,1,0,1,9
830,Al Rehab,48498,4,1,0,8,10,8,7,7,2,0,1,1,9
831,Sheikh Zayed,44985,2,1,0,2,7,3,10,9,4,1,1,1,6
832,El Obour,36009,4,1,1,7,10,4,1,6,5,1,1,1,9
833,Al Rehab,20558,2,0,0,10,3,7,10,10,6,0,1,0,6
834,New Cairo,21718,1,1,0,9,4,7,10,9,10,0,1,0,5
835,Zamalek,20705,5,0,1,9,4,10,6,6,3,0,1,0,9
836,Heliopolis,26082,5,0,0,7,8,3,7,5,5,0,1,1,10
837,Haram,16342,4,1,0,5,9,8,4,9,4,0,1,0,4
838,Madinaty,16239,1,0,1,2,4,2,10,3,9,1,1,1,5
839,Nasr City,36274,3,0,0,6,3,7,2,8,2,0,0,0,8
840,Madinaty,15419,1,0,0,6,6,10,10,5,2,1,1,0,5
841,El Shorouk,46832,4,1,0,8,4,9,4,6,10,0,0,0,4
842,Maadi,19003,1,0,0,2,10,7,1,10,2,1,0,0,4
843,El Obour,34866,3,1,0,7,3,7,2,10,5,0,0,1,7
844,Mohandeseen,25988,4,1,1,8,4,7,8,7,9,0,1,0,10
845,Maadi,47027,5,0,0,2,5,9,9,10,5,0,1,0,8
846,New Capital,28908,1,1,0,4,5,3,8,9,6,1,1,1,9
847,Zamalek,9674,5,0,0,10,3,10,4,8,3,1,0,0,4
848,Nasr City,9002,5,1,1,9,4,9,10,3,10,0,0,1,9
849,6th of October,31567,2,0,0,7,4,3,7,4,10,0,1,0,6
850,Helwan,4910,3,0,1,9,7,9,2,4,4,0,1,0,6
851,6th of October,33072,1,0,0,3,9,2,7,7,9,0,1,0,9
852,Al Rehab,37717,5,0,0,8,8,7,7,4,10,1,1,0,10
853,Downtown Cairo,25809,5,1,1,3,8,7,2,8,4,0,0,1,9
854,Heliopolis,30651,3,0,0,4,4,10,8,5,2,0,1,1,8
855,New Cairo,48291,5,0,0,3,10,10,9,6,3,0,1,1,8
856,Helwan,47989,5,0,0,6,6,6,6,10,9,0,0,0,9
857,Nasr City,20484,5,1,0,6,5,2,4,10,2,1,1,1,4
858,El Shorouk,8646,5,1,1,7,4,2,9,10,8,0,1,0,10
859,Haram,43713,2,0,0,7,9,8,8,4,3,0,1,0,9
860,Mokattam,6400,2,0,1,8,6,5,7,10,4,0,1,0,8
861,Al Rehab,48331,4,1,1,9,10,10,7,8,5,0,1,0,7
862,6th of October,26185,1,0,0,5,8,4,5,8,4,0,1,0,7
863,Maadi,22727,3,1,0,10,9,7,2,9,5,0,1,0,4
864,El Shorouk,37120,4,0,0,4,3,10,5,8,6,1,0,1,6
865,New Cairo,5018,2,0,1,6,5,5,8,8,7,1,1,1,5
866,New Cairo,21563,2,1,1,4,3,6,7,9,6,1,1,1,6
867,Zamalek,9193,2,1,0,3,8,6,9,5,10,0,0,1,4
868,Mohandeseen,19701,4,1,0,6,10,6,10,3,10,0,0,1,8
869,Mohandeseen,7536,2,1,0,10,8,3,6,7,7,1,1,0,5
870,Al Rehab,48610,4,1,0,7,10,3,10,8,7,1,1,1,9
871,6th of October,22886,2,1,1,5,4,2,7,9,10,0,0,0,4
872,Nasr City,40587,5,1,0,8,3,2,7,3,8,0,0,0,9
873,Mokattam,33410,5,1,1,6,8,5,7,3,7,1,1,1,5
874,New Cairo,37744,1,0,0,8,9,4,10,5,10,1,1,1,10
875,Nasr City,42665,2,0,1,3,5,5,6,8,8,1,1,0,7
876,Nasr City,19957,1,0,0,3,3,7,7,8,9,0,1,1,4
877,Faisal,36875,4,1,1,10,9,2,10,9,6,0,0,0,7
878,Mokattam,5626,1,0,1,5,3,9,4,10,9,0,1,0,5
879,Sheikh Zayed,29279,2,0,0,2,3,9,9,4,2,0,1,0,4
880,El Obour,10229,4,1,1,10,6,8,9,5,8,0,1,0,7
881,Madinaty,10877,4,0,0,2,6,5,10,4,3,1,1,1,4
882,Haram,37642,5,1,1,3,4,9,8,6,4,0,0,0,9
883,Mohandeseen,42311,4,1,1,10,10,10,8,7,9,0,0,0,5
884,Mohandeseen,36356,4,1,0,4,3,6,2,6,4,0,1,0,5
885,Dokki,7809,1,0,0,2,6,7,6,9,8,0,1,0,6
886,Mohandeseen,47371,4,1,1,4,5,9,9,8,7,0,1,1,9
887,Mokattam,38875,3,1,0,10,5,6,8,4,4,0,0,0,7
888,Faisal,48513,5,1,0,3,8,5,1,9,4,1,1,0,10
889,Heliopolis,13465,5,0,1,6,3,9,5,4,10,0,0,0,10
890,Zamalek,4559,4,0,0,2,4,4,5,3,6,0,1,0,9
891,Downtown Cairo,12308,1,1,1,2,8,7,9,4,8,0,1,0,5
892,Zamalek,25353,5,0,0,8,6,10,2,3,3,0,1,1,5
893,Helwan,19250,5,1,0,4,8,7,5,8,8,0,1,0,4
894,Zamalek,39814,3,1,0,2,6,10,1,3,9,0,0,0,8
895,Downtown Cairo,20427,4,1,0,2,6,9,8,7,5,1,1,1,8
896,Maadi,37276,5,1,1,6,8,10,8,4,2,0,0,0,7
897,Mokattam,10107,5,0,0,4,4,10,2,8,5,1,0,0,6
898,Mohandeseen,17476,5,0,0,5,7,9,10,6,6,0,1,0,9
899,Mohandeseen,7439,5,1,0,7,6,10,1,5,6,1,1,0,10
900,Faisal,24312,1,0,1,3,9,8,3,3,3,0,1,0,8
901,Dokki,25795,2,1,1,8,3,8,9,10,9,0,1,0,8
902,Faisal,17136,3,1,1,6,6,5,7,9,3,0,0,0,7
903,Heliopolis,18167,1,1,0,9,6,2,7,8,2,0,1,0,10
904,Heliopolis,21300,3,1,0,5,10,8,10,5,6,0,1,1,7
905,New Cairo,21182,5,1,1,9,10,9,10,3,8,1,1,0,5
906,Dokki,8971,3,0,1,5,10,10,5,6,9,0,0,1,5
907,Faisal,30909,4,1,0,6,7,2,7,10,5,0,0,0,4
908,Mohandeseen,23659,4,1,0,4,10,10,2,3,2,0,0,0,10
909,Madinaty,35403,2,0,0,5,8,8,9,9,6,0,1,0,10
910,New Capital,37586,2,0,0,10,9,8,10,7,4,1,1,0,4
911,Downtown Cairo,14360,3,1,0,6,3,4,7,9,2,0,1,0,8
912,Downtown Cairo,25424,1,1,0,5,3,2,7,3,8,1,1,0,8
913,Zamalek,36499,1,1,1,5,9,8,6,9,10,0,1,0,10
914,New Capital,48695,5,0,0,8,3,9,8,10,10,0,1,1,7
915,Dokki,7065,1,0,0,3,6,7,10,4,5,0,0,0,7
916,Sheikh Zayed,7259,2,1,0,5,6,8,7,7,9,1,1,1,4
917,Heliopolis,16300,1,1,0,4,5,10,10,10,2,0,1,0,4
918,Zamalek,37370,5,1,0,8,7,9,10,3,5,0,0,0,4
919,Nasr City,8295,4,1,1,5,8,6,4,3,5,0,1,0,9
920,Zamalek,31209,1,1,0,9,9,5,8,5,3,0,0,0,9
921,Sheikh Zayed,46751,1,1,1,6,3,5,9,3,9,0,1,1,6
922,Maadi,40295,2,0,0,10,3,5,1,8,9,0,1,0,10
923,Madinaty,24927,3,0,1,10,5,3,7,8,8,1,1,0,4
924,Nasr City,38579,4,1,0,4,6,8,4,7,5,0,1,0,5
925,Madinaty,48871,3,0,0,10,9,9,10,8,6,1,1,1,9
926,Zamalek,13032,5,1,0,5,9,8,6,3,6,0,1,0,8
927,Heliopolis,31718,5,0,1,10,5,9,5,5,2,1,1,0,9
928,El Obour,16877,3,0,0,3,9,10,2,6,7,0,1,0,6
929,Downtown Cairo,44731,2,1,0,6,5,9,8,5,8,1,1,0,4
930,Sheikh Zayed,30666,2,0,0,7,6,6,9,5,5,1,1,1,5
931,El Obour,45684,2,1,0,4,4,5,5,3,4,0,1,0,9
932,New Capital,10766,4,0,0,3,10,6,8,6,9,0,1,1,4
933,Downtown Cairo,26829,5,1,0,2,8,2,7,9,3,0,1,1,9
934,Mohandeseen,24221,5,0,1,8,10,6,2,10,2,0,1,0,6
935,Nasr City,29102,5,0,1,5,9,7,5,8,8,0,1,0,10
936,Downtown Cairo,38433,4,0,0,9,7,10,1,7,4,0,1,0,7
937,Sheikh Zayed,19932,5,1,0,9,4,10,7,8,4,0,1,0,5
938,El Shorouk,29714,3,0,0,9,4,4,8,9,7,0,0,0,7
939,El Obour,43743,1,1,0,3,7,9,1,7,4,1,0,0,4
940,Maadi,6552,4,0,0,6,4,9,10,8,10,0,0,0,8
941,Faisal,49987,1,0,1,9,6,10,1,10,3,0,1,0,7
942,Faisal,18274,3,1,1,3,4,2,4,4,2,0,0,0,8
943,Sheikh Zayed,49380,2,1,1,3,10,6,7,10,8,1,1,1,10
944,Sheikh Zayed,33250,2,1,0,2,9,6,8,5,8,0,1,1,7
945,Al Rehab,6808,2,0,0,7,4,8,10,10,10,1,1,1,6
946,Nasr City,47858,4,0,1,6,8,9,5,5,6,0,0,1,5
947,New Capital,49028,2,1,0,2,4,8,10,4,4,0,1,1,7
948,Al Rehab,19295,4,1,0,9,6,7,8,9,3,1,1,1,6
949,Madinaty,18669,4,0,0,9,5,5,10,3,9,1,1,1,8
950,Mohandeseen,14523,1,1,1,6,3,10,7,7,6,0,1,0,5
951,Heliopolis,49530,2,0,1,4,7,3,2,8,3,0,1,0,6
952,Heliopolis,17769,5,1,0,9,7,7,4,7,7,0,1,0,4
953,Mohandeseen,48645,2,0,1,4,6,7,8,4,9,0,0,0,6
954,Downtown Cairo,29207,2,1,1,5,3,5,5,10,4,0,1,0,7
955,Mokattam,39224,2,0,0,8,4,4,6,4,2,1,1,1,4
956,Al Rehab,29557,5,0,0,8,9,4,10,8,6,0,1,1,7
957,El Shorouk,42191,5,1,0,5,9,3,4,4,9,1,0,0,8
958,El Obour,18246,4,1,0,10,10,4,9,6,6,0,0,0,7
959,Mohandeseen,16846,5,1,1,7,8,5,2,5,4,0,1,0,5
960,Haram,41085,4,0,1,9,7,5,3,7,8,0,1,0,9
961,Zamalek,49403,1,1,0,8,9,8,2,3,8,0,1,0,8
962,Downtown Cairo,17470,4,1,1,5,4,5,2,9,6,1,0,0,4
963,Mohandeseen,17176,2,1,0,3,8,10,9,6,3,0,0,0,10
964,Al Rehab,45881,3,0,0,3,10,9,8,5,9,1,1,0,6
965,El Shorouk,17546,3,0,1,9,6,2,7,9,8,0,0,0,9
966,El Shorouk,10805,2,1,0,9,8,2,9,6,8,0,0,1,6
967,Sheikh Zayed,20788,4,1,0,2,6,7,9,10,9,1,1,0,5
968,Shoubra,33348,2,1,0,2,8,5,9,5,9,0,1,0,9
969,Sheikh Zayed,12080,5,0,0,5,6,7,9,4,5,0,1,0,9
970,Nasr City,39886,4,1,0,2,5,10,7,10,2,0,0,0,6
971,Nasr City,27764,2,1,0,2,6,6,9,10,5,1,1,0,5
972,Mohandeseen,10630,5,1,0,6,4,9,9,9,3,0,0,0,9
973,Madinaty,37333,5,1,0,2,5,3,10,10,7,1,1,0,7
974,Helwan,19701,4,0,0,7,4,9,1,3,9,0,1,0,7
975,6th of October,18859,1,0,0,5,8,9,3,10,4,0,1,0,6
976,Faisal,25183,1,0,0,6,6,3,8,4,7,0,1,0,6
977,Mokattam,44438,5,1,1,10,5,8,3,7,10,0,1,0,9
978,Mohandeseen,35749,1,1,0,3,8,9,4,7,5,1,1,1,5
979,6th of October,35887,5,0,1,4,3,8,10,7,7,1,1,0,8
980,Al Rehab,46244,1,1,0,4,6,7,7,10,3,0,1,1,6
981,Zamalek,12776,5,1,0,10,9,4,3,9,7,0,1,1,8
982,Mokattam,19021,5,0,1,4,5,4,5,7,2,1,1,0,4
983,Nasr City,8327,5,1,0,6,8,9,6,10,8,0,1,0,6
984,Mokattam,11614,5,1,0,7,5,5,6,6,4,1,0,0,4
985,Sheikh Zayed,5245,3,0,0,7,5,9,9,3,4,1,1,1,6
986,Zamalek,45011,1,0,0,7,7,7,10,3,7,1,1,0,4
987,Faisal,14355,5,0,0,2,5,4,8,9,6,0,1,0,10
988,Mohandeseen,37305,2,1,0,7,3,3,6,7,2,0,1,0,4
989,Downtown Cairo,33714,4,0,0,2,6,2,10,5,2,0,1,0,6
990,Downtown Cairo,21198,2,1,0,7,6,5,6,4,3,0,0,0,5
991,6th of October,5415,2,1,0,7,6,9,2,7,4,0,0,0,4
992,6th of October,47798,3,1,0,4,5,5,3,5,5,0,0,0,10
993,Madinaty,5652,1,1,1,4,6,9,8,8,7,0,1,0,9
994,New Capital,47625,3,1,1,7,3,9,10,3,3,1,1,0,6
995,6th of October,24446,1,0,0,3,9,2,6,4,8,1,1,0,10
996,New Cairo,22740,5,0,1,6,9,7,7,3,9,1,1,1,7
997,New Capital,7810,3,0,0,4,7,9,9,3,5,1,1,0,7
998,Al Rehab,20569,4,1,0,6,3,9,7,6,8,1,1,1,4
999,Heliopolis,38319,1,1,0,4,7,2,2,4,10,0,1,0,7
1000,Maadi,17584,3,1,1,3,6,9,3,6,2,0,0,0,5
1001,Dokki,30783,4,1,0,5,9,10,1,8,7,0,1,1,5
1002,Haram,37529,2,0,1,6,8,7,9,9,7,1,1,0,9
1003,Maadi,16511,5,1,1,7,4,8,3,7,4,0,1,0,9
1004,Helwan,13471,5,0,0,3,9,7,2,4,8,0,1,0,7
1005,Al Rehab,49235,2,0,0,4,9,6,9,5,10,0,1,0,7
1006,El Shorouk,10163,3,1,1,4,7,2,8,10,7,1,0,0,6
1007,Faisal,20065,2,1,0,7,10,3,4,3,4,1,1,0,5
1008,Dokki,48654,4,0,1,2,3,3,1,3,3,0,0,1,6
1009,New Capital,21920,1,1,1,8,3,10,7,6,7,1,1,1,5
1010,Heliopolis,42969,3,1,0,9,8,7,3,10,4,1,1,0,5
1011,Zamalek,23154,1,0,0,8,10,4,5,8,2,0,0,0,8
1012,Helwan,44167,2,0,0,5,9,4,2,6,10,0,1,0,5
1013,Al Rehab,24229,5,1,1,8,9,3,7,10,8,0,1,0,4
1014,Haram,30997,1,1,0,2,4,8,3,10,5,0,1,0,4
1015,Helwan,25101,1,0,0,9,7,2,9,8,3,1,1,0,9
1016,Dokki,44391,5,0,0,4,10,2,1,6,4,0,1,0,4
1017,Helwan,14327,1,1,1,10,7,4,6,4,7,0,1,0,7
1018,New Capital,11187,1,1,0,2,10,2,8,3,9,0,1,0,9
1019,6th of October,33685,5,1,1,7,3,4,4,10,4,0,1,0,6
1020,Helwan,38948,5,0,0,2,10,10,4,8,3,1,1,0,8
1021,New Capital,38728,2,1,0,9,7,8,8,8,6,0,1,1,4
1022,Mohandeseen,41921,2,1,1,4,4,10,9,5,9,0,0,1,7
1023,Helwan,11035,1,1,0,5,10,8,5,8,10,0,0,0,9
1024,Dokki,15471,3,1,0,7,7,10,10,9,5,0,0,0,6
1025,Zamalek,32460,2,1,1,5,10,4,10,8,3,0,0,0,10
1026,El Obour,25071,2,1,0,9,7,8,3,4,8,0,1,0,7
1027,Faisal,4582,3,1,0,10,4,7,9,9,6,0,1,0,9
1028,Faisal,30189,3,1,0,6,6,3,1,3,10,0,1,1,10
1029,Helwan,19531,5,1,0,2,7,7,1,7,2,0,1,0,9
1030,El Obour,20672,2,1,1,9,8,4,3,7,6,0,1,0,10
1031,Shoubra,44747,4,1,0,3,3,3,2,9,5,0,1,0,7
1032,Mohandeseen,24243,4,0,0,7,5,6,8,6,10,1,1,0,10
1033,Faisal,7060,1,0,0,7,3,6,5,8,3,1,1,0,6
1034,Haram,17731,2,0,0,8,9,3,10,9,2,1,0,0,6
1035,Zamalek,16294,4,0,0,10,8,4,1,6,3,0,1,1,5
1036,Mokattam,24719,2,0,0,2,3,9,3,6,8,0,1,0,5
1037,Faisal,30325,2,1,1,9,10,6,3,3,3,0,1,0,9
1038,Downtown Cairo,26597,4,1,1,6,10,9,2,6,7,0,0,0,9
1039,Haram,5903,2,0,1,7,6,5,9,5,2,0,0,0,4
1040,Maadi,18551,3,1,0,9,6,5,1,5,5,0,1,1,9
1041,Helwan,31751,1,0,0,9,3,7,10,7,8,0,1,0,9
1042,Haram,28278,5,1,1,8,7,6,5,4,9,0,1,0,4
1043,Heliopolis,29653,4,0,0,8,9,6,9,8,9,0,1,0,5
1044,Faisal,19141,5,0,1,2,3,10,3,3,6,1,1,0,9
1045,Sheikh Zayed,6377,1,1,1,9,8,7,9,4,3,1,1,1,10
1046,Zamalek,37615,3,1,0,4,10,4,3,6,5,0,1,0,6
1047,Mohandeseen,31452,3,1,0,6,7,5,7,3,4,0,1,1,7
1048,Dokki,26725,3,1,0,5,4,10,1,10,8,0,1,0,5
1049,New Cairo,13524,3,0,0,4,9,7,7,6,7,0,1,1,4
1050,Madinaty,15698,4,1,1,6,4,9,10,4,3,1,1,1,4
1051,Madinaty,47339,4,0,1,4,9,8,10,7,5,0,1,0,5
1052,Faisal,25175,2,0,1,10,6,2,2,5,4,0,1,0,5
1053,Mokattam,16314,2,0,0,10,5,2,3,5,2,1,0,0,8
1054,Maadi,48197,1,1,1,7,5,8,9,5,2,0,0,0,10
1055,Zamalek,6365,2,1,1,4,8,3,4,3,4,1,0,1,8
1056,Haram,36017,1,0,1,6,6,10,5,6,10,0,1,0,10
1057,Dokki,36126,1,0,1,9,4,10,9,10,5,0,0,0,5
1058,Mohandeseen,47372,1,1,0,10,6,3,10,5,9,0,0,0,7
1059,Zamalek,48134,3,0,0,4,4,10,8,6,2,0,0,0,8
1060,New Cairo,41823,5,1,0,6,7,10,9,5,9,0,1,0,6
1061,Mohandeseen,9622,5,1,0,3,8,7,2,4,3,0,0,0,9
1062,Downtown Cairo,34540,4,1,0,3,9,6,3,9,4,1,1,0,6
1063,Nasr City,44551,1,0,0,3,4,3,3,7,2,1,0,1,7
1064,New Cairo,5949,3,1,0,7,9,7,8,6,9,0,1,0,8
1065,Faisal,46800,2,1,0,4,4,10,6,3,6,0,1,0,9
1066,Zamalek,35912,2,0,1,6,4,4,7,5,10,0,0,0,9
1067,Downtown Cairo,36161,4,0,0,9,5,4,8,4,9,1,1,1,9
1068,Mohandeseen,48387,4,0,0,6,10,5,5,5,3,1,1,0,10
1069,Maadi,20508,1,0,0,3,4,5,6,10,7,0,0,0,10
1070,New Cairo,49592,1,1,0,7,3,2,10,7,5,1,1,0,5
1071,Mokattam,47713,2,0,0,3,7,3,4,9,5,0,0,0,6
1072,Mokattam,5919,2,1,0,9,9,7,6,8,5,1,1,0,7
1073,Al Rehab,46595,2,1,0,3,5,6,10,5,9,0,1,1,6
1074,Shoubra,13617,2,0,1,8,9,5,1,7,9,0,1,1,5
1075,Sheikh Zayed,13732,5,0,0,5,3,10,9,6,4,1,1,1,7
1076,New Capital,37298,1,1,1,5,5,3,9,7,9,1,1,1,8
1077,Nasr City,44617,1,1,1,9,5,9,3,4,9,0,1,1,8
1078,Mokattam,10929,2,1,1,5,10,5,4,8,8,0,1,0,10
1079,Shoubra,41117,3,1,0,9,3,10,9,4,3,1,1,0,8
1080,Haram,18456,2,1,0,10,10,5,9,6,6,1,0,0,9
1081,Dokki,48063,4,0,0,9,10,3,8,3,6,0,1,0,5
1082,Madinaty,25140,3,1,0,5,9,7,7,10,5,1,1,0,10
1083,Dokki,22185,4,1,0,6,6,10,2,9,2,0,1,0,6
1084,Zamalek,41924,3,0,0,7,8,8,3,4,5,0,0,0,9
1085,Faisal,28240,4,0,0,10,8,2,5,6,2,1,1,0,6
1086,Shoubra,25845,2,1,0,6,8,10,7,8,8,0,1,0,7
1087,Faisal,13228,2,1,1,3,6,7,2,9,2,1,1,0,5
1088,Sheikh Zayed,25686,3,1,0,8,4,10,9,9,5,1,1,1,7
1089,Haram,15920,4,1,0,7,3,3,2,6,8,0,1,0,5
1090,Maadi,11432,5,1,1,4,4,8,1,4,6,0,1,0,10
1091,Zamalek,48971,3,0,1,9,8,9,3,6,4,0,1,0,4
1092,Downtown Cairo,10189,3,1,0,4,6,9,4,6,10,1,0,1,4
1093,Nasr City,32039,1,0,0,5,3,6,2,5,3,0,1,0,4
1094,New Capital,37910,3,0,0,10,10,8,10,6,3,1,1,0,5
1095,Al Rehab,34226,5,1,1,5,3,8,7,10,9,0,1,1,8
1096,Madinaty,11614,2,1,0,3,3,4,7,4,6,1,1,1,5
1097,Maadi,25224,4,1,1,10,10,3,2,4,8,0,1,1,4
1098,New Cairo,22013,1,1,1,9,4,6,10,4,10,0,1,0,10
1099,El Shorouk,25446,4,1,0,5,5,5,1,5,3,1,1,0,7
1100,New Capital,43673,2,1,0,7,5,9,9,4,8,1,1,0,9
1101,Nasr City,41657,3,0,0,7,8,6,2,9,8,0,0,0,7
1102,Nasr City,8839,5,1,0,3,5,10,4,6,5,0,0,0,6
1103,Heliopolis,40725,1,0,0,10,9,8,2,7,8,0,1,0,5
1104,6th of October,34203,5,1,0,7,3,2,3,10,5,0,1,1,10
1105,Maadi,4557,5,1,1,6,6,3,8,9,10,1,1,0,4
1106,El Shorouk,34666,5,0,1,3,10,9,4,5,5,0,1,0,6
1107,New Cairo,41389,5,0,0,2,4,9,7,10,2,0,1,1,5
1108,New Capital,37607,2,1,0,8,4,3,9,7,7,1,1,0,8
1109,El Shorouk,28578,5,0,1,5,6,8,8,10,6,0,1,0,8
1110,Helwan,13243,5,1,1,8,5,9,2,3,5,0,0,0,10
1111,Madinaty,13596,2,1,0,6,8,5,9,8,4,1,1,1,7
1112,Mokattam,10998,4,0,1,2,7,4,3,7,5,0,1,1,10
1113,Helwan,14129,2,1,0,6,6,10,2,6,2,0,0,0,5
1114,Haram,4510,3,1,0,5,5,3,3,5,6,0,0,0,10
1115,Faisal,15596,2,0,0,2,3,4,2,4,3,0,0,0,7
1116,Helwan,16974,4,1,1,3,6,9,6,4,8,0,1,0,5
1117,Mokattam,5137,3,0,0,10,10,3,9,7,10,0,1,0,5
1118,6th of October,31897,3,1,1,2,5,6,8,7,7,1,1,0,9
1119,Mohandeseen,8666,1,1,0,5,4,9,6,7,7,1,1,0,9
1120,Maadi,12906,5,0,0,9,7,8,4,6,4,0,1,0,8
1121,El Obour,25818,3,0,0,6,7,5,10,4,9,0,0,0,4
1122,Dokki,47246,3,1,0,8,7,10,5,8,4,1,1,0,8
1123,6th of October,6654,4,0,0,3,10,3,4,3,5,1,1,1,9
1124,Al Rehab,37758,3,0,0,5,5,8,10,6,4,1,1,1,8
1125,Mokattam,28204,4,1,0,5,5,8,2,8,3,0,1,1,4
1126,Sheikh Zayed,38928,5,0,0,2,10,8,7,4,2,0,1,1,10
1127,El Obour,34552,1,1,0,9,3,8,1,4,2,0,1,0,5
1128,Maadi,14336,1,0,1,4,7,6,9,4,2,0,0,1,6
1129,Nasr City,20206,5,1,0,5,9,2,1,4,6,1,1,0,6
1130,Al Rehab,38831,5,0,0,3,4,5,7,5,2,1,1,0,9
1131,Heliopolis,47563,2,0,1,6,10,6,9,4,6,0,0,0,9
1132,Haram,22361,3,1,0,6,8,5,1,7,5,0,1,0,8
1133,Madinaty,45335,3,1,0,4,7,8,10,4,3,1,1,1,8
1134,Sheikh Zayed,12933,3,1,0,9,6,3,9,8,4,0,1,1,7
1135,6th of October,29816,4,0,0,2,6,3,8,3,9,1,0,0,4
1136,Heliopolis,19619,2,1,0,3,4,3,3,5,4,0,1,0,6
1137,Maadi,41687,3,1,0,2,10,4,2,3,4,0,1,0,7
1138,Helwan,30943,4,1,0,7,5,6,6,3,3,0,1,0,8
1139,Nasr City,30819,4,1,0,5,8,10,10,3,6,0,1,0,5
1140,Heliopolis,15741,1,1,0,2,9,4,5,6,3,0,1,0,7
1141,El Shorouk,12798,4,1,0,8,7,7,9,4,8,0,1,0,10
1142,Madinaty,29143,5,1,0,10,8,7,9,8,9,1,1,1,10
1143,Heliopolis,36747,4,1,1,6,6,7,4,4,7,0,1,1,5
1144,Mohandeseen,37651,5,0,0,8,4,6,10,3,10,0,1,0,7
1145,Maadi,25182,5,0,0,5,9,3,8,4,6,1,0,1,7
1146,El Shorouk,13415,1,0,1,5,9,2,2,6,7,0,1,0,10
1147,El Obour,15085,1,1,1,5,3,6,5,9,5,0,1,0,9
1148,Dokki,19008,4,0,0,6,6,9,9,4,10,0,1,0,6
1149,Madinaty,26102,1,0,0,9,6,6,7,4,3,1,1,0,9
1150,El Obour,22452,1,0,0,5,7,4,10,3,2,0,1,0,9
1151,Helwan,12120,3,1,1,8,5,4,9,5,7,0,1,0,8
1152,Mokattam,11820,4,1,0,10,6,3,1,9,7,0,1,0,4
1153,Maadi,48669,4,1,0,7,6,8,1,5,7,1,1,0,6
1154,Al Rehab,22170,4,0,1,5,9,3,8,4,7,1,1,1,4
1155,Zamalek,20259,1,1,0,6,7,7,8,9,5,1,0,1,6
1156,Faisal,26099,1,0,0,9,5,9,4,3,10,1,1,0,5
1157,Sheikh Zayed,13649,5,1,0,5,10,9,8,5,8,1,1,0,4
1158,Faisal,34255,2,0,1,5,8,3,6,8,9,0,0,0,5
1159,Al Rehab,45037,2,1,1,8,3,7,7,9,9,1,1,1,5
1160,Mohandeseen,15805,2,0,0,7,8,4,8,5,5,1,1,0,10
1161,Al Rehab,47147,3,1,0,2,9,10,7,7,7,1,1,1,5
1162,Sheikh Zayed,12744,1,0,0,10,3,4,9,5,8,1,1,1,7
1163,Helwan,45241,5,0,0,6,3,2,8,8,7,0,1,0,6
1164,Dokki,36305,5,1,0,3,3,10,1,6,7,1,1,0,6
1165,Mohandeseen,29857,2,0,0,6,5,9,5,8,8,0,1,0,7
1166,New Cairo,14679,3,1,0,9,3,3,8,9,10,1,1,0,5
1167,Maadi,33829,3,1,0,7,7,4,2,7,9,1,1,0,7
1168,Downtown Cairo,14985,2,1,0,9,10,8,4,3,4,0,1,1,6
1169,Nasr City,32287,2,0,0,6,7,7,2,8,4,0,1,0,8
1170,Zamalek,16391,1,1,1,5,10,9,5,7,3,0,0,1,9
1171,Sheikh Zayed,8861,3,1,0,4,7,6,9,5,7,0,1,0,4
1172,Downtown Cairo,38364,5,1,0,3,9,6,4,10,8,0,1,0,9
1173,New Capital,20863,2,0,0,10,3,3,8,7,10,1,1,0,8
1174,Faisal,35499,1,0,0,2,7,7,5,10,7,0,0,0,5
1175,New Cairo,31794,5,0,1,3,9,6,10,3,10,1,1,1,10
1176,New Capital,46923,3,1,0,7,7,10,9,4,3,1,1,1,8
1177,Al Rehab,11919,2,1,1,7,4,4,9,9,5,1,1,0,7
1178,Helwan,47102,2,1,1,2,3,6,1,6,2,0,0,0,9
1179,El Obour,24282,1,1,0,9,7,4,4,10,7,0,1,0,7
1180,Al Rehab,38840,1,1,0,5,10,10,8,4,4,1,1,0,4
1181,Maadi,46255,3,0,0,8,10,10,5,3,7,0,1,0,5
1182,6th of October,9624,2,1,1,10,8,8,5,4,2,0,1,0,6
1183,Maadi,37706,1,1,0,3,5,2,4,6,9,0,1,0,4
1184,6th of October,12176,2,1,1,8,7,10,7,3,7,1,1,0,10
1185,6th of October,37529,3,0,0,2,10,10,10,4,8,0,1,0,10
1186,Mohandeseen,16941,2,1,0,4,4,6,8,6,10,1,1,0,5
1187,Helwan,5669,5,0,0,5,5,3,9,10,5,0,1,0,9
1188,Zamalek,43896,2,0,0,4,10,2,6,7,5,0,0,1,6
1189,Al Rehab,24246,4,1,0,9,5,3,10,4,5,0,1,1,9
1190,Mohandeseen,48859,4,0,0,8,8,5,1,7,3,1,1,0,10
1191,Madinaty,44076,3,1,0,4,9,5,9,5,4,0,1,0,4
1192,Dokki,24323,3,0,0,8,9,2,1,8,7,0,1,0,7
1193,New Cairo,37894,3,1,0,3,8,9,10,7,3,1,1,0,8
1194,New Cairo,10021,5,1,0,4,9,9,10,7,10,1,1,1,9
1195,Haram,43205,5,1,0,8,8,9,6,5,4,0,1,0,8
1196,Nasr City,43807,2,1,1,6,9,6,10,3,4,0,1,0,10
1197,El Shorouk,40903,1,1,0,10,6,3,5,8,7,0,1,0,9
1198,El Shorouk,48732,4,1,0,9,10,5,1,5,3,0,1,0,4
1199,Faisal,12711,4,0,0,7,10,2,1,8,5,0,1,0,5
1200,Heliopolis,11904,4,0,0,5,10,2,5,8,2,0,1,1,5
1201,Maadi,39051,2,1,0,4,4,4,5,7,5,0,1,0,6
1202,El Shorouk,24942,2,1,1,7,9,5,8,3,6,0,1,0,10
1203,Faisal,28251,3,1,0,10,4,4,2,4,6,0,1,0,9
1204,Nasr City,29058,1,0,1,6,7,4,7,6,3,0,1,1,10
1205,El Shorouk,39245,3,0,0,8,9,9,5,3,10,0,1,0,10
1206,Helwan,7093,2,0,1,8,4,5,2,8,8,1,0,0,9
1207,Helwan,28918,5,1,0,8,5,4,5,7,5,1,1,0,10
1208,Madinaty,11207,3,0,0,10,5,10,8,4,6,1,1,1,4
1209,Helwan,13394,2,0,0,3,7,2,5,3,2,0,1,1,4
1210,Downtown Cairo,30974,2,0,0,9,10,9,5,9,6,0,1,0,5
1211,El Shorouk,32172,5,1,1,3,5,6,2,6,7,0,0,0,8
1212,Shoubra,36283,5,1,1,2,9,9,9,8,6,0,1,0,4
1213,Faisal,42995,5,1,0,7,7,4,2,7,7,0,0,0,4
1214,Mohandeseen,17280,1,0,0,3,8,7,5,5,8,0,1,0,7
1215,Helwan,40303,2,0,0,6,6,8,2,8,7,0,0,0,6
1216,Nasr City,31453,5,1,1,2,4,9,2,6,3,0,0,0,10
1217,Shoubra,47350,1,1,0,8,4,8,6,6,3,0,1,0,6
1218,Heliopolis,6913,4,1,1,2,4,8,10,6,10,0,1,0,7
1219,Mohandeseen,29765,4,1,0,9,6,3,3,9,7,0,0,0,9
1220,Haram,6340,4,1,1,6,4,4,10,9,5,1,0,0,5
1221,El Shorouk,30179,2,0,0,6,8,7,9,9,6,0,1,0,5
1222,Downtown Cairo,31873,1,0,0,4,6,4,6,10,6,1,1,0,6
1223,6th of October,42057,1,0,0,3,6,10,10,9,9,1,0,0,4
1224,El Obour,4597,4,1,0,7,7,10,10,6,6,0,1,0,4
1225,Downtown Cairo,33119,3,1,0,5,8,7,2,4,3,0,0,0,10
1226,Madinaty,19025,4,1,1,5,3,2,8,8,3,1,1,0,5
1227,Shoubra,11145,2,0,0,7,9,2,2,8,6,1,0,0,5
1228,Dokki,39670,4,1,1,3,3,5,10,3,5,1,1,0,9
1229,Helwan,45723,4,1,0,3,7,9,6,10,3,1,0,0,7
1230,Dokki,11694,1,1,0,5,7,4,2,9,7,0,0,0,8
1231,Mokattam,8830,4,1,1,7,7,5,7,6,9,0,1,0,6
1232,Downtown Cairo,27930,5,1,0,3,4,7,7,6,3,0,1,1,7
1233,Dokki,27752,5,0,0,8,9,10,1,7,8,0,0,0,6
1234,6th of October,46602,3,1,0,9,9,5,6,5,5,1,1,0,8
1235,Faisal,14489,2,0,1,10,10,4,5,7,6,0,0,0,8
1236,Shoubra,36692,2,1,1,7,5,10,8,3,3,0,0,1,7
1237,Mohandeseen,19768,1,0,1,3,7,8,8,4,10,1,1,0,4
1238,Haram,47132,2,0,1,7,6,10,9,10,4,0,1,0,10
1239,Haram,6160,3,0,0,9,3,7,2,5,2,0,1,0,5
1240,New Capital,24133,5,0,0,2,4,5,10,8,5,0,1,0,9
1241,Dokki,39690,1,0,0,7,8,6,10,7,2,0,1,0,9
1242,New Cairo,26870,5,1,1,2,5,3,10,7,7,1,1,1,9
1243,Haram,28496,3,0,1,7,3,4,2,8,5,0,1,1,5
1244,Madinaty,40572,1,1,0,5,3,6,9,4,5,0,1,1,8
1245,Dokki,6368,4,0,0,4,3,4,1,8,10,0,1,0,4
1246,Helwan,44861,2,1,1,4,6,4,1,4,10,0,1,0,4
1247,Mokattam,40700,3,0,0,5,6,10,5,8,8,1,1,0,8
1248,New Cairo,33203,1,0,0,4,6,5,9,5,5,1,1,0,5
1249,El Shorouk,15552,5,0,0,10,5,5,7,6,10,1,1,1,6
1250,El Obour,9608,1,1,1,5,9,2,4,9,6,0,1,0,8
1251,Maadi,49667,4,0,0,2,3,8,4,10,5,0,1,0,4
1252,New Cairo,26485,3,1,0,5,7,10,8,10,6,1,1,0,7
1253,Nasr City,46060,1,1,0,2,5,9,6,4,10,0,1,0,8
1254,Al Rehab,13862,3,1,0,4,6,3,9,9,2,0,1,1,5
1255,Mohandeseen,42299,3,1,0,5,10,7,9,9,8,0,0,0,8
1256,El Shorouk,14412,5,1,1,5,6,6,7,7,10,0,1,1,7
1257,Dokki,25354,2,1,0,10,6,9,10,9,2,1,1,0,5
1258,Downtown Cairo,10344,4,0,1,7,10,2,3,9,4,0,0,0,9
1259,Helwan,44655,1,1,0,4,9,10,6,7,8,0,1,0,6
1260,Sheikh Zayed,21993,2,0,1,8,8,10,7,6,5,0,1,1,4
1261,El Obour,32682,5,1,0,5,4,8,6,6,10,0,1,0,4
1262,Haram,32415,2,1,0,8,8,9,10,4,9,0,1,0,4
1263,Zamalek,23323,3,1,0,3,3,10,8,10,5,0,1,0,10
1264,Shoubra,21997,3,1,0,8,7,6,8,6,4,1,0,0,10
1265,El Obour,7679,4,0,0,9,10,3,4,9,6,0,1,1,9
1266,Madinaty,33489,1,0,0,8,3,2,8,7,8,1,1,0,10
1267,El Shorouk,44308,1,1,0,7,5,6,7,4,7,1,1,0,10
1268,Maadi,13488,5,1,1,5,4,9,7,9,8,0,1,0,8
1269,New Cairo,43842,4,0,0,10,5,5,9,5,6,0,1,1,4
1270,Madinaty,7996,1,1,0,2,9,5,8,9,3,0,1,1,10
1271,Maadi,9695,3,1,0,6,9,5,2,3,6,0,1,0,6
1272,El Obour,34204,4,1,0,2,6,9,6,4,8,0,1,1,8
1273,El Obour,27382,2,1,0,2,10,8,6,8,2,0,1,1,6
1274,Haram,18235,4,1,0,7,6,2,5,5,6,0,1,1,5
1275,New Cairo,6366,4,1,0,7,7,7,8,10,5,1,1,0,6
1276,Dokki,31467,1,1,0,8,10,5,8,7,8,0,1,0,4
1277,Mokattam,10764,5,1,1,10,3,3,3,4,7,0,1,1,7
1278,New Capital,29360,5,1,0,7,5,4,10,4,8,0,1,0,6
1279,Helwan,35923,1,1,0,3,8,5,1,4,5,0,1,0,8
1280,El Shorouk,34175,1,0,1,5,6,8,7,6,6,0,1,1,10
1281,Shoubra,20292,1,1,0,10,7,2,7,6,9,0,1,0,6
1282,El Shorouk,5614,5,1,0,3,7,2,6,7,4,1,1,0,10
1283,Downtown Cairo,24939,1,1,1,8,10,4,6,10,5,0,1,0,9
1284,Madinaty,22800,2,0,0,5,10,3,10,10,7,1,1,1,6
1285,Dokki,27246,2,1,0,7,5,4,6,5,8,1,0,0,9
1286,New Capital,35688,3,1,0,2,3,4,10,10,10,1,1,1,9
1287,Nasr City,31962,2,1,0,9,4,2,5,4,6,0,1,1,9
1288,Zamalek,33764,4,0,1,7,9,7,2,3,4,0,1,0,6
1289,Helwan,36470,3,0,1,8,7,9,3,9,6,0,0,0,6
1290,New Cairo,42501,2,1,0,7,9,6,7,9,3,0,1,0,7
1291,El Obour,7216,4,1,1,8,5,2,1,3,9,0,1,1,7
1292,Mokattam,26072,2,1,0,6,6,8,3,9,5,0,1,0,9
1293,Haram,32242,4,0,0,4,4,10,10,9,10,0,1,0,8
1294,Sheikh Zayed,41132,1,1,1,7,4,8,9,3,4,1,1,0,4
1295,Haram,49037,4,1,0,10,3,10,2,9,8,0,1,0,7
1296,Nasr City,21861,1,0,0,7,5,10,3,6,4,0,0,1,5
1297,Shoubra,8960,4,0,0,10,10,3,9,7,5,0,1,1,10
1298,Zamalek,22781,4,1,1,3,3,9,8,4,3,0,0,0,6
1299,Mokattam,45069,2,1,0,2,7,8,3,7,7,0,1,0,6
1300,Downtown Cairo,35126,4,1,0,5,7,8,7,6,6,0,1,1,8
1301,6th of October,45609,2,1,0,6,8,3,4,10,5,0,0,1,7
1302,Downtown Cairo,26578,4,0,0,8,9,2,7,4,5,1,1,0,5
1303,Helwan,44498,5,1,0,9,5,5,5,10,2,0,0,0,6
1304,Sheikh Zayed,21883,3,1,1,2,6,8,9,4,4,1,1,0,4
1305,El Shorouk,33782,2,0,1,7,8,7,6,8,6,0,0,0,5
1306,Nasr City,20979,2,1,1,2,8,3,1,7,3,0,0,1,6
1307,Nasr City,37746,1,1,0,9,7,8,6,3,8,0,1,0,10
1308,Al Rehab,4730,5,1,0,2,10,10,7,3,4,1,1,1,6
1309,Heliopolis,4056,1,1,0,5,7,3,3,8,9,1,1,0,8
1310,Dokki,35457,5,1,1,4,6,6,10,5,3,1,0,0,4
1311,Mokattam,6243,5,1,1,3,10,3,7,5,9,0,1,0,10
1312,Al Rehab,5701,4,1,1,9,8,2,7,7,6,0,1,0,8
1313,El Obour,12303,1,0,0,7,4,8,9,9,10,0,1,0,8
1314,Maadi,19100,3,1,0,5,9,3,3,8,10,1,0,0,7
1315,Dokki,49766,5,0,0,4,5,7,3,4,7,0,1,0,5
1316,New Capital,46161,5,1,0,7,9,8,7,6,4,1,1,1,10
1317,Sheikh Zayed,4947,2,1,0,7,4,2,7,6,2,1,1,0,9
1318,Mohandeseen,24505,4,0,0,6,3,10,5,5,2,0,1,0,7
1319,New Capital,10553,3,0,0,4,6,7,8,5,6,0,1,0,4
1320,Faisal,37525,5,1,0,10,10,3,3,6,3,0,1,1,8
1321,El Obour,18866,2,0,0,7,5,2,1,8,10,0,1,0,7
1322,Mokattam,34472,1,0,0,6,6,2,7,3,4,0,1,0,4
1323,Madinaty,48348,5,1,0,8,6,3,7,7,5,1,1,0,10
1324,Al Rehab,9651,2,1,0,2,4,10,10,5,3,0,1,1,5
1325,Maadi,11273,1,1,0,8,4,3,9,5,3,1,1,0,4
1326,6th of October,14033,4,1,0,2,10,2,7,6,4,0,1,0,7
1327,Helwan,7535,1,1,1,10,3,5,4,3,7,0,1,0,10
1328,New Cairo,22677,5,0,0,7,5,10,8,10,8,1,1,1,6
1329,Heliopolis,21488,3,1,0,8,10,9,6,6,6,0,0,0,6
1330,Nasr City,45621,1,1,0,8,6,8,6,9,9,0,1,0,9
1331,Nasr City,4908,3,1,0,2,9,9,2,9,2,0,1,1,10
1332,Downtown Cairo,8617,3,1,0,3,8,3,7,10,3,0,1,0,10
1333,Helwan,46816,1,0,1,4,9,6,1,5,6,0,1,0,10
1334,6th of October,34431,4,1,0,9,3,8,9,8,2,0,1,0,10
1335,New Cairo,27453,1,1,0,10,10,2,9,6,8,1,1,1,5
1336,New Capital,39079,2,1,0,9,6,7,10,7,4,1,1,0,5
1337,Helwan,20020,3,0,0,7,10,8,6,10,7,0,1,0,4
1338,Madinaty,49320,5,1,0,3,9,9,9,9,8,1,1,1,5
1339,New Cairo,30562,3,0,1,3,3,6,7,5,6,0,1,1,8
1340,Haram,28373,5,1,0,8,6,9,3,5,8,0,1,0,8
1341,Haram,34164,2,0,0,10,4,2,6,5,4,0,1,1,10
1342,Helwan,5885,2,1,0,7,7,5,4,5,9,0,1,0,8
1343,New Cairo,5049,2,1,0,2,3,7,9,10,8,1,1,1,8
1344,New Cairo,47271,1,0,0,10,3,5,8,5,5,1,1,1,5
1345,Heliopolis,5161,3,1,1,8,7,6,8,4,8,0,1,0,5
1346,El Obour,4815,5,0,1,4,4,3,1,4,6,0,1,1,4
1347,Downtown Cairo,40534,2,1,1,3,3,8,10,6,6,1,1,0,6
1348,6th of October,31498,2,1,0,4,4,10,7,10,4,0,0,0,10
1349,Sheikh Zayed,29037,5,0,1,3,9,8,10,8,8,0,1,1,6
1350,Mokattam,40007,3,1,1,3,9,2,8,4,5,0,0,0,4
1351,Nasr City,17942,3,1,1,5,9,3,3,5,8,0,1,0,5
1352,Maadi,31278,5,0,1,7,9,9,4,10,8,1,1,0,5
1353,Al Rehab,12272,4,1,0,4,8,2,10,10,5,1,1,0,4
1354,6th of October,37637,3,1,0,10,6,3,5,5,3,0,1,0,5
1355,New Cairo,42294,5,0,0,6,8,6,10,10,7,0,1,0,7
1356,6th of October,11741,5,1,0,6,9,7,4,5,7,0,0,0,5
1357,New Cairo,8694,2,1,1,8,10,2,9,4,6,1,1,1,10
1358,Maadi,34306,5,0,1,10,10,2,8,4,2,0,0,0,5
1359,El Shorouk,5934,1,0,1,2,10,3,10,8,3,0,1,0,4
1360,Madinaty,25556,2,1,0,10,6,4,9,3,8,1,1,0,6
1361,6th of October,22907,2,1,0,3,7,10,6,5,4,0,1,1,5
1362,Downtown Cairo,10159,3,1,0,4,9,4,5,8,8,1,0,1,7
1363,Mohandeseen,33158,4,1,0,6,5,9,10,8,3,1,1,0,10
1364,Nasr City,24293,3,1,1,5,9,7,10,9,10,0,0,0,10
1365,Al Rehab,49761,1,1,1,6,4,6,10,3,10,1,1,0,7
1366,Maadi,37932,2,1,0,6,9,10,9,10,6,1,0,0,7
1367,Downtown Cairo,37387,2,1,1,6,5,9,10,8,6,0,1,0,7
1368,Heliopolis,44750,5,1,0,6,5,4,7,3,9,0,0,0,8
1369,Mohandeseen,7066,4,1,0,3,4,8,1,8,10,0,0,0,10
1370,Nasr City,25256,4,1,0,2,9,5,2,8,9,0,0,1,6
1371,Shoubra,45406,5,0,0,9,5,9,4,9,7,1,1,1,8
1372,Haram,39105,1,0,1,4,3,8,10,3,3,1,1,0,10
1373,Heliopolis,9594,4,1,1,8,9,4,9,8,3,0,0,0,4
1374,Nasr City,6460,2,1,0,9,6,8,2,5,3,1,1,1,10
1375,Shoubra,10820,1,0,0,7,8,7,1,4,4,0,1,0,10
1376,El Obour,40210,3,1,0,7,10,7,1,5,6,0,1,0,10
1377,Nasr City,20191,3,1,0,4,7,4,9,10,2,0,1,0,10
1378,El Obour,23095,1,1,0,10,9,5,1,4,10,1,1,0,5
1379,Helwan,14529,2,1,0,4,4,5,4,9,6,0,1,0,5
1380,Haram,36175,3,1,0,6,7,7,5,8,8,0,0,0,8
1381,Mohandeseen,21675,2,0,0,7,8,10,6,5,6,1,0,0,10
1382,El Obour,47158,5,1,0,2,6,6,6,10,4,0,1,0,6
1383,Faisal,9374,4,1,0,10,7,9,3,9,4,0,1,0,10
1384,New Cairo,29976,1,1,1,8,4,6,7,7,5,1,1,1,9
1385,Mohandeseen,17142,4,1,1,2,10,7,8,9,4,0,1,0,9
1386,Maadi,16204,5,0,0,7,7,7,1,7,7,0,1,0,6
1387,Mohandeseen,11394,3,1,0,8,5,5,9,5,6,1,1,1,9
1388,El Obour,37593,2,1,0,6,5,6,6,5,2,0,0,0,6
1389,El Obour,45964,2,1,0,6,6,5,1,9,5,0,1,1,8
1390,Zamalek,15652,5,0,0,8,9,3,9,5,9,0,1,0,4
1391,Heliopolis,37740,1,1,1,4,5,3,4,7,10,1,1,0,5
1392,Faisal,48036,4,0,1,4,7,9,9,9,7,0,1,0,10
1393,Shoubra,4443,3,1,0,2,3,5,10,9,5,0,1,0,8
1394,Mohandeseen,27903,1,1,0,9,7,10,5,9,3,0,1,1,8
1395,Zamalek,37522,5,1,0,3,3,7,6,9,10,0,0,0,9
1396,Shoubra,32180,5,1,0,4,7,6,9,5,9,0,1,0,10
1397,6th of October,25119,2,1,0,8,3,8,6,10,6,1,1,1,6
1398,El Obour,14363,3,0,0,9,9,7,1,6,9,0,1,0,8
1399,Al Rehab,47665,1,0,0,10,3,5,7,6,7,1,1,1,8
1400,El Obour,42164,2,1,1,9,4,10,2,6,2,0,0,1,7
1401,Madinaty,35541,3,0,0,8,4,7,10,5,9,1,1,0,6
1402,Sheikh Zayed,7465,4,0,0,2,10,4,8,8,6,1,1,0,4
1403,Heliopolis,6711,4,0,0,2,8,5,10,10,4,1,1,1,5
1404,Dokki,29198,2,0,0,9,7,5,10,3,2,0,1,0,4
1405,Nasr City,26488,1,1,0,8,5,9,5,3,9,0,1,0,6
1406,Al Rehab,42515,3,1,0,3,4,6,8,9,7,1,1,0,4
1407,El Obour,27608,4,1,1,10,3,9,8,10,8,0,0,1,8
1408,Faisal,31898,4,1,1,8,7,9,10,4,4,0,1,0,4
1409,Madinaty,5919,1,0,1,10,5,7,10,8,9,1,1,1,7
1410,Madinaty,35171,2,1,0,2,7,6,10,6,4,0,1,0,6
1411,Al Rehab,24599,5,1,0,4,3,3,10,7,6,0,1,1,10
1412,Dokki,20965,3,1,1,3,4,2,3,6,7,0,1,0,10
1413,Haram,18434,4,1,0,7,4,8,9,6,9,0,1,0,8
1414,Sheikh Zayed,40649,5,0,0,5,6,8,7,4,6,1,1,1,4
1415,Maadi,5999,1,1,0,3,6,3,3,8,2,1,0,0,8
1416,Mokattam,18849,2,1,0,3,8,4,2,6,2,0,0,0,10
1417,El Obour,14903,3,1,1,7,8,9,6,3,7,0,1,0,10
1418,El Shorouk,9445,1,0,0,10,10,5,1,7,7,0,1,1,7
1419,Dokki,39396,2,1,1,7,10,6,8,3,8,0,0,0,8
1420,Maadi,22040,1,0,0,5,8,8,10,6,8,0,1,1,5
1421,El Obour,4246,4,0,1,10,7,9,10,10,10,0,0,0,9
1422,Mokattam,35153,4,0,0,3,7,2,3,5,7,0,0,0,9
1423,Helwan,9212,5,0,1,7,5,8,6,10,4,0,1,0,7
1424,6th of October,7339,1,1,0,8,8,4,2,7,4,1,1,0,7
1425,Helwan,27142,4,0,1,4,4,6,5,7,5,0,1,0,6
1426,Mohandeseen,23394,2,0,0,5,8,2,2,4,7,0,1,0,6
1427,Maadi,39136,5,0,0,8,4,4,7,4,5,0,0,0,6
1428,El Obour,16186,3,0,0,10,8,6,5,7,3,0,0,1,5
1429,New Cairo,38607,1,1,1,6,6,2,9,7,8,0,1,0,8
1430,Shoubra,42973,4,0,1,3,10,3,6,10,3,0,0,0,5
1431,Heliopolis,8395,2,0,1,9,3,4,8,8,6,0,0,1,4
1432,Faisal,19290,1,1,0,10,3,9,9,3,6,0,1,1,4
1433,Dokki,26151,2,0,0,3,8,6,7,6,9,0,1,0,6
1434,Madinaty,7691,5,0,0,2,6,6,8,9,6,0,1,1,5
1435,6th of October,11470,4,1,0,5,7,4,9,7,7,0,1,1,5
1436,Maadi,7841,4,1,0,2,8,10,9,8,5,0,1,0,9
1437,Downtown Cairo,41116,5,1,1,2,9,10,10,5,5,1,1,0,6
1438,Nasr City,21776,2,1,1,6,8,3,2,6,4,0,0,0,10
1439,Sheikh Zayed,10060,1,1,1,8,9,9,10,7,3,1,1,0,4
1440,New Capital,31584,2,0,0,4,9,2,10,8,5,1,1,0,6
1441,Sheikh Zayed,8300,1,1,0,8,4,6,8,4,10,1,1,0,6
1442,Haram,7338,5,1,0,6,4,8,5,4,10,0,1,0,8
1443,Sheikh Zayed,9487,3,1,0,9,8,9,8,4,5,1,1,0,8
1444,Helwan,40282,1,1,0,8,4,9,6,5,10,1,1,0,6
1445,El Shorouk,33529,4,1,1,2,3,7,8,3,6,0,1,0,6
1446,Helwan,34262,4,1,0,2,7,8,4,6,10,1,1,0,5
1447,Madinaty,15280,4,1,0,8,9,5,10,3,10,1,1,0,8
1448,Zamalek,47075,2,1,1,7,8,8,10,3,10,0,1,0,8
1449,Haram,32804,2,1,1,10,3,8,10,3,10,0,1,1,7
1450,Haram,13915,2,1,1,9,7,10,1,4,8,0,1,0,6
1451,Mokattam,15158,4,0,0,7,10,3,4,9,10,0,1,0,9
1452,Downtown Cairo,12621,1,0,0,7,6,9,2,6,2,1,1,0,7
1453,El Shorouk,14547,4,0,0,10,7,10,5,10,5,0,1,0,6
1454,Sheikh Zayed,27177,1,0,1,5,9,4,7,4,7,1,1,0,10
1455,New Cairo,6459,2,0,0,10,3,9,10,9,7,1,1,1,9
1456,New Capital,32768,3,1,1,9,4,2,7,3,2,1,1,1,9
1457,El Shorouk,42041,2,1,1,4,3,6,9,10,2,0,1,0,8
1458,Dokki,46225,5,0,1,5,6,2,5,8,2,0,1,0,10
1459,Al Rehab,42191,1,1,0,8,10,2,10,8,9,0,1,1,5
1460,Zamalek,21434,3,0,0,4,4,7,3,7,2,0,0,0,9
1461,Heliopolis,42247,2,1,1,4,3,6,7,9,10,0,1,1,6
1462,Downtown Cairo,19419,3,0,1,9,4,6,5,5,3,0,0,0,10
1463,Downtown Cairo,39017,4,1,1,6,9,3,9,9,10,0,1,0,6
1464,Faisal,39577,1,1,0,6,6,10,4,8,10,0,0,0,6
1465,Al Rehab,6921,5,0,1,9,7,6,10,8,3,1,1,1,7
1466,Maadi,8676,4,1,0,7,7,4,3,8,5,1,1,0,7
1467,Mokattam,24425,3,1,0,6,9,8,8,5,10,0,1,0,6
1468,Maadi,39185,2,0,0,2,9,7,3,8,10,0,1,0,5
1469,Sheikh Zayed,17463,1,1,0,6,10,7,8,9,9,0,1,1,4
1470,Helwan,29474,5,1,0,9,5,6,7,3,6,0,1,0,4
1471,New Cairo,44935,2,0,0,10,10,5,9,4,2,1,1,1,8
1472,El Obour,5469,5,0,0,7,10,7,7,6,3,0,0,1,7
1473,6th of October,11292,1,1,0,4,4,8,3,4,5,0,1,0,5
1474,Dokki,29409,3,1,0,9,8,9,3,6,10,0,0,0,8
1475,Downtown Cairo,27526,5,0,0,6,6,3,5,10,5,0,1,0,10
1476,Al Rehab,27465,1,1,1,3,3,5,7,7,6,1,1,0,6
1477,New Capital,34955,5,0,1,2,8,8,8,6,2,0,1,1,6
1478,Maadi,30785,2,1,1,9,3,4,7,6,6,0,0,0,8
1479,Downtown Cairo,25033,5,1,0,3,5,6,3,7,3,0,1,0,6
1480,Mokattam,10931,2,1,0,4,3,8,9,5,10,0,0,0,5
1481,New Capital,5091,2,1,1,10,9,10,8,6,10,1,1,1,10
1482,Al Rehab,29772,1,1,0,2,6,7,8,7,6,1,1,0,7
1483,New Cairo,20363,4,0,0,9,10,3,9,6,9,0,1,0,7
1484,Helwan,32490,5,1,0,3,6,10,8,4,7,0,1,0,8
1485,El Shorouk,4260,3,0,0,9,9,7,7,10,9,0,1,0,8
1486,Downtown Cairo,14456,2,1,1,3,7,3,9,7,10,0,1,0,7
1487,Shoubra,26320,4,1,1,8,4,2,5,3,5,0,1,0,10
1488,Nasr City,17435,2,1,1,4,4,5,3,8,5,0,1,0,4
1489,New Capital,46145,4,1,1,5,3,3,10,9,8,1,1,1,7
1490,Heliopolis,31025,4,1,0,2,4,8,6,6,6,0,1,0,7
1491,Faisal,32109,3,1,0,2,9,8,2,6,5,0,1,1,8
1492,Nasr City,24754,4,0,0,9,5,4,8,4,3,0,1,0,9
1493,New Cairo,8301,3,0,0,9,4,2,10,4,3,0,1,0,6
1494,Zamalek,11207,1,1,0,3,8,3,2,3,5,0,0,0,7
1495,Heliopolis,31920,2,1,1,5,9,9,6,7,9,0,1,0,9
1496,Downtown Cairo,26203,3,1,0,3,3,5,6,8,9,0,1,1,8
1497,Maadi,25545,2,1,1,9,4,4,8,3,8,0,1,0,7
1498,New Cairo,28016,5,1,0,8,8,8,10,9,5,1,1,0,5
1499,Helwan,35098,1,1,0,8,6,5,3,3,8,0,1,1,6
1500,El Shorouk,12556,5,1,1,4,6,3,8,5,10,1,1,0,8
1501,Haram,24102,5,0,1,6,7,4,2,8,9,1,1,0,5
1502,Downtown Cairo,42893,4,1,1,2,9,5,9,3,6,0,0,0,5
1503,El Shorouk,5924,4,1,1,5,7,2,6,6,4,0,1,0,8
1504,Shoubra,23479,5,0,0,5,7,9,1,3,3,1,1,0,8
1505,Mohandeseen,43451,4,1,1,2,7,9,4,9,5,1,0,0,9
1506,Mokattam,22922,2,1,0,8,4,6,1,9,10,0,1,0,5
1507,Helwan,22660,4,1,1,6,9,7,3,8,5,1,1,0,8
1508,Mohandeseen,13945,5,1,1,2,9,5,10,10,10,1,0,0,5
1509,Downtown Cairo,4306,4,1,0,6,8,4,6,4,6,1,1,0,4
1510,Mokattam,26959,4,1,1,9,3,4,3,4,4,0,0,0,6
1511,Haram,8231,3,0,1,9,10,5,5,8,7,1,1,0,4
1512,New Capital,42796,3,1,0,3,4,7,9,10,10,0,1,0,9
1513,Dokki,16207,5,1,1,2,3,3,8,6,9,0,1,0,5
1514,New Cairo,43426,2,1,1,3,3,7,8,5,4,1,1,1,9
1515,El Shorouk,10336,1,1,0,7,3,9,4,3,5,0,1,0,8
1516,New Cairo,13630,1,1,1,6,3,10,10,7,5,1,1,0,7
1517,New Capital,21256,5,1,0,5,10,5,8,4,2,1,1,1,6
1518,Mokattam,37909,2,1,1,9,6,6,7,6,6,0,1,0,8
1519,Downtown Cairo,45168,2,0,0,6,8,9,9,7,4,0,1,0,8
1520,Mokattam,37719,2,1,0,5,3,3,6,8,8,1,1,0,5
1521,Dokki,46017,3,1,1,9,4,3,2,10,8,0,1,0,5
1522,Helwan,49704,5,1,0,2,3,10,7,3,6,0,1,0,10
1523,El Shorouk,34013,1,1,0,10,6,7,3,3,6,0,1,0,6
1524,New Capital,18455,2,1,0,3,4,10,8,3,2,0,1,0,9
1525,Sheikh Zayed,8722,5,1,0,9,9,8,8,7,5,1,1,1,5
1526,6th of October,16812,1,1,0,10,8,6,9,10,2,0,0,0,6
1527,Heliopolis,34276,3,1,0,9,5,10,1,10,2,0,1,0,10
1528,Shoubra,40776,4,1,0,10,4,10,6,9,9,0,0,0,7
1529,Maadi,14060,1,1,0,5,10,3,10,3,10,0,0,0,7
1530,Mohandeseen,17056,1,1,0,3,9,9,7,5,3,0,0,0,9
1531,Al Rehab,10655,1,1,0,4,6,9,9,10,10,0,1,0,7
1532,El Obour,26574,4,1,0,9,8,3,6,10,2,1,1,0,4
1533,Helwan,17027,2,0,0,6,6,8,10,10,10,0,0,0,7
1534,Mohandeseen,8030,4,0,0,5,7,2,3,9,2,0,0,0,6
1535,Haram,28243,1,1,1,4,5,6,9,9,9,1,1,1,5
1536,Haram,37289,3,1,0,4,3,6,6,7,2,0,0,1,7
1537,Mokattam,23739,1,0,0,8,9,6,8,4,9,0,1,0,7
1538,Downtown Cairo,38168,3,1,0,9,6,3,4,8,2,0,0,0,9
1539,Heliopolis,48698,5,0,0,6,10,4,8,5,9,0,1,0,9
1540,Al Rehab,40491,3,1,1,9,7,7,7,10,3,1,1,1,6
1541,El Obour,34013,1,0,0,10,7,2,8,9,6,0,1,0,8
1542,Zamalek,10579,4,1,0,5,8,7,2,6,8,0,0,0,8
1543,Heliopolis,22242,1,1,0,3,3,7,3,3,9,0,1,0,4
1544,6th of October,8781,1,1,1,6,9,8,10,6,7,0,1,0,7
1545,Mohandeseen,24448,5,0,0,3,9,10,4,4,9,0,1,0,6
1546,Al Rehab,49641,2,1,0,3,9,10,9,6,4,0,1,0,6
1547,Faisal,25446,1,1,1,7,8,5,5,9,8,0,0,0,5
1548,6th of October,15043,5,0,0,2,4,3,3,4,8,0,1,1,6
1549,Helwan,23853,4,1,1,3,5,6,7,6,3,1,1,0,6
1550,El Shorouk,24079,5,1,0,6,3,2,2,4,4,0,1,0,9
1551,Mokattam,21101,5,0,0,6,10,6,1,10,9,0,1,1,10
1552,Downtown Cairo,4642,3,0,0,4,8,4,2,7,10,1,0,0,7
1553,Shoubra,32016,2,1,0,6,3,8,3,9,3,1,1,0,6
1554,New Capital,22932,2,1,0,10,4,8,10,7,10,1,1,0,9
1555,Zamalek,48653,4,1,1,3,4,4,5,10,4,1,0,0,4
1556,Madinaty,28945,5,0,0,7,6,6,10,10,2,0,1,0,8
1557,Mohandeseen,11549,4,1,1,9,4,10,8,8,2,0,1,0,7
1558,Haram,17397,4,1,0,4,4,5,4,8,8,0,1,0,8
1559,Zamalek,29362,2,0,1,3,10,3,4,6,9,0,1,1,7
1560,Maadi,37717,2,1,1,2,5,4,2,10,2,0,0,0,8
1561,Zamalek,27016,2,0,0,2,8,2,3,5,8,0,0,0,9
1562,Zamalek,18732,1,0,0,5,8,6,3,10,8,1,1,0,4
1563,6th of October,30911,5,1,1,7,9,10,2,5,8,1,1,0,8
1564,El Obour,21866,4,1,0,8,9,3,1,7,7,0,1,0,8
1565,Zamalek,46607,5,1,1,9,5,4,2,3,5,0,1,1,6
1566,El Obour,31621,4,0,1,9,5,4,5,10,5,0,1,1,5
1567,New Capital,16823,4,1,0,2,3,8,7,10,7,1,1,0,10
1568,Dokki,33986,4,0,1,9,9,8,5,3,9,0,1,0,5
1569,Maadi,18690,4,0,0,2,5,2,3,5,9,1,1,0,9
1570,Heliopolis,43107,3,1,0,4,5,4,7,9,4,0,0,0,9
1571,Dokki,14956,3,1,0,6,7,2,4,6,7,0,1,0,4
1572,Mokattam,25303,1,0,0,9,10,10,7,10,5,0,1,0,9
1573,Haram,40533,2,1,0,9,5,8,8,5,10,0,1,1,5
1574,Downtown Cairo,33674,4,1,0,7,3,6,3,8,8,0,1,0,4
1575,Maadi,39595,5,0,1,5,8,8,10,7,9,0,1,0,4
1576,Madinaty,6058,3,0,0,5,10,4,7,6,2,0,1,0,9
1577,El Shorouk,15519,2,0,0,9,7,4,8,7,5,0,1,0,5
1578,Helwan,35115,1,1,0,4,9,2,6,5,7,0,1,0,9
1579,Mohandeseen,4730,2,0,0,9,10,6,3,5,7,0,1,0,8
1580,Al Rehab,5832,4,0,0,5,3,8,10,7,3,1,1,1,8
1581,New Cairo,45368,2,1,0,10,3,4,9,6,8,1,1,1,8
1582,Heliopolis,26889,4,1,1,3,7,6,8,6,4,1,0,0,8
1583,6th of October,43938,3,1,0,2,7,2,9,4,7,1,1,0,5
1584,Heliopolis,8179,3,1,1,5,7,8,10,7,4,0,1,0,9
1585,6th of October,10299,4,1,0,10,7,9,1,10,7,0,1,0,4
1586,Dokki,11830,5,1,1,8,3,9,9,5,9,0,1,0,7
1587,6th of October,48207,3,0,0,10,7,2,5,7,6,1,0,0,4
1588,Haram,41570,5,0,0,10,4,5,5,10,2,0,1,0,4
1589,El Shorouk,26441,4,1,1,10,8,10,5,7,4,0,1,0,7
1590,Mohandeseen,10615,4,1,1,10,9,3,1,3,2,0,1,0,6
1591,Mohandeseen,10762,3,1,0,8,5,2,5,4,9,0,1,1,6
1592,Haram,42311,5,0,1,9,9,7,10,6,8,1,1,0,8
1593,New Capital,28709,4,1,1,3,9,2,10,9,5,1,1,0,9
1594,Downtown Cairo,41651,3,1,0,10,9,7,6,3,5,0,1,0,5
1595,Dokki,27434,4,1,0,3,5,2,5,4,2,1,1,0,6
1596,Al Rehab,25343,2,1,0,9,8,7,7,3,5,1,1,0,10
1597,New Capital,19739,2,0,0,3,4,10,9,4,2,0,1,0,10
1598,Shoubra,4666,3,1,0,9,8,6,7,9,6,1,1,0,7
1599,Sheikh Zayed,37044,4,0,0,4,3,5,8,9,6,1,1,0,10
1600,Heliopolis,31883,3,1,0,3,3,9,10,4,3,0,1,0,10
1601,New Cairo,18063,1,1,0,7,5,5,8,8,3,1,1,0,6
1602,6th of October,37649,3,1,0,7,6,5,5,7,10,0,0,1,5
1603,Madinaty,38828,3,1,0,2,8,10,10,10,3,1,1,1,10
1604,Mokattam,43470,2,0,0,8,10,2,6,4,6,1,1,0,6
1605,Al Rehab,13429,2,0,0,2,9,4,10,9,10,1,1,1,9
1606,Haram,36926,4,0,0,5,4,5,1,5,9,0,0,0,4
1607,El Shorouk,41997,3,1,1,7,10,9,9,9,3,0,1,1,4
1608,El Shorouk,44724,3,1,1,9,4,2,8,5,3,0,0,1,4
1609,El Obour,36269,4,0,0,9,10,4,7,5,6,0,1,0,4
1610,El Obour,35704,5,1,0,8,5,3,5,5,5,0,1,1,4
1611,Faisal,32391,4,0,0,6,9,7,1,9,4,0,1,0,8
1612,Faisal,28187,2,1,0,7,7,10,7,3,5,0,0,1,8
1613,Mokattam,49334,2,1,0,9,10,10,9,6,3,0,1,0,8
1614,Sheikh Zayed,6526,3,1,0,4,8,6,9,6,3,1,1,1,7
1615,El Obour,28686,2,0,0,7,6,4,8,9,5,1,0,0,9
1616,Mohandeseen,11803,4,1,0,5,3,9,3,8,4,1,1,0,7
1617,Faisal,36668,3,0,1,4,3,10,3,4,8,0,0,0,8
1618,El Shorouk,10574,4,0,0,4,3,10,7,6,10,0,1,0,6
1619,Haram,12733,4,1,0,5,3,2,6,3,2,0,1,0,5
1620,Heliopolis,11257,3,1,0,7,4,6,5,9,8,1,1,0,4
1621,Haram,40051,5,0,0,2,4,10,7,5,4,1,0,1,9
1622,Faisal,19909,2,1,0,3,7,4,9,5,5,0,1,0,9
1623,Nasr City,28146,1,1,1,5,4,8,1,5,3,1,1,0,6
1624,6th of October,15802,1,1,0,10,7,10,10,6,6,0,1,0,8
1625,New Cairo,11896,1,1,0,9,9,3,8,9,9,0,1,0,5
1626,Madinaty,32133,2,0,0,9,7,3,7,9,3,1,1,1,8
1627,Faisal,17526,5,0,0,8,9,6,8,6,9,0,1,0,8
1628,New Cairo,15278,4,1,0,7,3,9,8,7,10,1,1,1,10
1629,Downtown Cairo,29551,3,0,0,8,3,6,7,7,6,0,1,0,9
1630,Zamalek,29298,5,1,0,7,4,9,3,6,10,0,0,0,9
1631,Dokki,39338,1,0,0,4,9,5,9,10,9,1,1,1,9
1632,El Shorouk,26191,2,1,1,7,4,10,5,8,3,0,1,0,7
1633,Helwan,37092,2,1,1,8,7,5,10,8,6,0,1,0,9
1634,New Capital,27871,3,1,0,7,5,6,8,8,10,1,1,1,6
1635,Nasr City,13721,4,1,0,3,3,8,6,10,10,1,0,0,4
1636,Sheikh Zayed,42413,5,0,0,7,9,10,7,5,9,1,1,0,10
1637,El Shorouk,34279,5,0,1,3,6,6,8,10,3,0,0,1,6
1638,New Capital,18404,5,1,0,2,5,8,7,10,7,0,1,0,7
1639,Haram,8486,4,1,0,6,10,5,4,10,2,1,1,0,9
1640,Helwan,39198,4,1,0,5,3,3,9,6,8,0,1,0,8
1641,Faisal,32687,4,1,0,10,3,3,10,3,7,0,1,0,7
1642,6th of October,17156,3,1,0,10,4,6,2,10,9,0,0,0,10
1643,Sheikh Zayed,4567,2,1,0,10,6,3,10,7,8,1,1,1,9
1644,Maadi,6179,1,0,0,4,8,3,8,10,3,0,0,0,8
1645,Sheikh Zayed,6019,4,1,1,4,6,3,9,5,3,1,1,0,10
1646,Maadi,19919,2,0,0,4,3,5,2,9,3,0,0,0,7
1647,Downtown Cairo,23703,4,1,0,6,8,9,2,7,7,0,1,1,6
1648,Maadi,22704,1,1,0,7,10,8,1,8,9,0,1,0,4
1649,Sheikh Zayed,22030,4,1,1,7,8,6,8,4,2,0,1,1,5
1650,Heliopolis,7909,2,0,0,4,7,8,9,4,3,0,1,0,8
1651,Dokki,12015,3,1,1,3,6,7,1,4,6,0,0,0,8
1652,Madinaty,7420,1,0,0,7,5,9,9,8,10,1,1,0,8
1653,Faisal,20740,2,0,0,5,10,9,7,8,9,1,1,1,4
1654,Faisal,44253,5,0,1,10,7,8,5,6,2,0,1,0,7
1655,El Shorouk,34328,5,1,1,3,10,6,1,7,9,0,0,0,6
1656,New Cairo,23465,5,0,1,5,4,7,7,10,8,1,1,0,10
1657,El Obour,8131,3,0,0,3,3,9,6,9,10,0,1,0,10
1658,Haram,14652,4,0,0,6,3,8,8,3,5,0,0,0,9
1659,Mohandeseen,25507,4,0,0,4,5,6,2,7,7,1,1,1,4
1660,Downtown Cairo,27806,4,0,1,5,5,9,10,9,5,0,0,0,8
1661,Zamalek,23171,3,0,1,10,8,5,3,8,5,0,0,0,10
1662,New Cairo,24593,5,1,0,6,4,7,10,8,10,0,1,0,10
1663,Mohandeseen,13470,4,1,0,10,10,5,1,5,2,1,1,0,9
1664,Sheikh Zayed,48308,3,0,1,6,4,6,9,10,8,1,1,1,6
1665,Shoubra,25326,3,1,0,10,8,4,1,6,9,1,0,0,5
1666,Madinaty,8597,2,0,0,9,8,3,8,7,7,1,1,0,4
1667,El Shorouk,41304,4,0,1,2,6,2,6,6,2,0,0,1,5
1668,Mokattam,34788,5,1,0,4,7,4,10,6,7,0,1,0,10
1669,Mokattam,46725,1,1,0,6,3,2,7,10,5,1,1,0,7
1670,Maadi,40930,3,1,1,4,6,7,2,9,9,0,0,0,9
1671,Nasr City,37071,2,0,0,2,4,3,6,3,8,0,1,0,10
1672,Nasr City,9067,1,1,0,3,5,4,5,5,9,1,1,0,4
1673,Heliopolis,9024,3,1,0,3,6,9,3,10,2,0,0,1,4
1674,El Obour,11715,2,1,0,5,5,6,9,9,10,0,0,0,10
1675,6th of October,35770,4,1,0,7,8,3,5,3,4,1,1,1,7
1676,Downtown Cairo,15226,2,0,1,3,7,3,8,8,3,0,0,0,9
1677,Mokattam,39399,3,0,1,7,9,4,4,3,10,0,1,0,6
1678,Dokki,17412,4,1,0,2,5,4,6,6,2,0,1,0,5
1679,New Capital,48415,5,0,1,9,9,9,8,6,7,1,1,1,8
1680,Maadi,16569,2,1,0,4,9,6,4,3,6,0,1,0,7
1681,Dokki,6369,1,0,0,9,3,9,9,8,5,1,1,0,4
1682,Heliopolis,48427,4,1,0,4,7,5,5,4,2,0,1,0,4
1683,Helwan,36021,4,0,1,2,5,10,1,4,3,0,0,0,10
1684,Maadi,4528,5,0,1,5,6,4,7,3,5,1,1,0,7
1685,New Cairo,47270,2,1,0,4,3,3,9,10,7,1,1,1,9
1686,Nasr City,34314,1,0,0,9,3,7,3,6,7,0,1,0,4
1687,Nasr City,41443,5,0,1,2,4,5,6,6,6,1,1,0,10
1688,Zamalek,22047,2,0,0,10,4,3,3,5,9,1,1,0,7
1689,Mohandeseen,23748,1,1,1,10,10,7,1,6,4,1,0,0,9
1690,El Shorouk,39109,1,1,0,7,6,5,6,8,10,0,0,0,4
1691,Sheikh Zayed,17919,3,1,0,6,8,5,9,9,5,1,1,1,8
1692,El Obour,19256,1,1,0,6,4,5,5,7,2,1,1,0,4
1693,Downtown Cairo,8905,2,0,0,7,5,5,1,8,7,0,1,0,4
1694,Al Rehab,12884,5,0,1,8,8,9,7,7,3,1,1,1,10
1695,Madinaty,32906,5,0,0,9,10,2,10,6,5,1,1,1,8
1696,New Cairo,45911,3,1,0,4,10,10,9,9,4,1,1,0,4
1697,Mokattam,9950,2,1,0,2,4,4,8,3,4,1,1,0,10
1698,Shoubra,5360,1,0,0,6,10,6,8,8,3,0,0,0,4
1699,Madinaty,41895,3,0,0,2,3,6,7,8,9,1,1,0,8
1700,Madinaty,25946,4,0,0,3,6,5,10,7,3,1,1,1,10
1701,El Shorouk,12730,2,0,0,9,5,5,5,6,2,0,1,1,6
1702,6th of October,26161,3,0,1,4,3,8,5,9,6,0,1,0,5
1703,Zamalek,31738,5,0,0,5,3,5,4,6,2,1,1,0,4
1704,Nasr City,7925,3,0,0,7,7,4,8,10,7,1,1,0,4
1705,New Capital,12463,4,1,1,9,4,10,9,10,6,0,1,0,5
1706,Mohandeseen,21412,2,0,0,2,9,5,9,7,2,0,0,0,8
1707,Al Rehab,26402,3,1,0,3,8,5,9,6,8,1,1,0,9
1708,El Shorouk,38010,1,1,0,7,5,9,1,3,4,0,0,0,4
1709,Zamalek,29717,2,1,0,9,6,8,9,8,3,0,1,1,4
1710,New Capital,45552,3,0,0,9,6,5,7,4,10,1,1,0,10
1711,Al Rehab,13797,3,1,1,4,6,9,10,8,4,1,1,0,5
1712,Nasr City,24594,2,0,1,5,7,3,10,7,9,0,0,0,9
1713,Downtown Cairo,10406,5,0,0,5,10,10,1,7,5,0,0,1,5
1714,Nasr City,17965,1,1,0,5,5,3,3,9,7,0,1,0,9
1715,El Shorouk,17733,2,1,0,3,3,4,3,6,9,0,1,0,9
1716,Nasr City,30926,1,0,0,7,8,7,7,3,5,0,1,0,4
1717,Helwan,32783,1,1,0,9,7,8,3,7,4,0,0,0,9
1718,Helwan,21824,2,0,0,10,8,10,6,6,10,0,1,0,8
1719,El Shorouk,40394,3,1,1,2,8,9,10,9,8,0,0,0,10
1720,Downtown Cairo,46842,5,1,0,2,4,7,4,6,10,1,0,1,5
1721,Downtown Cairo,32287,1,0,0,10,3,9,6,10,4,0,1,0,5
1722,Heliopolis,20568,1,0,0,5,6,6,9,8,2,0,1,1,5
1723,El Shorouk,34436,3,1,0,8,4,10,7,8,4,0,0,0,10
1724,New Capital,25380,2,1,1,3,5,5,9,6,8,1,1,1,4
1725,Haram,28796,5,1,1,2,5,2,8,5,2,0,0,0,9
1726,Mokattam,12031,1,1,0,8,9,9,4,5,6,1,0,0,7
1727,Maadi,25947,1,1,1,7,9,6,8,9,6,0,1,0,10
1728,6th of October,7188,2,0,1,4,8,10,3,3,4,0,1,0,5
1729,Nasr City,29669,3,1,1,5,9,4,10,4,9,0,1,0,5
1730,New Capital,39713,4,0,0,2,7,10,7,5,2,0,1,0,4
1731,Zamalek,35813,3,1,0,8,5,9,3,3,10,0,0,1,4
1732,New Cairo,10765,1,1,0,10,9,7,8,10,8,1,1,0,9
1733,Heliopolis,27171,1,1,0,2,6,9,3,6,2,0,1,0,8
1734,Nasr City,14807,5,1,1,3,7,9,4,6,3,1,1,0,6
1735,Nasr City,14204,3,0,0,3,7,8,3,4,3,0,1,0,9
1736,Zamalek,31066,4,1,1,7,6,8,2,7,2,1,1,0,8
1737,Helwan,46120,5,0,0,6,5,4,6,10,2,0,1,0,6
1738,Faisal,41367,4,1,0,7,4,8,1,5,3,1,1,0,7
1739,Mokattam,26658,5,0,0,2,7,4,5,9,7,1,0,1,4
1740,El Shorouk,41081,3,0,0,7,4,10,6,5,6,1,1,0,7
1741,Madinaty,38986,1,0,0,7,4,6,7,9,6,1,1,0,8
1742,New Capital,17786,4,0,1,8,9,9,9,10,3,1,1,1,9
1743,Haram,33283,3,1,0,3,4,4,7,9,8,0,0,0,4
1744,Al Rehab,4056,4,1,0,7,8,4,7,9,4,0,1,0,7
1745,Maadi,49301,3,1,1,10,4,4,9,6,10,0,1,0,7
1746,Haram,36911,5,0,0,10,10,9,4,3,9,0,0,0,7
1747,Dokki,43986,3,0,0,3,6,10,3,10,10,0,0,0,10
1748,Downtown Cairo,12559,5,1,0,6,9,8,6,8,10,0,0,0,7
1749,Al Rehab,30058,1,0,0,8,3,2,9,4,7,1,1,1,9
1750,Haram,26745,5,1,0,6,5,7,5,10,6,1,0,0,4
1751,El Shorouk,4615,2,0,1,4,3,4,3,4,3,0,1,0,5
1752,Heliopolis,12062,1,1,1,2,8,2,3,7,8,0,1,0,5
1753,New Capital,32214,3,1,1,8,3,3,7,7,6,1,1,0,6
1754,El Obour,48288,3,1,0,9,7,4,6,9,9,0,1,0,8
1755,New Capital,42745,2,1,1,7,3,8,9,8,6,0,1,0,8
1756,Shoubra,48187,3,1,0,8,3,7,7,3,2,1,0,0,5
1757,Haram,46548,1,1,0,10,6,3,9,3,4,0,0,0,4
1758,Madinaty,14681,1,1,0,3,4,6,7,4,2,1,1,0,8
1759,Mohandeseen,10984,5,0,1,6,3,2,8,6,6,0,1,1,10
1760,Haram,31579,4,1,0,4,3,4,6,3,7,0,1,1,6
1761,Zamalek,29274,3,1,0,3,8,2,2,9,8,0,0,0,6
1762,Mohandeseen,41739,2,1,0,4,7,4,3,8,6,1,1,1,8
1763,Heliopolis,31399,1,1,0,5,5,3,1,9,6,1,0,0,9
1764,Nasr City,35481,1,0,0,3,7,5,5,3,7,0,1,1,4
1765,Downtown Cairo,4944,1,1,0,3,5,6,6,7,10,0,1,0,10
1766,Downtown Cairo,32457,4,0,0,9,5,4,6,7,3,0,1,1,10
1767,Maadi,13114,4,1,0,4,5,6,2,8,7,1,0,0,4
1768,Zamalek,43846,3,0,0,4,6,8,1,7,8,0,0,0,4
1769,Al Rehab,22130,2,0,0,5,6,10,10,6,5,1,1,0,5
1770,Madinaty,16312,4,1,1,6,4,9,9,4,6,1,1,0,8
1771,Haram,36596,5,1,0,4,5,7,9,6,8,0,0,0,4
1772,Haram,42551,4,1,0,7,6,10,8,7,9,0,0,0,7
1773,Helwan,13751,1,1,0,4,9,9,6,5,4,0,1,0,9
1774,Mohandeseen,10907,2,0,0,9,6,5,10,5,4,0,1,0,7
1775,Downtown Cairo,32114,3,0,0,5,8,3,3,4,10,0,1,0,6
1776,Mohandeseen,29009,4,1,0,6,8,10,8,7,2,1,0,1,7
1777,Helwan,23310,1,1,0,4,10,7,10,8,9,0,1,1,6
1778,El Shorouk,39725,5,1,0,6,10,9,1,7,6,1,1,0,5
1779,Mohandeseen,22996,5,1,1,8,9,9,9,6,4,0,1,0,5
1780,Mokattam,10047,3,1,0,4,8,5,10,10,8,0,1,1,9
1781,Sheikh Zayed,43017,3,1,0,4,3,6,7,4,5,1,1,1,9
1782,Zamalek,32767,4,1,0,2,9,2,10,6,7,1,1,1,7
1783,Zamalek,20347,3,1,1,3,10,10,8,9,6,0,1,0,8
1784,Faisal,40527,1,1,0,5,5,8,10,8,8,0,1,0,4
1785,Shoubra,28102,1,1,0,10,7,2,4,10,8,0,1,0,4
1786,Mokattam,8263,1,1,0,4,8,4,9,7,4,0,1,1,8
1787,Shoubra,47049,4,0,1,6,3,10,9,8,6,0,1,0,6
1788,Nasr City,5902,4,0,0,10,6,2,10,9,3,0,1,0,6
1789,6th of October,34823,3,0,0,5,6,7,5,3,3,1,1,0,6
1790,Maadi,34540,4,0,0,5,6,6,6,5,6,1,1,0,4
1791,Haram,39335,1,0,0,7,10,5,7,7,6,1,1,0,10
1792,Heliopolis,14190,2,1,0,8,6,2,9,3,10,0,0,0,7
1793,6th of October,44843,1,1,1,7,7,8,7,5,9,0,0,0,8
1794,Zamalek,31690,2,0,1,5,4,2,1,3,9,0,0,0,10
1795,6th of October,6994,3,1,0,8,4,2,9,4,5,1,0,0,5
1796,Shoubra,41997,5,1,0,4,5,3,6,10,10,0,1,0,5
1797,El Obour,6010,4,0,0,4,9,10,2,3,2,1,0,1,4
1798,6th of October,11377,4,0,1,8,9,2,10,8,7,0,0,1,10
1799,El Obour,17036,1,1,0,7,10,9,9,3,6,0,0,0,4
1800,6th of October,30467,1,1,1,3,8,2,1,9,4,0,1,0,9
1801,Al Rehab,4048,2,1,0,2,6,2,8,4,2,1,1,1,4
1802,Sheikh Zayed,40978,4,1,0,7,5,10,10,3,6,1,1,0,10
1803,Maadi,20038,3,0,0,10,10,9,1,5,2,0,1,1,8
1804,Heliopolis,36576,1,1,0,4,7,2,2,3,7,0,1,0,9
1805,Mokattam,11878,4,1,0,10,5,8,7,8,4,1,1,0,8
1806,Sheikh Zayed,31609,5,1,1,7,4,9,7,8,4,0,1,0,8
1807,Heliopolis,28070,2,0,0,5,4,3,2,10,4,0,0,0,8
1808,Faisal,44647,1,1,0,3,9,5,9,3,4,1,0,0,10
1809,Heliopolis,25996,1,0,0,10,8,3,9,4,4,1,0,0,8
1810,Maadi,22161,3,1,0,6,4,7,10,5,3,1,1,1,6
1811,Haram,44148,1,1,0,6,5,6,8,4,6,1,1,0,5
1812,El Obour,6228,4,1,0,3,9,6,2,3,7,0,1,0,7
1813,6th of October,30365,4,1,1,6,6,9,10,4,7,0,1,0,6
1814,Faisal,29188,4,0,0,7,10,2,3,8,3,1,1,0,5
1815,El Obour,46582,5,1,1,3,3,3,3,10,2,0,1,0,5
1816,Al Rehab,12888,5,0,0,2,4,2,7,4,5,1,1,1,6
1817,Zamalek,27130,1,0,0,7,5,5,8,3,9,0,1,1,10
1818,Dokki,43159,5,0,0,10,3,3,6,3,2,0,1,0,9
1819,Downtown Cairo,46197,5,1,0,10,4,8,7,8,8,0,0,0,7
1820,Zamalek,22790,3,0,0,10,4,6,1,8,6,0,1,0,8
1821,El Shorouk,28824,5,0,0,6,7,6,8,8,9,0,0,0,10
1822,Dokki,37405,2,1,0,2,4,2,7,9,3,1,0,0,8
1823,Downtown Cairo,28474,2,1,1,4,9,3,5,7,2,1,1,0,6
1824,Faisal,21333,2,1,0,9,3,6,5,3,10,0,1,0,5
1825,Zamalek,46864,1,1,1,10,3,8,2,3,5,0,1,0,6
1826,Helwan,40355,4,1,0,5,6,2,1,7,5,0,0,1,10
1827,Helwan,37879,3,1,1,4,9,8,9,5,3,0,1,0,4
1828,New Cairo,12367,1,1,1,3,10,3,7,7,3,1,1,0,9
1829,El Shorouk,4722,4,0,0,6,3,3,3,10,6,0,1,0,5
1830,Heliopolis,35145,3,0,0,3,5,10,5,4,3,1,1,0,10
1831,Al Rehab,41634,3,0,0,10,5,9,8,7,7,1,1,1,6
1832,New Cairo,14139,3,0,0,10,10,5,10,8,8,1,1,1,8
1833,Mohandeseen,6128,2,1,1,4,8,6,7,7,3,0,0,0,10
1834,Mokattam,45886,2,1,0,5,8,10,10,9,9,1,1,1,6
1835,Mokattam,24617,2,0,0,10,8,5,10,5,10,1,1,0,6
1836,Madinaty,32080,3,1,1,2,10,9,10,6,4,1,1,0,5
1837,Maadi,39285,3,1,0,8,4,6,4,9,5,0,1,1,4
1838,Mokattam,21533,2,1,0,3,10,2,10,9,8,0,0,0,9
1839,6th of October,36624,3,1,0,10,6,8,4,5,2,0,1,1,9
1840,New Cairo,31956,2,0,0,4,4,4,7,7,5,0,1,1,6
1841,Mohandeseen,46443,2,1,0,7,6,8,6,4,2,0,0,0,4
1842,Shoubra,37077,2,0,1,6,10,9,10,10,3,0,1,0,10
1843,Maadi,7952,4,1,0,3,9,5,4,4,10,0,1,0,9
1844,Heliopolis,46460,3,1,0,10,7,7,7,10,3,1,1,0,10
1845,El Shorouk,26796,1,1,0,4,6,8,2,6,4,1,0,0,6
1846,Nasr City,35746,2,0,0,7,7,9,7,3,7,0,1,0,6
1847,Maadi,25249,1,0,0,10,8,4,3,8,2,0,0,0,9
1848,Shoubra,4015,4,0,0,9,9,8,8,8,8,0,1,0,4
1849,Nasr City,29957,3,1,1,6,9,6,5,8,9,1,0,0,5
1850,Downtown Cairo,20005,2,0,0,7,10,8,9,10,10,0,1,0,8
1851,El Shorouk,25292,2,0,0,4,9,7,4,10,10,0,1,0,10
1852,Sheikh Zayed,35876,2,1,0,6,7,6,8,10,6,1,1,0,8
1853,Downtown Cairo,18817,1,0,0,7,10,4,1,7,6,0,1,0,4
1854,Al Rehab,29470,4,1,1,4,9,3,7,10,5,0,1,0,8
1855,Shoubra,13759,3,0,0,3,4,4,4,3,5,0,1,1,6
1856,Heliopolis,10412,4,0,1,10,10,3,9,4,2,0,1,0,9
1857,Mokattam,24504,2,0,0,8,5,4,8,3,8,0,1,0,10
1858,Haram,46964,4,1,0,5,6,3,2,5,9,0,0,0,8
1859,El Shorouk,12507,1,1,0,4,4,2,6,9,5,0,1,1,9
1860,Al Rehab,25050,5,0,0,5,10,10,10,8,4,1,1,0,8
1861,El Obour,8820,5,1,0,10,7,6,5,5,4,0,1,0,6
1862,Al Rehab,11835,3,1,0,10,7,10,8,6,8,1,1,0,5
1863,Shoubra,31631,3,0,1,7,9,9,9,9,7,0,1,0,7
1864,Downtown Cairo,38617,4,1,1,10,3,8,4,3,2,1,1,0,6
1865,Downtown Cairo,17587,3,0,1,10,3,7,5,6,2,0,1,0,6
1866,Sheikh Zayed,38721,1,0,0,7,10,5,9,5,2,1,1,1,8
1867,Al Rehab,49499,2,1,0,6,6,8,10,8,6,1,1,0,7
1868,Faisal,10840,2,0,0,4,5,8,6,5,2,0,1,0,7
1869,Downtown Cairo,41834,4,1,0,2,3,2,3,6,8,0,0,0,5
1870,Sheikh Zayed,35440,2,0,0,5,8,10,8,5,10,1,1,1,9
1871,El Obour,39183,4,1,0,2,9,5,9,9,4,0,0,0,8
1872,Faisal,34636,3,0,1,2,8,8,6,3,5,0,1,0,10
1873,Maadi,6389,3,1,1,7,7,10,3,7,8,0,1,0,8
1874,Mokattam,4763,1,0,1,6,9,3,1,7,3,1,0,1,7
1875,Sheikh Zayed,27925,2,1,1,8,4,9,8,5,5,1,1,0,9
1876,Shoubra,30549,1,0,0,2,5,5,3,7,8,0,1,0,10
1877,New Capital,43023,5,1,0,2,10,5,9,7,10,1,1,0,9
1878,Mokattam,43941,1,1,1,9,6,4,5,7,9,0,1,0,7
1879,Downtown Cairo,27457,4,1,0,7,4,5,1,8,5,0,1,0,5
1880,New Cairo,25423,4,0,0,9,10,10,8,10,3,0,1,1,9
1881,Mohandeseen,14518,1,1,0,7,6,2,3,8,10,1,0,0,8
1882,Shoubra,47020,3,0,0,7,4,10,6,9,5,0,1,1,5
1883,Madinaty,36360,5,1,1,8,9,10,7,5,10,1,1,1,6
1884,Sheikh Zayed,49215,1,1,1,3,4,2,7,7,10,0,1,1,5
1885,Haram,32173,3,1,0,4,10,10,3,6,6,0,1,1,6
1886,Maadi,13395,1,1,0,5,5,7,8,8,7,0,1,1,4
1887,Helwan,48835,2,0,0,2,6,9,7,6,7,0,1,0,5
1888,El Obour,23207,4,1,0,10,3,9,2,9,6,0,0,1,8
1889,Sheikh Zayed,42055,2,0,0,10,4,9,7,9,8,1,1,1,9
1890,Al Rehab,30639,2,0,1,5,8,9,10,7,8,1,1,1,8
1891,Dokki,32924,5,0,0,2,4,2,9,4,8,0,0,0,7
1892,El Shorouk,11433,3,1,1,2,8,2,7,4,7,0,1,0,10
1893,Madinaty,34104,4,1,0,7,3,8,10,6,3,1,1,1,10
1894,Dokki,48052,2,0,0,3,5,10,8,6,9,0,1,0,4
1895,El Obour,41594,4,1,0,2,5,9,9,9,5,0,1,0,7
1896,Dokki,7664,3,0,0,3,5,6,8,7,7,0,1,0,7
1897,Helwan,14528,1,0,0,8,7,9,6,5,8,0,0,0,8
1898,Madinaty,32190,2,0,1,5,7,10,8,6,2,1,1,1,5
1899,Madinaty,4497,3,1,0,8,5,8,9,7,7,1,1,1,6
1900,Sheikh Zayed,11641,4,1,0,8,5,4,10,6,9,0,1,0,9
1901,New Capital,8643,3,0,0,5,3,10,7,8,6,1,1,1,4
1902,Sheikh Zayed,9056,1,0,0,3,10,6,9,6,9,0,1,1,9
1903,Dokki,36899,3,0,0,10,7,9,10,9,7,0,1,0,7
1904,Zamalek,9443,4,1,1,4,8,2,9,7,8,1,1,0,9
1905,El Shorouk,21241,2,0,0,2,9,2,7,7,10,0,1,0,6
1906,El Obour,12712,2,1,0,9,10,4,1,3,8,0,1,0,9
1907,Madinaty,12221,5,1,0,5,9,3,7,5,3,1,1,0,7
1908,Downtown Cairo,35346,4,0,0,10,6,6,2,9,9,0,1,1,10
1909,El Obour,19660,5,1,0,9,5,10,1,9,2,1,1,0,10
1910,6th of October,42915,5,0,1,8,5,10,1,8,2,0,1,0,4
1911,6th of October,15588,1,1,0,10,5,9,4,3,7,0,1,0,4
1912,Downtown Cairo,41372,4,0,0,3,4,6,7,3,9,0,0,0,10
1913,Madinaty,46220,2,1,0,5,7,4,9,3,2,0,1,1,7
1914,Madinaty,21942,4,1,0,6,6,7,10,3,2,1,1,0,6
1915,Mohandeseen,40373,1,1,0,6,4,9,8,8,6,1,1,0,10
1916,Shoubra,5607,4,1,0,2,4,7,8,3,4,0,0,1,7
1917,Helwan,48477,4,1,0,10,9,8,3,8,2,0,1,0,6
1918,Nasr City,6016,5,0,1,10,10,8,7,6,3,0,1,0,10
1919,Sheikh Zayed,7574,4,0,0,6,6,8,10,9,5,1,1,1,9
1920,Haram,11274,5,0,0,4,6,10,8,9,9,0,1,0,7
1921,Faisal,46703,5,1,0,9,6,10,3,3,7,0,0,1,8
1922,Sheikh Zayed,19748,3,1,0,8,6,2,7,9,5,1,1,1,6
1923,Dokki,24175,1,1,0,6,8,4,5,7,8,0,0,0,9
1924,Madinaty,43174,5,1,0,2,6,6,9,8,10,1,1,1,5
1925,Haram,15826,4,1,0,8,8,5,4,9,7,0,1,0,10
1926,Faisal,21472,5,1,0,2,10,2,7,5,2,0,0,0,5
1927,Sheikh Zayed,38129,5,1,0,2,5,2,7,4,9,1,1,1,10
1928,Madinaty,8473,5,1,0,10,8,5,8,4,4,1,1,0,4
1929,Zamalek,27490,2,0,1,7,8,6,9,6,6,0,0,0,5
1930,Haram,44087,2,1,0,8,6,5,3,8,3,0,1,1,6
1931,Nasr City,45435,2,1,0,3,6,3,1,3,2,0,0,1,6
1932,Downtown Cairo,13481,2,1,0,9,7,6,7,7,8,1,1,0,5
1933,Helwan,12520,3,1,1,8,5,4,7,9,4,0,1,1,10
1934,New Cairo,30415,5,1,1,6,9,8,9,9,5,1,1,0,10
1935,El Shorouk,21570,3,0,0,9,4,5,8,4,3,1,1,0,4
1936,Maadi,23798,4,0,0,3,5,3,3,3,5,0,1,1,4
1937,Zamalek,7536,1,0,1,7,3,9,3,4,10,0,1,0,9
1938,Helwan,5773,3,0,0,5,10,3,5,4,10,0,0,0,9
1939,Shoubra,33894,2,0,0,8,10,8,2,3,2,1,1,0,5
1940,Nasr City,47023,2,1,0,7,6,9,4,5,8,0,1,0,8
1941,Downtown Cairo,39326,4,1,0,7,4,4,2,9,4,1,1,0,8
1942,New Cairo,9079,5,1,1,6,3,7,8,9,6,0,1,1,7
1943,Dokki,29838,1,0,0,6,8,5,6,5,6,1,1,0,5
1944,Al Rehab,25804,3,1,0,3,4,3,9,10,5,0,1,0,8
1945,Madinaty,23675,5,1,0,8,5,9,10,6,2,1,1,0,10
1946,6th of October,29594,5,1,0,8,9,3,8,9,10,0,1,0,6
1947,Mokattam,46749,3,0,0,9,8,10,2,7,6,1,0,1,8
1948,El Obour,40292,3,1,0,5,3,10,3,3,3,0,1,0,5
1949,Maadi,12998,3,0,0,10,8,9,7,4,3,0,0,0,6
1950,New Cairo,17697,3,1,0,4,8,4,7,10,5,1,1,0,7
1951,Dokki,17429,2,0,0,4,8,9,8,5,3,0,0,0,7
1952,Haram,11140,5,1,1,3,6,6,1,9,6,1,1,0,6
1953,New Cairo,45553,5,0,0,8,6,6,9,7,3,0,1,1,5
1954,Madinaty,18901,2,1,0,3,3,3,7,8,5,1,1,0,6
1955,Dokki,27279,5,1,1,8,5,4,1,7,5,0,1,0,5
1956,6th of October,32525,3,0,0,4,9,9,7,10,4,0,1,0,10
1957,Helwan,24491,1,1,0,2,3,2,9,3,8,0,0,0,6
1958,Al Rehab,7280,5,0,1,9,5,5,10,9,3,0,1,0,4
1959,Dokki,38980,1,1,0,9,4,7,8,3,6,0,1,0,7
1960,Mokattam,33989,1,0,1,2,10,10,10,3,3,0,1,0,9
1961,Faisal,12078,2,1,0,7,10,9,6,5,10,0,0,0,8
1962,Sheikh Zayed,30118,4,1,1,5,9,6,10,6,7,1,1,0,6
1963,Heliopolis,27985,5,0,0,6,5,8,8,6,9,0,1,1,9
1964,Madinaty,20997,2,0,1,9,3,9,7,10,7,1,1,1,7
1965,Dokki,18274,2,1,1,9,3,10,9,6,4,1,0,0,7
1966,El Obour,4868,1,1,0,8,4,4,6,9,8,0,1,0,6
1967,Mokattam,30398,5,1,0,6,8,9,3,10,3,0,1,1,8
1968,Sheikh Zayed,20042,2,0,1,7,9,4,7,9,5,1,1,1,8
1969,Mohandeseen,35820,3,0,0,9,3,2,4,9,6,0,1,1,6
1970,Nasr City,25246,2,1,0,6,10,5,5,7,5,0,0,0,6
1971,Zamalek,24561,3,1,1,4,7,8,4,7,3,0,1,0,4
1972,Sheikh Zayed,20254,4,1,0,10,8,10,10,5,3,1,1,0,10
1973,New Cairo,38512,3,0,1,10,9,8,9,3,7,1,1,0,7
1974,6th of October,39024,3,1,1,2,9,6,10,3,10,0,0,0,5
1975,Mohandeseen,27996,1,1,1,8,3,2,5,4,8,0,0,0,5
1976,Zamalek,32618,2,0,0,5,7,2,3,4,9,0,1,1,9
1977,Heliopolis,15859,4,1,0,7,3,10,9,4,7,0,1,0,10
1978,6th of October,27580,2,0,1,8,3,5,3,10,9,1,1,0,8
1979,Dokki,9423,3,1,0,9,4,4,3,7,5,0,1,0,9
1980,Sheikh Zayed,41857,3,1,0,6,8,6,9,6,8,1,1,1,5
1981,El Obour,10608,2,0,1,6,7,8,8,5,4,0,1,0,10
1982,Helwan,46485,4,0,0,7,9,8,2,6,4,0,1,0,6
1983,Maadi,8876,4,1,0,8,10,6,4,3,4,1,1,0,9
1984,Nasr City,25038,1,1,0,6,10,9,8,4,6,0,1,0,5
1985,El Shorouk,32006,3,1,0,6,4,6,1,6,7,1,1,0,8
1986,Mohandeseen,39775,3,1,0,5,7,5,3,3,5,0,1,0,8
1987,Heliopolis,34810,1,0,0,2,7,7,4,4,6,1,1,0,7
1988,Mohandeseen,18325,2,0,1,8,10,4,6,9,4,0,1,0,4
1989,Haram,39892,3,0,0,8,9,5,2,9,9,1,1,1,4
1990,New Cairo,5753,2,1,0,7,10,9,7,9,7,1,1,0,9
1991,El Shorouk,33531,4,1,0,3,9,4,3,10,5,0,0,1,9
1992,New Cairo,21996,5,1,0,3,6,4,7,9,2,1,1,1,6
1993,Heliopolis,7275,1,1,0,7,7,7,2,6,4,1,1,0,8
1994,Maadi,12747,3,1,1,10,4,9,9,6,9,0,0,1,5
1995,El Shorouk,49211,1,0,1,6,4,3,4,6,3,0,0,0,10
1996,Maadi,4824,4,0,0,8,5,2,8,10,5,0,1,0,7
1997,Heliopolis,17880,4,0,1,3,8,2,4,8,6,0,1,0,5
1998,Helwan,47809,4,0,0,7,8,8,6,8,7,0,1,0,7
1999,New Cairo,5081,4,0,1,7,8,3,10,10,3,1,1,0,8
2000,Maadi,15517,5,1,0,7,10,10,5,4,8,0,0,1,9
2001,New Capital,25683,2,0,1,7,3,5,8,7,10,0,1,0,4
2002,Mohandeseen,20876,2,1,1,5,6,8,2,4,10,0,1,0,5
2003,El Shorouk,41532,5,1,1,6,3,6,4,5,5,0,1,0,4
2004,Sheikh Zayed,12266,2,1,0,5,4,6,8,10,5,0,1,0,8
2005,Nasr City,15183,4,1,0,7,6,8,1,8,3,1,0,1,8
2006,El Obour,25066,2,1,0,10,7,10,7,4,10,0,1,0,5
2007,Downtown Cairo,16877,1,0,0,6,10,5,6,10,6,0,1,0,8
2008,Shoubra,13982,2,0,0,6,9,10,4,6,8,0,1,0,6
2009,Madinaty,12968,1,1,0,4,10,10,8,3,4,1,1,1,5
2010,Shoubra,30598,3,0,0,8,8,9,3,3,9,0,1,0,10
2011,El Shorouk,18639,1,1,0,6,10,2,1,10,8,0,0,0,10
2012,Helwan,8674,1,0,0,3,4,10,6,6,9,0,1,0,4
2013,Shoubra,8316,4,1,0,10,9,4,5,7,3,0,0,0,6
2014,El Shorouk,13695,4,1,0,6,4,9,6,7,9,1,1,1,7
2015,Mohandeseen,35094,4,0,0,8,4,6,10,4,2,0,1,0,10
2016,New Capital,26187,1,1,1,8,4,7,10,4,7,1,1,0,4
2017,New Cairo,45147,5,0,0,9,6,4,10,9,7,1,1,0,6
2018,Shoubra,5214,4,0,1,5,9,8,7,9,8,0,1,0,7
2019,El Obour,27940,4,1,0,8,10,3,9,3,5,0,1,1,6
2020,Faisal,48406,1,1,1,4,3,4,6,6,9,0,1,0,9
2021,Mohandeseen,29685,3,1,1,10,10,3,6,6,3,0,1,0,4
2022,Nasr City,47481,3,1,0,9,3,10,5,4,9,1,1,0,10
2023,New Capital,19977,2,0,0,10,8,4,10,5,8,1,1,0,6
2024,Mohandeseen,48839,3,0,0,3,7,9,6,8,7,0,0,0,5
2025,El Shorouk,39904,4,0,0,5,4,7,2,10,9,0,0,0,6
2026,Zamalek,29538,5,0,0,2,9,2,10,4,3,0,1,0,9
2027,New Capital,43386,2,1,1,9,9,7,8,8,9,0,1,0,8
2028,Heliopolis,42033,5,1,0,5,8,9,4,4,5,0,1,0,8
2029,Haram,11965,5,0,1,5,4,4,3,7,8,1,1,0,5
2030,Mohandeseen,13597,4,1,0,8,8,8,7,9,9,0,1,0,7
2031,Dokki,45476,1,1,0,7,3,7,5,8,4,0,1,0,8
2032,Zamalek,31740,1,0,0,4,9,2,10,4,9,0,1,0,8
2033,Shoubra,10569,1,0,0,9,8,3,3,4,2,1,1,1,5
2034,El Shorouk,41981,3,1,1,3,7,6,8,5,10,0,1,0,7
2035,Heliopolis,15881,1,1,0,2,8,8,5,10,3,0,1,0,4
2036,New Capital,40996,4,0,1,3,5,5,7,3,3,1,1,1,8
2037,Maadi,36177,3,1,1,10,6,7,9,3,6,1,1,0,8
2038,Mokattam,41177,1,1,0,6,9,3,2,4,9,0,1,1,10
2039,Sheikh Zayed,4590,5,0,0,6,10,6,7,10,2,0,1,1,10
2040,Zamalek,30119,4,0,1,7,9,4,3,10,4,1,1,0,8
2041,Haram,31915,4,1,0,4,8,2,1,10,9,1,1,0,9
2042,El Obour,6708,2,1,0,2,9,7,7,6,8,0,0,0,9
2043,Maadi,42749,4,1,0,9,8,10,6,4,7,0,0,0,4
2044,6th of October,48989,5,0,1,8,3,9,6,7,2,0,1,1,7
2045,Maadi,26106,4,0,0,9,10,5,6,5,5,1,0,0,9
2046,6th of October,21131,2,0,1,10,6,9,7,4,4,0,1,0,10
2047,Zamalek,10553,4,0,1,3,3,6,6,9,8,0,1,1,9
2048,Al Rehab,21881,4,1,0,6,10,4,10,3,9,1,1,0,4
2049,New Cairo,5379,2,0,0,3,7,5,7,4,8,0,1,0,6
2050,New Capital,29255,4,0,0,9,4,8,7,8,6,1,1,0,4
2051,Sheikh Zayed,44128,3,0,0,5,5,6,10,10,10,1,1,0,4
2052,Haram,7770,4,1,0,5,6,5,1,5,5,0,1,0,9
2053,Heliopolis,23726,1,1,0,9,5,4,2,9,4,1,1,0,10
2054,New Cairo,13088,1,1,1,8,4,4,9,5,9,1,1,1,7
2055,Al Rehab,38314,3,1,0,2,10,7,10,6,2,1,1,0,5
2056,Downtown Cairo,42976,4,1,1,8,3,9,7,10,3,0,1,0,9
2057,Nasr City,20350,5,0,0,4,7,5,5,6,6,0,1,1,4
2058,New Capital,45643,4,1,1,6,10,2,10,6,10,0,1,1,8
2059,Madinaty,38063,1,0,0,9,4,5,7,4,7,1,1,1,6
2060,El Shorouk,19861,2,1,1,7,5,6,6,3,8,0,1,0,9
2061,Downtown Cairo,17973,3,1,0,9,9,9,3,7,4,0,1,0,6
2062,Helwan,21769,2,1,0,6,5,8,9,3,6,0,1,0,8
2063,Madinaty,21326,5,0,0,10,10,3,10,9,5,1,1,0,9
2064,Heliopolis,40048,4,1,0,7,5,10,10,5,6,0,0,0,10
2065,Haram,6786,5,1,0,10,3,4,4,3,5,0,1,0,9
2066,El Obour,39001,2,1,1,5,9,10,5,4,7,0,0,0,7
2067,New Cairo,5620,4,0,0,3,8,2,7,6,5,1,1,1,4
2068,Madinaty,40303,5,0,0,9,5,10,9,3,7,0,1,1,7
2069,Mokattam,23589,1,0,0,6,3,8,4,5,9,0,1,0,7
2070,Heliopolis,6882,1,0,1,3,9,3,7,9,10,0,1,0,4
2071,New Cairo,28524,3,1,0,7,5,8,8,10,7,1,1,1,8
2072,Shoubra,13745,1,1,0,4,6,2,5,5,8,0,1,0,9
2073,Dokki,40665,1,0,0,2,8,4,5,9,3,0,0,0,4
2074,New Capital,19861,2,1,1,7,9,8,8,10,5,1,1,0,9
2075,Mokattam,30171,1,0,0,9,9,4,7,10,5,0,0,1,5
2076,6th of October,30199,1,0,0,2,6,3,10,7,10,0,1,0,7
2077,Downtown Cairo,6837,2,1,0,4,8,6,7,3,7,0,1,0,7
2078,New Cairo,12599,1,1,0,7,4,4,7,10,9,1,1,1,10
2079,Maadi,19911,1,1,0,4,10,10,1,4,8,0,1,0,7
2080,Maadi,24553,3,0,0,8,4,8,3,5,3,0,0,0,9
2081,New Cairo,43489,1,0,1,7,8,2,10,7,6,1,1,0,6
2082,Haram,27813,1,0,0,10,7,2,7,9,10,0,1,0,8
2083,Mokattam,42255,3,0,0,7,5,7,5,9,7,0,0,0,8
2084,New Capital,33520,2,0,0,8,5,5,10,9,10,1,1,0,7
2085,Haram,33541,1,1,0,3,3,2,10,8,10,0,1,0,6
2086,Madinaty,4236,5,0,0,5,8,10,7,9,3,1,1,1,10
2087,Maadi,31350,2,0,0,6,9,3,7,5,4,0,1,0,7
2088,Zamalek,48397,2,1,0,3,4,2,5,7,3,0,1,0,10
2089,Sheikh Zayed,15549,1,1,1,8,8,4,8,5,6,1,1,0,7
2090,Mokattam,31453,3,1,0,5,6,2,8,4,9,0,0,0,4
2091,Zamalek,39191,2,1,0,10,3,5,3,4,7,0,1,0,10
2092,Mokattam,16906,3,0,0,9,6,5,3,5,9,0,1,0,7
2093,Shoubra,18988,5,0,0,10,3,7,8,8,2,0,1,1,4
2094,Mokattam,31723,3,1,1,9,4,4,2,10,10,0,1,0,7
2095,New Capital,37800,4,1,1,6,5,10,9,8,8,1,1,1,4
2096,New Cairo,43107,3,1,0,10,8,7,7,6,5,0,1,0,6
2097,New Cairo,31430,2,0,0,6,5,8,8,4,9,1,1,1,4
2098,6th of October,36535,3,0,0,9,4,7,3,4,8,0,0,0,5
2099,Heliopolis,6940,3,1,0,5,8,10,8,7,6,0,1,0,10
2100,El Obour,25793,4,0,1,6,9,3,6,9,6,0,0,0,6
2101,Maadi,16262,4,1,0,5,6,9,3,7,2,1,0,1,8
2102,Mohandeseen,48420,1,1,0,3,7,6,7,10,10,0,0,1,10
2103,Maadi,41710,2,1,0,5,7,3,4,3,7,0,0,0,10
2104,Sheikh Zayed,10961,1,0,1,6,4,8,10,3,3,1,1,0,10
2105,Downtown Cairo,30499,4,0,0,7,9,6,2,4,9,0,1,0,4
2106,Sheikh Zayed,44498,3,0,0,5,3,9,10,10,10,0,1,1,4
2107,El Obour,35283,4,1,0,5,5,7,8,8,5,1,1,0,4
2108,El Shorouk,4633,5,1,0,7,6,8,2,10,8,1,1,0,9
2109,El Obour,10822,3,0,0,8,10,2,9,10,8,0,1,0,8
2110,Mokattam,29968,1,0,0,8,7,3,7,4,8,0,1,0,9
2111,New Capital,43255,3,0,0,5,5,10,7,9,4,0,1,0,10
2112,Haram,23830,5,1,0,6,4,8,3,5,8,0,0,0,8
2113,Heliopolis,9738,4,1,0,4,10,8,3,6,6,0,0,0,7
2114,Al Rehab,7098,2,0,0,6,5,5,7,5,8,1,1,1,9
2115,Maadi,33888,2,1,1,6,8,5,9,8,5,1,1,0,6
2116,Faisal,12097,2,1,0,5,7,4,8,8,9,0,0,1,10
2117,Faisal,17136,4,1,0,7,9,5,2,4,5,0,0,1,10
2118,Nasr City,42244,2,1,0,6,6,7,5,7,6,0,1,0,5
2119,Faisal,12253,5,1,0,9,3,4,10,3,8,0,0,0,10
2120,Maadi,29208,4,0,0,3,3,9,6,8,3,1,1,0,7
2121,Madinaty,8887,2,1,0,7,8,2,9,6,8,0,1,1,7
2122,Maadi,48411,1,1,1,3,10,7,1,7,8,0,1,1,6
2123,Al Rehab,13492,4,0,1,7,10,3,7,10,7,1,1,0,4
2124,Haram,39421,4,0,0,5,9,2,10,4,3,0,1,0,8
2125,Downtown Cairo,5454,3,0,0,2,8,5,6,6,9,0,1,0,7
2126,6th of October,21522,2,0,0,7,5,7,5,8,7,0,0,1,10
2127,Faisal,42575,1,0,0,4,3,8,6,6,2,0,0,0,7
2128,6th of October,7192,5,1,0,8,7,2,3,3,4,0,0,1,6
2129,New Cairo,49580,4,0,0,4,9,4,9,6,5,0,1,0,9
2130,6th of October,19775,5,0,0,5,6,7,4,4,9,0,1,0,9
2131,Mokattam,14402,5,1,0,10,10,7,6,9,8,0,1,0,9
2132,Faisal,17074,5,1,0,8,3,7,6,9,7,1,1,1,7
2133,Dokki,19245,3,0,1,5,3,8,2,3,7,1,1,0,9
2134,Shoubra,40527,5,0,0,3,4,8,9,4,10,0,1,0,8
2135,Shoubra,29936,2,1,1,6,3,9,2,6,6,0,1,1,10
2136,Zamalek,31002,2,1,0,9,3,3,10,8,4,0,1,0,9
2137,Sheikh Zayed,19683,1,0,0,3,7,2,9,4,2,0,1,1,7
2138,Sheikh Zayed,16460,1,1,0,10,9,8,7,7,3,1,1,1,7
2139,Dokki,34482,5,1,1,6,3,2,9,6,8,0,1,0,10
2140,Mohandeseen,20447,5,1,0,7,4,3,2,8,3,1,1,0,5
2141,Helwan,21729,3,0,0,8,4,2,8,5,10,0,1,1,8
2142,Nasr City,24545,5,0,1,10,8,2,1,10,2,1,1,0,8
2143,Dokki,32204,5,0,0,8,4,4,3,5,5,0,1,0,5
2144,New Capital,13814,5,0,1,5,3,5,9,9,9,0,1,0,5
2145,New Capital,17890,4,0,1,6,8,6,7,7,9,1,1,0,4
2146,Sheikh Zayed,5740,4,0,0,4,5,6,10,5,5,1,1,1,9
2147,Heliopolis,34121,3,1,1,2,5,3,9,5,5,1,0,0,6
2148,Dokki,15218,3,0,0,4,10,4,2,3,5,0,1,0,9
2149,Haram,10055,2,0,1,2,10,9,6,8,2,0,1,0,8
2150,Nasr City,26705,3,1,0,6,7,3,1,8,4,0,1,0,8
2151,New Capital,38722,2,0,0,8,10,5,9,4,4,0,1,1,5
2152,New Cairo,46000,5,1,1,10,9,8,10,9,6,0,1,0,7
2153,Dokki,10439,3,1,0,5,5,10,7,8,9,0,0,0,4
2154,Mokattam,34921,3,1,1,2,7,4,3,6,6,1,1,1,9
2155,Dokki,37729,3,1,0,8,10,4,9,9,5,0,0,1,8
2156,Nasr City,27211,2,1,0,4,7,8,4,8,8,0,1,1,9
2157,Nasr City,34614,2,1,1,2,8,9,9,5,2,0,0,0,5
2158,Maadi,21601,1,1,0,5,4,5,3,6,7,0,1,0,9
2159,Heliopolis,31796,2,1,1,10,6,2,3,7,10,0,1,0,4
2160,Downtown Cairo,10007,2,0,0,7,7,6,4,5,3,1,0,0,8
2161,Madinaty,24514,4,1,1,7,9,5,8,3,10,0,1,1,7
2162,Dokki,21776,3,1,1,8,3,9,5,6,8,0,1,0,6
2163,Nasr City,6076,2,1,0,2,4,8,9,7,8,0,1,0,6
2164,Zamalek,29350,3,1,1,6,3,3,8,10,5,0,0,0,9
2165,El Obour,42964,3,0,0,5,3,7,8,3,6,1,0,0,7
2166,Haram,20292,4,0,1,5,10,5,8,10,7,1,1,0,9
2167,El Obour,35510,3,1,0,8,5,8,8,8,7,0,1,0,6
2168,Haram,32000,2,0,0,3,3,10,6,8,9,0,0,1,8
2169,Nasr City,47083,3,0,0,6,8,8,7,4,6,0,1,0,6
2170,El Obour,34383,1,1,0,8,7,3,10,7,5,0,0,0,6
2171,Sheikh Zayed,15785,1,1,1,4,9,9,9,3,9,1,1,0,9
2172,Helwan,44910,4,0,0,3,3,7,6,10,9,0,1,0,9
2173,New Cairo,43028,2,1,0,2,9,10,10,6,4,1,1,1,10
2174,Helwan,28855,4,0,0,6,3,8,5,9,3,0,0,1,5
2175,Al Rehab,28281,1,0,0,6,10,6,8,9,2,1,1,1,8
2176,New Capital,8841,2,0,0,5,5,9,9,3,2,1,1,1,10
2177,Sheikh Zayed,35668,3,1,0,9,3,8,10,7,5,0,1,1,8
2178,Maadi,30918,2,1,0,3,7,2,10,4,3,1,1,0,7
2179,New Capital,21443,5,0,1,5,7,6,10,4,4,1,1,1,6
2180,Shoubra,36250,2,1,1,6,3,8,1,9,4,0,0,0,4
2181,Haram,5922,3,1,0,10,7,8,10,10,8,0,1,1,8
2182,Mohandeseen,35976,5,0,0,4,8,4,6,10,7,1,1,0,9
2183,New Cairo,15991,4,1,1,2,10,6,10,10,6,1,1,0,8
2184,6th of October,42869,2,0,1,5,8,9,4,7,10,0,1,1,4
2185,New Capital,26733,4,0,1,7,7,10,10,8,5,1,1,1,8
2186,Heliopolis,6473,2,1,0,8,5,10,5,6,4,0,0,0,7
2187,Madinaty,12108,1,1,0,5,9,6,8,4,8,1,1,1,9
2188,Madinaty,32715,1,1,0,5,4,3,8,10,8,1,1,0,6
2189,El Obour,46811,3,0,1,7,8,9,2,5,3,0,1,0,7
2190,Helwan,36210,1,0,0,2,4,8,9,8,10,1,1,0,10
2191,6th of October,41317,5,1,0,6,6,5,1,5,9,0,1,0,6
2192,Helwan,37362,5,0,0,4,10,6,3,4,2,0,1,0,10
2193,6th of October,8889,2,1,0,9,9,3,1,6,3,0,1,0,7
2194,6th of October,28021,4,1,0,6,4,10,5,6,3,0,1,0,7
2195,Zamalek,12212,5,1,0,8,10,7,4,10,9,0,1,0,6
2196,Maadi,35971,2,0,0,9,8,10,6,6,4,1,1,0,5
2197,Shoubra,7201,4,1,0,9,8,9,5,6,8,0,1,1,8
2198,Zamalek,44622,1,1,1,3,10,2,7,6,7,0,1,0,8
2199,Madinaty,43531,2,1,0,3,3,10,7,10,3,0,1,1,9
2200,Haram,47421,4,1,1,6,7,10,10,3,10,0,1,0,6
2201,Mohandeseen,28346,3,0,0,4,4,5,5,4,10,0,1,0,10
2202,Al Rehab,41958,3,0,0,2,5,2,10,9,8,1,1,1,4
2203,Maadi,17715,5,1,0,9,6,5,1,7,5,0,1,0,5
2204,Mohandeseen,9681,4,0,0,7,3,7,9,8,2,1,0,0,8
2205,Mohandeseen,40446,3,1,0,4,10,5,2,5,9,1,1,0,8
2206,Helwan,20720,5,1,0,9,10,10,7,4,10,1,0,1,10
2207,Downtown Cairo,5667,2,0,0,2,4,5,3,9,9,0,1,1,10
2208,Helwan,32152,2,1,1,4,7,9,10,9,3,0,1,0,8
2209,El Obour,12204,4,1,1,10,10,3,6,5,8,0,1,0,8
2210,Faisal,41890,4,0,0,7,5,8,5,4,2,0,1,0,5
2211,Nasr City,28537,4,1,1,2,8,9,6,4,6,0,1,0,7
2212,El Shorouk,15217,4,1,0,10,4,7,10,5,9,0,1,0,10
2213,Zamalek,37741,3,1,1,8,7,7,5,9,10,1,1,0,6
2214,Nasr City,24654,3,0,0,2,4,9,9,10,4,0,1,0,7
2215,Mohandeseen,5408,5,1,0,2,3,4,8,9,9,0,1,0,10
2216,El Obour,46903,3,1,0,6,6,3,1,10,4,0,1,0,6
2217,Mohandeseen,22672,2,0,0,5,9,10,9,6,9,0,0,0,4
2218,Al Rehab,45506,5,1,1,9,7,9,9,10,6,1,1,0,7
2219,Zamalek,5218,3,1,0,3,10,6,5,5,8,0,0,0,5
2220,El Obour,40145,4,1,0,7,6,6,6,5,7,0,1,0,9
2221,Faisal,47732,3,1,0,9,6,7,10,9,6,0,0,0,10
2222,New Cairo,34105,1,1,0,2,8,7,10,5,3,1,1,1,4
2223,Helwan,8098,5,0,1,4,9,3,7,10,10,0,1,1,4
2224,Nasr City,11619,3,1,1,2,5,8,8,9,8,0,1,0,8
2225,New Capital,15939,3,1,1,8,9,4,7,6,8,1,1,1,8
2226,Mohandeseen,22226,2,0,0,2,7,9,10,10,6,0,0,0,10
2227,Mokattam,29322,4,1,0,10,5,10,4,10,4,0,1,0,8
2228,Sheikh Zayed,20878,4,0,0,9,10,4,10,4,10,0,1,0,6
2229,Al Rehab,10560,2,0,0,4,8,7,8,7,9,1,1,0,8
2230,New Capital,42278,2,0,0,5,9,9,7,10,7,1,1,0,10
2231,Downtown Cairo,40212,1,0,0,10,6,7,9,10,3,0,0,0,7
2232,Faisal,33299,5,0,1,7,9,4,9,7,8,0,0,0,4
2233,Dokki,11543,4,1,0,6,3,5,10,4,6,0,1,0,7
2234,Faisal,27946,2,0,0,6,10,10,5,5,9,1,0,1,6
2235,Faisal,35740,2,1,0,2,3,2,5,4,7,0,1,1,6
2236,Al Rehab,49197,5,1,0,2,4,5,9,9,10,1,1,0,8
2237,Nasr City,11253,2,0,0,4,4,2,1,3,9,0,1,0,4
2238,Nasr City,17775,1,1,0,3,7,9,10,4,8,0,1,1,6
2239,Mohandeseen,36813,5,1,1,2,9,8,3,3,2,1,1,0,5
2240,Madinaty,31632,1,0,1,6,3,8,10,8,10,1,1,1,4
2241,Heliopolis,6057,3,1,1,4,6,3,7,8,9,0,1,0,6
2242,Downtown Cairo,37431,4,1,0,8,3,7,7,7,2,0,1,0,9
2243,Shoubra,41436,2,0,0,9,7,9,7,7,2,0,1,0,6
2244,Helwan,22413,5,1,0,7,4,9,7,7,4,1,1,0,7
2245,Mohandeseen,34225,1,1,0,6,10,6,4,5,4,0,1,1,9
2246,Mohandeseen,42485,4,1,0,6,8,9,9,3,3,0,1,0,8
2247,6th of October,6696,4,1,1,2,10,3,4,10,9,0,1,0,9
2248,Maadi,49968,2,0,0,7,4,5,6,10,6,1,1,0,5
2249,Downtown Cairo,20101,4,1,0,7,8,3,1,3,2,0,1,0,9
2250,Haram,12831,2,1,1,4,5,6,1,3,2,1,1,0,7
2251,New Cairo,23047,3,1,0,5,8,4,8,4,3,0,1,0,8
2252,Helwan,9004,2,0,0,5,4,7,1,10,8,0,1,0,4
2253,Sheikh Zayed,26705,1,1,1,7,9,8,7,5,10,1,1,1,5
2254,Sheikh Zayed,49924,4,1,0,9,6,7,9,8,10,1,1,1,6
2255,Mokattam,25509,4,1,1,10,9,3,8,9,10,0,1,0,5
2256,6th of October,41170,4,1,0,10,7,3,9,7,7,0,1,0,9
2257,6th of October,47555,2,1,1,6,9,5,6,8,6,1,1,0,10
2258,Haram,18662,5,1,0,9,9,8,1,10,9,0,0,0,4
2259,Madinaty,42680,2,1,0,9,4,9,8,4,7,1,1,1,6
2260,Sheikh Zayed,4394,1,0,0,5,4,6,8,5,9,1,1,0,5
2261,El Shorouk,40365,2,0,0,5,8,2,7,10,2,0,0,0,7
2262,Mohandeseen,14524,4,0,1,4,6,10,10,9,5,0,0,0,5
2263,Maadi,37097,3,1,0,6,4,9,10,10,6,0,1,0,6
2264,El Obour,30673,1,1,1,9,9,2,4,7,5,0,1,0,7
2265,Shoubra,21156,3,0,0,9,6,10,1,3,7,0,0,0,7
2266,Maadi,5645,1,0,1,10,4,6,9,3,8,0,1,0,7
2267,Al Rehab,33049,1,1,0,2,6,9,8,10,9,1,1,0,4
2268,Madinaty,13815,4,1,0,5,4,3,9,8,9,0,1,0,5
2269,Downtown Cairo,5848,2,1,1,7,7,8,6,3,6,0,1,0,4
2270,Helwan,38329,4,1,1,6,5,10,7,10,9,0,1,0,8
2271,Mohandeseen,37541,4,1,1,5,5,8,10,6,4,0,1,0,7
2272,Haram,11311,4,1,0,4,9,10,1,3,4,0,0,0,9
2273,6th of October,25563,3,0,0,3,3,5,1,10,2,0,0,1,10
2274,Mohandeseen,19203,1,0,0,10,5,6,6,10,2,1,1,0,9
2275,Mokattam,13290,5,0,1,4,9,8,8,7,2,0,1,1,6
2276,Haram,38818,2,0,0,5,6,2,3,4,4,0,0,0,7
2277,New Capital,21131,4,1,0,2,6,3,8,9,9,0,1,0,6
2278,New Capital,34143,1,1,1,2,8,3,10,4,10,1,1,1,9
2279,El Shorouk,28509,2,1,1,10,5,10,4,10,4,0,1,0,10
2280,Faisal,26244,5,1,1,5,8,4,8,6,9,1,1,1,8
2281,Mokattam,40741,5,1,1,5,6,10,9,6,2,1,1,0,5
2282,Helwan,30898,4,1,0,7,7,2,6,7,4,0,0,0,8
2283,New Cairo,38383,5,1,0,3,6,4,9,5,2,1,1,0,10
2284,Dokki,24138,5,1,1,7,8,3,1,10,10,1,0,0,10
2285,Helwan,47262,2,0,0,8,7,3,5,6,4,0,1,0,10
2286,El Shorouk,9506,2,1,0,2,7,2,6,8,6,0,1,0,6
2287,6th of October,24605,4,1,1,9,7,7,10,10,8,1,0,0,4
2288,Downtown Cairo,17054,1,1,1,7,4,6,6,6,10,0,1,0,10
2289,Haram,32231,4,1,1,10,3,6,6,7,8,0,0,1,7
2290,El Obour,17861,3,0,0,5,10,10,7,8,2,0,1,0,9
2291,Mohandeseen,15587,5,1,0,3,10,7,4,4,8,0,1,0,6
2292,Mokattam,17515,1,0,1,10,8,10,5,10,8,0,1,1,10
2293,Mohandeseen,25675,2,0,0,9,6,5,6,7,3,0,1,0,4
2294,Mokattam,42622,3,1,1,3,4,8,9,3,8,0,1,0,8
2295,Dokki,20600,3,0,1,9,8,5,4,5,3,0,1,0,6
2296,El Shorouk,31892,5,1,0,9,3,2,4,9,2,1,1,0,8
2297,Al Rehab,21743,2,0,1,6,4,5,9,6,10,1,1,1,7
2298,Al Rehab,7774,1,1,0,8,6,3,9,5,6,1,1,0,7
2299,El Obour,25801,2,1,0,8,8,6,7,7,8,0,0,0,9
2300,Haram,41695,5,0,0,5,7,3,8,4,7,0,1,0,4
2301,Maadi,32853,3,1,1,7,4,3,2,5,9,0,1,0,9
2302,Downtown Cairo,8429,5,1,0,7,3,5,4,6,4,1,0,0,9
2303,New Capital,8606,4,0,0,7,3,8,10,3,5,0,1,1,4
2304,Haram,8478,3,0,0,10,3,4,10,5,3,0,1,0,7
2305,Downtown Cairo,22280,5,1,1,3,8,8,10,7,6,0,1,0,5
2306,Faisal,44134,1,0,0,9,4,10,6,8,2,1,0,0,7
2307,El Shorouk,8427,1,1,0,9,9,4,7,7,6,0,0,0,6
2308,El Obour,9361,1,1,0,2,9,5,7,10,9,1,1,0,9
2309,Al Rehab,29475,4,0,1,3,9,2,10,5,7,1,1,1,8
2310,Nasr City,4641,2,1,0,5,3,8,3,7,10,0,0,0,7
2311,Zamalek,25730,1,1,1,6,10,2,4,8,7,0,1,0,9
2312,New Cairo,25113,4,1,0,6,5,4,9,5,10,1,1,0,6
2313,Faisal,24011,1,0,0,7,8,10,10,5,7,0,1,0,6
2314,Dokki,46853,4,1,0,8,3,6,7,10,4,0,1,0,6
2315,El Shorouk,23659,1,0,0,2,3,3,3,4,4,0,1,0,8
2316,Downtown Cairo,40818,2,0,0,8,4,10,3,7,2,0,1,1,6
2317,Nasr City,41321,5,1,1,7,9,7,5,8,9,0,0,0,9
2318,Downtown Cairo,25309,1,0,0,6,9,10,8,4,8,0,0,0,8
2319,Mohandeseen,22688,5,0,0,7,6,5,5,8,6,0,1,0,4
2320,Madinaty,32176,1,0,0,9,4,7,7,7,5,1,1,1,4
2321,Shoubra,7343,2,0,1,7,4,8,9,9,4,1,0,0,9
2322,Mohandeseen,6056,5,0,1,6,5,7,9,4,4,0,1,0,7
2323,Zamalek,23192,4,0,0,7,6,5,6,3,10,1,1,1,9
2324,El Shorouk,27476,1,0,0,10,10,9,5,9,2,0,0,0,8
2325,Nasr City,13416,1,1,0,2,4,7,8,10,5,0,1,1,4
2326,New Cairo,43994,4,0,1,4,5,3,7,7,10,1,1,0,6
2327,Zamalek,4886,2,1,0,4,4,7,3,4,10,0,0,0,4
2328,Sheikh Zayed,12584,3,0,0,10,5,2,9,8,10,0,1,1,5
2329,Mohandeseen,31766,1,1,0,4,8,10,8,3,4,1,1,0,6
2330,New Cairo,22830,4,0,1,7,7,8,10,3,6,1,1,0,8
2331,Madinaty,24289,3,1,0,10,3,9,8,8,5,0,1,0,5
2332,Maadi,15530,1,1,0,6,10,5,6,3,5,0,1,0,4
2333,Al Rehab,7591,5,0,0,10,3,9,7,4,5,0,1,0,8
2334,Madinaty,32342,4,0,0,10,4,2,7,3,7,1,1,0,4
2335,Mokattam,25395,5,1,1,7,9,5,7,10,9,0,1,0,10
2336,Dokki,20738,2,1,0,9,5,7,1,9,4,0,0,0,6
2337,Maadi,6631,3,1,0,10,9,8,3,6,3,0,1,0,4
2338,6th of October,21905,4,1,0,10,7,4,9,7,9,0,0,0,9
2339,Shoubra,23056,1,0,0,9,3,3,6,6,10,0,0,1,4
2340,El Obour,48138,1,0,0,5,9,10,4,6,8,0,1,0,8
2341,6th of October,27546,3,0,0,9,4,2,8,9,5,0,0,1,7
2342,New Capital,39447,5,0,0,3,8,2,10,7,8,1,1,1,6
2343,Sheikh Zayed,41190,5,0,0,4,10,3,10,10,3,1,1,0,4
2344,Madinaty,30014,4,0,0,10,9,6,9,6,4,0,1,0,8
2345,El Shorouk,11463,4,1,0,5,9,2,4,3,3,0,1,0,6
2346,Helwan,46381,5,1,0,3,4,7,4,5,9,1,1,0,7
2347,Mokattam,5780,4,0,0,4,5,9,8,6,3,0,1,0,5
2348,Mokattam,30107,5,1,0,8,6,3,3,8,8,1,0,0,6
2349,Maadi,35587,3,0,0,10,8,6,9,9,3,0,1,0,10
2350,New Capital,46192,4,0,0,8,4,4,7,7,3,1,1,0,9
2351,Al Rehab,43339,5,1,0,9,7,3,8,4,4,1,1,0,5
2352,Shoubra,28968,4,1,0,4,10,7,3,4,4,0,1,0,5
2353,Faisal,37593,1,1,1,8,7,2,4,10,7,0,1,0,9
2354,Heliopolis,47923,1,0,0,2,6,9,2,10,5,0,1,0,9
2355,Faisal,27660,2,0,0,7,7,7,6,3,10,0,1,1,6
2356,Nasr City,6395,5,1,1,4,5,5,3,6,6,0,1,0,9
2357,Sheikh Zayed,40913,2,0,1,3,4,6,10,5,9,1,1,0,8
2358,Downtown Cairo,35848,5,0,0,5,5,3,1,4,4,0,1,0,7
2359,Sheikh Zayed,19779,4,1,0,10,9,9,9,5,10,1,1,1,5
2360,New Capital,9492,5,0,1,7,10,7,9,8,5,0,1,0,10
2361,Madinaty,33722,1,0,1,10,6,7,9,3,4,1,1,0,8
2362,New Cairo,11111,4,0,1,9,6,4,8,8,10,1,1,0,9
2363,Nasr City,49855,1,0,0,6,5,2,4,10,5,1,1,1,4
2364,Heliopolis,13984,4,0,0,9,8,9,9,7,7,0,1,1,7
2365,Mohandeseen,36016,5,1,0,3,3,8,3,7,8,0,1,0,10
2366,Dokki,31640,5,0,0,9,6,2,4,3,2,0,1,0,9
2367,Madinaty,10792,1,1,0,2,4,9,10,8,2,0,1,0,6
2368,Heliopolis,30924,3,0,1,4,8,3,2,5,3,0,1,0,6
2369,Mokattam,36577,5,1,1,8,6,9,3,10,3,1,1,0,9
2370,Sheikh Zayed,11711,3,1,0,5,5,6,8,9,5,0,1,0,9
2371,El Obour,24012,4,0,0,8,5,9,8,8,2,0,1,1,4
2372,New Capital,38333,3,0,0,2,7,7,10,5,8,1,1,0,7
2373,Helwan,40435,1,0,0,8,8,3,8,5,7,0,1,0,5
2374,Dokki,43227,2,1,1,4,3,8,7,9,7,0,1,1,4
2375,Sheikh Zayed,8096,2,0,0,3,5,7,7,3,10,1,1,1,7
2376,Mokattam,5019,1,1,0,10,9,5,8,4,5,1,0,0,10
2377,New Cairo,28312,2,1,0,3,7,10,7,4,9,1,1,0,6
2378,Nasr City,13476,1,1,1,4,7,5,9,10,3,0,1,0,5
2379,Shoubra,12254,5,1,0,4,4,2,1,6,9,0,1,1,9
2380,New Capital,36419,3,0,0,5,7,4,10,7,7,1,1,1,6
2381,Sheikh Zayed,15584,2,1,0,8,3,9,10,8,9,1,1,0,9
2382,Maadi,9965,5,1,1,8,4,4,4,10,4,0,0,0,5
2383,Haram,15464,2,1,0,10,5,8,6,10,5,0,0,1,7
2384,Faisal,16439,4,0,1,9,8,2,1,7,7,0,0,0,4
2385,Faisal,41489,1,1,0,7,9,5,3,10,2,0,1,0,5
2386,Helwan,45176,1,1,0,7,5,5,5,10,2,0,1,1,7
2387,Mokattam,36963,5,1,0,6,7,10,2,10,9,0,0,0,4
2388,Faisal,32440,4,1,0,3,6,2,1,6,7,0,1,0,9
2389,El Obour,7273,3,1,1,7,3,10,9,5,5,0,1,0,10
2390,El Shorouk,19330,4,1,1,7,10,9,8,3,6,0,1,1,6
2391,Heliopolis,25494,4,1,0,6,10,7,3,7,8,1,0,0,8
2392,Sheikh Zayed,14886,3,0,0,7,3,5,8,5,9,1,1,0,7
2393,Faisal,7212,3,1,1,6,7,7,8,10,8,1,1,1,4
2394,Shoubra,39523,4,0,0,5,3,7,6,4,8,1,1,0,7
2395,El Obour,21905,2,0,0,4,10,3,8,10,8,1,1,0,7
2396,Sheikh Zayed,26058,2,1,0,2,9,8,10,5,5,0,1,0,8
2397,Helwan,5080,4,1,1,5,10,10,4,6,6,0,1,0,8
2398,Zamalek,36675,2,1,0,10,4,9,8,3,8,0,0,0,8
2399,Haram,26007,3,1,0,8,7,4,10,10,4,0,1,0,8
2400,New Capital,21105,3,1,0,8,6,9,8,8,6,1,1,1,9
2401,Helwan,34279,2,1,0,8,10,5,8,7,8,0,1,0,9
2402,Downtown Cairo,21946,3,0,0,5,5,2,6,10,3,0,1,0,6
2403,Al Rehab,4639,1,1,1,8,3,4,7,6,8,1,1,0,10
2404,El Obour,16502,3,1,1,3,8,2,6,4,7,1,1,0,8
2405,Zamalek,41958,4,0,0,9,5,6,9,10,9,0,0,0,8
2406,Helwan,32363,5,0,0,9,6,10,8,9,8,0,1,0,4
2407,Heliopolis,7736,2,0,0,10,6,8,3,4,5,0,0,0,5
2408,Sheikh Zayed,20473,2,1,0,6,4,4,10,9,6,1,1,1,4
2409,New Capital,38019,3,0,0,9,6,8,8,8,7,1,1,1,6
2410,Shoubra,46062,3,1,1,3,6,9,10,3,3,0,1,0,6
2411,Downtown Cairo,25087,5,1,0,9,3,5,3,8,7,0,1,0,8
2412,Downtown Cairo,32489,5,1,0,10,5,4,9,8,10,0,1,0,10
2413,Heliopolis,40820,4,0,0,7,8,3,5,9,9,0,0,0,8
2414,Downtown Cairo,23325,1,1,0,7,3,9,10,9,6,0,1,0,10
2415,Mokattam,4271,4,0,0,5,3,4,9,8,6,0,1,0,7
2416,Al Rehab,22414,2,0,0,9,9,8,8,7,3,1,1,1,7
2417,Dokki,28220,3,0,0,8,7,3,4,4,4,0,0,0,4
2418,6th of October,48466,4,1,0,10,10,6,9,6,10,0,1,0,4
2419,Shoubra,46425,3,0,1,2,8,6,9,4,8,0,0,0,6
2420,Nasr City,13387,3,0,0,9,7,10,6,7,9,0,1,0,7
2421,New Capital,15279,4,0,0,9,4,9,8,5,10,0,1,1,9
2422,Madinaty,31584,4,1,1,10,8,9,10,10,4,1,1,0,7
2423,Haram,48783,5,1,0,8,4,3,3,4,6,1,1,0,10
2424,New Cairo,43809,1,0,0,10,6,3,8,4,5,1,1,0,8
2425,El Obour,45476,5,0,0,9,4,8,5,4,5,0,1,0,5
2426,Al Rehab,14857,1,1,0,10,9,5,9,5,6,1,1,0,6
2427,Helwan,46261,4,0,0,10,4,4,2,7,6,0,0,0,7
2428,El Obour,12052,1,0,1,2,6,4,2,6,5,0,1,0,7
2429,Heliopolis,20995,2,0,0,4,10,8,4,7,7,0,1,0,5
2430,Helwan,17580,5,1,0,7,5,2,9,3,8,0,1,1,8
2431,El Obour,22240,5,1,0,8,9,5,5,8,9,0,0,0,4
2432,Faisal,21910,5,0,0,5,6,7,3,10,4,0,1,0,4
2433,Faisal,14216,3,0,0,3,6,10,8,6,5,0,0,0,8
2434,Madinaty,42997,3,1,0,5,5,2,8,5,2,1,1,0,9
2435,New Cairo,28911,4,1,0,7,6,2,10,10,2,0,1,0,8
2436,Mokattam,38866,4,1,0,5,7,3,10,3,6,1,0,0,10
2437,Faisal,19438,3,0,0,3,4,8,6,4,2,0,1,0,5
2438,Nasr City,11865,5,1,0,10,10,8,2,4,10,0,0,0,5
2439,Nasr City,20557,3,0,0,2,6,6,1,8,4,1,1,0,10
2440,New Capital,16211,1,1,0,8,10,5,10,7,10,1,1,0,8
2441,Helwan,37268,5,0,0,10,3,7,7,5,6,0,1,0,6
2442,Madinaty,7646,3,0,0,4,4,9,10,5,3,0,1,1,6
2443,Nasr City,46816,4,1,1,7,9,8,2,10,10,0,1,0,6
2444,Sheikh Zayed,27924,3,1,0,10,7,3,10,4,8,1,1,1,6
2445,Heliopolis,48112,2,0,1,10,7,3,1,4,7,0,0,0,5
2446,Sheikh Zayed,13910,3,0,1,5,9,7,7,8,2,1,1,0,10
2447,Dokki,5778,5,1,0,9,9,2,2,8,4,0,1,0,10
2448,Dokki,49752,3,1,0,9,6,6,5,8,6,0,1,1,7
2449,Haram,23441,4,1,1,8,5,2,10,10,6,0,1,0,9
2450,New Cairo,9190,1,1,0,7,3,8,8,5,6,0,1,1,8
2451,Zamalek,19304,2,0,0,4,6,4,2,5,4,0,1,0,10
2452,Sheikh Zayed,43765,5,1,1,5,5,10,7,7,5,0,1,1,7
2453,Heliopolis,31289,4,0,0,10,7,6,3,4,7,0,1,0,4
2454,6th of October,48788,2,1,0,8,4,2,9,5,4,0,0,0,10
2455,Mokattam,8747,3,1,1,9,9,5,5,9,9,0,1,1,4
2456,El Shorouk,13286,2,1,0,7,7,9,3,10,4,1,1,0,6
2457,New Capital,4045,1,0,1,2,6,8,8,10,5,1,1,1,10
2458,Sheikh Zayed,33742,2,0,0,10,5,7,10,3,7,1,1,0,9
2459,El Shorouk,11758,2,1,0,4,9,10,5,3,8,0,0,0,6
2460,Madinaty,27437,3,0,1,4,6,5,9,9,4,1,1,1,5
2461,Dokki,23585,3,1,0,10,10,2,6,3,10,0,1,0,7
2462,New Cairo,37223,5,1,0,5,7,7,7,9,6,1,1,0,4
2463,Mokattam,13854,3,0,0,9,10,5,2,6,6,0,0,0,6
2464,Madinaty,21349,2,0,0,5,3,2,10,3,10,0,1,0,7
2465,Shoubra,34692,1,1,1,3,7,4,6,9,4,0,0,0,9
2466,Shoubra,25348,3,0,0,6,6,2,2,5,3,1,1,0,10
2467,Madinaty,38296,5,1,0,4,5,6,7,6,4,1,1,1,9
2468,El Obour,39744,5,1,0,5,6,9,10,9,6,0,1,1,5
2469,Heliopolis,23455,2,0,0,4,10,3,7,8,8,0,1,0,6
2470,El Shorouk,17288,3,1,0,2,4,7,1,4,8,1,1,1,6
2471,6th of October,10387,3,1,0,5,4,7,5,5,4,0,1,1,7
2472,El Obour,39289,5,1,0,10,10,6,5,3,10,0,0,0,6
2473,Sheikh Zayed,43293,3,1,0,8,5,8,10,8,9,0,1,0,9
2474,Al Rehab,37894,2,1,0,7,9,2,7,8,6,0,1,0,6
2475,New Capital,27016,1,0,1,10,7,5,9,4,3,1,1,0,7
2476,Haram,44484,2,0,0,5,10,7,3,8,5,0,1,0,5
2477,Al Rehab,34215,3,0,1,7,6,5,7,3,9,1,1,0,5
2478,Sheikh Zayed,20102,2,1,1,4,8,7,8,10,9,1,1,0,8
2479,Haram,7404,4,0,0,4,8,3,2,7,2,0,1,0,4
2480,Zamalek,41260,4,1,1,9,4,10,4,6,2,1,1,1,7
2481,Dokki,39111,3,0,0,6,3,5,3,8,5,0,1,0,6
2482,Heliopolis,4106,3,1,1,9,10,6,1,4,7,0,1,1,6
2483,Downtown Cairo,19195,1,1,0,10,4,8,4,3,4,0,1,0,6
2484,Haram,31153,2,1,0,3,10,9,6,7,2,0,1,0,4
2485,Al Rehab,33605,1,1,1,8,7,2,10,6,5,0,1,0,4
2486,New Capital,49343,3,1,1,3,5,8,10,3,7,0,1,1,5
2487,Downtown Cairo,41569,3,0,0,8,3,10,6,5,6,1,1,0,10
2488,Shoubra,9580,5,1,0,4,6,3,1,7,2,0,1,0,10
2489,Dokki,9400,1,1,1,9,6,3,5,4,5,0,0,1,7
2490,Madinaty,43643,3,1,0,5,10,5,7,3,7,1,1,1,9
2491,El Shorouk,34649,4,1,0,10,9,2,6,4,7,1,1,0,5
2492,Mokattam,34496,5,0,0,5,10,10,5,5,7,0,1,0,4
2493,Nasr City,24637,2,1,1,3,8,6,9,4,10,0,0,0,7
2494,Haram,45424,5,0,1,5,9,4,6,7,9,0,0,0,7
2495,Nasr City,43015,2,1,1,6,9,7,9,6,8,0,1,0,10
2496,New Cairo,10177,4,0,0,9,5,8,10,9,5,1,1,0,5
2497,Nasr City,11269,2,0,0,4,3,5,3,9,4,0,1,1,8
2498,Helwan,18974,1,1,0,10,3,3,6,3,4,0,1,0,8
2499,Faisal,18037,2,1,1,10,3,6,1,9,4,0,0,0,4
2500,Faisal,22756,2,1,0,4,5,8,10,8,6,1,1,1,8
2501,El Shorouk,20167,5,0,0,9,5,4,5,6,7,1,0,0,8
2502,6th of October,27218,4,1,0,7,6,3,2,3,5,0,1,0,10
2503,Zamalek,29167,2,1,0,7,9,3,6,9,2,0,1,0,6
2504,Haram,47148,1,0,0,3,4,5,3,4,8,1,1,0,8
2505,Sheikh Zayed,10617,5,0,0,9,7,5,9,4,8,0,1,0,6
2506,Madinaty,25534,4,0,1,8,6,6,9,9,2,0,1,1,8
2507,Dokki,29459,4,1,0,3,8,4,1,7,4,0,1,1,7
2508,Zamalek,24542,3,1,0,5,8,2,7,4,7,0,1,0,8
2509,Helwan,4303,1,0,0,6,8,5,5,5,5,0,1,1,6
2510,Maadi,33756,5,0,0,10,9,2,1,7,6,0,0,0,9
2511,Al Rehab,16683,5,0,0,3,3,9,8,3,10,1,1,1,8
2512,6th of October,36695,1,1,1,8,4,6,4,4,10,0,1,0,10
2513,Dokki,15025,4,1,1,6,10,3,1,3,7,0,0,0,8
2514,Helwan,24890,2,1,0,3,7,6,8,10,2,1,1,0,9
2515,Helwan,22715,1,0,1,4,3,6,4,4,7,0,1,0,4
2516,Maadi,8561,5,1,0,6,5,2,10,7,3,0,0,0,7
2517,Heliopolis,36847,1,1,0,2,4,6,7,10,8,0,1,0,4
2518,Mokattam,40531,4,1,0,8,10,9,6,10,3,0,1,1,4
2519,Heliopolis,31407,3,1,0,2,5,3,9,8,3,1,0,0,8
2520,Maadi,25580,3,0,1,7,7,9,1,5,9,0,1,0,6
2521,Zamalek,14169,2,1,1,7,8,9,10,3,9,0,1,0,9
2522,Madinaty,21116,2,1,1,2,7,2,9,6,6,1,1,1,7
2523,Nasr City,40744,4,1,1,8,3,5,8,4,7,0,1,1,9
2524,Maadi,26043,2,1,0,9,5,6,5,7,8,0,0,0,10
2525,Shoubra,6124,3,0,0,4,6,9,3,9,10,0,1,0,10
2526,Maadi,43420,4,0,0,2,8,4,10,3,8,1,0,0,7
2527,Madinaty,42051,4,1,0,3,9,2,8,9,10,0,1,1,9
2528,Maadi,11176,4,0,0,2,6,8,9,7,6,1,1,0,10
2529,Shoubra,29774,1,1,1,10,5,5,3,3,2,0,0,1,4
2530,Shoubra,22676,2,1,1,5,10,6,4,5,5,1,0,0,8
2531,Faisal,49177,5,1,0,8,7,7,6,9,8,0,0,0,8
2532,Dokki,28760,3,1,0,6,8,5,5,8,3,0,1,1,6
2533,El Shorouk,49087,2,1,0,10,4,2,6,4,10,0,1,0,6
2534,Downtown Cairo,4997,3,1,0,10,8,9,2,9,3,1,1,0,7
2535,Mohandeseen,47769,2,0,1,7,5,10,5,10,2,0,1,0,7
2536,Heliopolis,41432,5,1,0,6,9,4,4,3,6,0,1,1,6
2537,Madinaty,17117,3,1,0,2,10,5,10,9,3,1,1,1,10
2538,New Cairo,15231,5,1,1,5,9,6,7,6,7,1,1,1,6
2539,Faisal,33751,3,1,0,6,3,10,2,10,3,1,1,0,10
2540,Helwan,11440,1,0,0,10,6,6,7,4,7,1,1,0,8
2541,Dokki,23911,1,1,0,3,9,8,7,4,7,0,1,0,5
2542,New Capital,47986,3,0,0,3,8,4,8,7,3,1,1,0,9
2543,Sheikh Zayed,19608,3,0,1,4,3,2,10,4,3,1,1,1,6
2544,Mokattam,33665,5,0,0,4,4,7,1,3,7,0,1,0,8
2545,New Capital,31157,4,0,0,8,6,2,9,5,10,1,1,1,9
2546,Downtown Cairo,32779,3,1,0,2,6,7,10,3,5,0,1,0,9
2547,Mohandeseen,33968,2,0,0,3,9,9,1,8,5,0,1,0,7
2548,Downtown Cairo,31387,2,0,0,2,6,10,2,4,3,0,1,0,6
2549,New Capital,8090,2,0,1,10,10,9,9,6,5,1,1,1,7
2550,Mokattam,28945,1,1,0,10,8,6,5,8,8,0,1,1,4
2551,6th of October,44239,5,1,1,4,10,8,1,6,5,0,0,0,9
2552,Mohandeseen,7743,1,1,0,4,3,7,1,8,7,0,1,0,10
2553,Helwan,34924,2,1,0,2,9,10,3,10,6,1,1,1,10
2554,Maadi,14196,3,1,1,6,10,5,1,3,8,1,1,0,4
2555,New Cairo,30279,2,0,0,4,7,9,7,3,4,1,1,1,5
2556,Mohandeseen,43776,3,1,0,3,9,10,5,3,4,1,1,0,10
2557,El Shorouk,7324,5,0,0,4,3,8,3,10,6,0,1,0,7
2558,Zamalek,45400,4,0,0,9,7,8,10,3,5,0,1,0,9
2559,Madinaty,23641,3,1,0,9,10,3,7,9,6,1,1,1,8
2560,New Capital,31482,1,1,0,2,8,10,9,7,2,1,1,0,4
2561,New Cairo,36994,2,1,0,3,5,6,7,3,5,1,1,1,8
2562,Heliopolis,18863,2,0,0,2,10,4,6,10,7,1,0,0,8
2563,Dokki,41486,2,1,0,9,6,5,4,7,8,0,0,0,4
2564,New Capital,42440,3,1,1,2,9,3,10,4,9,0,1,0,8
2565,Haram,28111,5,0,1,7,9,4,6,10,6,1,0,0,8
2566,Al Rehab,7199,3,0,0,9,10,7,10,3,3,1,1,0,9
2567,Faisal,42038,1,1,0,9,3,2,5,9,3,0,0,1,10
2568,Nasr City,49518,2,0,0,8,4,3,10,10,4,0,1,1,7
2569,Faisal,11897,3,0,0,9,4,5,6,3,5,1,1,0,8
2570,Al Rehab,45432,2,0,1,9,9,2,7,9,7,1,1,1,10
2571,El Shorouk,18892,1,0,0,4,9,7,8,6,6,1,1,0,6
2572,Madinaty,12271,4,0,0,3,7,5,9,4,6,0,1,0,6
2573,Mohandeseen,41926,4,0,0,5,7,3,2,4,10,1,1,0,10
2574,6th of October,28815,4,0,0,6,6,5,4,3,10,0,1,0,8
2575,Sheikh Zayed,49612,2,1,0,3,7,9,7,9,4,0,1,0,10
2576,Nasr City,37357,3,0,0,9,4,7,10,4,10,0,1,0,6
2577,Mohandeseen,13552,2,1,0,9,3,2,7,5,2,0,1,0,4
2578,6th of October,20267,5,1,0,5,3,6,4,8,5,0,1,0,7
2579,Downtown Cairo,22268,3,1,0,6,7,7,3,6,9,0,1,0,8
2580,Downtown Cairo,18263,1,0,1,6,9,5,1,4,10,0,0,0,7
2581,Shoubra,9399,4,0,0,6,7,5,7,5,6,0,0,0,5
2582,Mokattam,33811,3,1,0,10,9,4,1,9,3,0,1,0,10
2583,Mohandeseen,33006,3,1,0,10,8,7,8,3,9,0,1,0,5
2584,Haram,45271,4,0,0,5,4,10,5,6,9,1,1,0,4
2585,Madinaty,5076,1,0,0,2,5,8,7,8,10,0,1,0,5
2586,New Capital,11235,2,1,0,9,9,10,9,6,7,1,1,1,5
2587,Heliopolis,27221,2,1,0,2,3,7,3,6,10,0,1,0,5
2588,El Shorouk,20417,3,1,0,8,7,3,4,5,9,0,1,0,7
2589,Maadi,36539,4,1,0,5,8,7,2,7,6,0,1,0,10
2590,Dokki,38609,5,0,1,2,8,8,4,6,5,1,0,0,7
2591,Shoubra,41249,1,1,0,5,8,3,6,5,8,0,0,0,5
2592,New Cairo,37902,2,1,0,8,8,2,8,8,7,0,1,1,10
2593,El Obour,27645,1,1,0,9,6,7,6,9,5,0,1,1,7
2594,New Cairo,25682,1,1,0,3,7,9,9,7,3,1,1,1,5
2595,Haram,49907,1,1,1,10,7,7,2,9,10,1,0,0,8
2596,Al Rehab,27401,4,0,1,6,10,9,10,10,5,0,1,1,7
2597,Mohandeseen,11771,4,1,0,9,8,7,9,5,4,1,1,1,10
2598,Heliopolis,45335,4,1,1,3,3,7,7,5,7,0,1,1,5
2599,Zamalek,12915,3,1,0,3,7,9,2,5,3,0,1,0,5
2600,Zamalek,17898,4,0,0,5,9,4,7,6,9,0,1,1,7
2601,Mohandeseen,5913,3,1,0,5,6,4,4,3,10,0,1,0,7
2602,Nasr City,41065,2,1,0,4,9,7,3,8,5,0,1,0,10
2603,Shoubra,31068,2,1,0,6,10,5,4,6,8,1,1,0,8
2604,Al Rehab,5942,2,1,0,3,6,8,8,8,2,0,1,1,6
2605,Nasr City,24388,2,0,0,2,10,8,9,8,3,0,1,1,5
2606,Sheikh Zayed,21715,2,0,1,5,8,10,8,6,5,1,1,1,5
2607,Heliopolis,4337,4,1,0,7,6,3,9,6,6,0,1,0,4
2608,Mokattam,27450,5,1,0,7,4,3,4,10,9,1,1,0,4
2609,Faisal,14057,4,0,1,3,6,7,1,6,3,1,1,0,4
2610,6th of October,31713,5,0,0,7,8,10,1,7,3,1,1,0,7
2611,El Shorouk,12983,4,1,0,5,8,8,4,7,6,1,1,1,6
2612,Al Rehab,23995,2,1,1,2,8,7,9,5,3,1,1,0,5
2613,Mokattam,40468,1,1,0,2,3,6,10,4,4,1,1,1,10
2614,Shoubra,30092,5,0,0,3,5,9,7,8,10,0,1,1,4
2615,Zamalek,16145,1,1,1,5,9,3,1,10,10,1,1,0,5
2616,El Obour,42886,2,1,0,9,9,4,5,10,7,0,1,0,6
2617,El Obour,27489,5,1,1,4,7,7,10,4,10,1,0,0,10
2618,Maadi,35036,1,0,0,6,7,2,8,10,9,0,1,0,7
2619,Sheikh Zayed,33613,4,1,0,4,7,9,7,3,4,0,1,1,10
2620,Heliopolis,32484,2,0,0,9,6,10,7,9,9,0,1,0,10
2621,Nasr City,6673,4,0,1,5,6,3,4,5,8,0,1,1,9
2622,New Cairo,38890,4,1,0,9,6,10,9,8,10,0,1,1,10
2623,Zamalek,15977,2,0,1,9,10,6,1,3,8,0,1,0,5
2624,Sheikh Zayed,27466,5,0,0,10,10,9,10,7,6,1,1,0,5
2625,New Capital,45018,3,0,0,3,5,2,10,10,6,1,1,1,7
2626,Maadi,31009,3,1,0,8,5,2,3,10,5,0,1,1,7
2627,Nasr City,7688,2,0,0,2,5,5,8,6,3,0,0,0,10
2628,New Cairo,7748,3,1,1,5,5,2,8,9,6,1,1,0,9
2629,6th of October,43110,1,1,0,5,5,2,8,9,5,0,0,0,10
2630,New Capital,17665,5,1,0,5,7,6,9,3,2,1,1,0,7
2631,Heliopolis,40898,4,1,1,8,7,3,7,3,3,0,1,0,8
2632,Haram,24641,4,1,1,6,10,5,5,7,3,0,1,0,6
2633,Heliopolis,36500,2,0,0,6,5,9,8,10,10,0,1,0,5
2634,Faisal,39797,4,0,0,4,10,7,9,5,3,1,1,0,5
2635,El Shorouk,23230,1,1,0,6,7,3,4,10,8,0,0,1,8
2636,Al Rehab,49950,1,1,1,6,10,4,10,6,4,0,1,1,10
2637,Maadi,29046,2,0,1,9,5,3,7,9,3,0,0,0,8
2638,Downtown Cairo,40803,4,1,0,3,5,5,7,6,9,1,1,0,10
2639,El Shorouk,39667,3,1,0,9,5,6,8,5,3,1,1,0,4
2640,El Shorouk,13638,3,1,0,5,7,10,7,8,10,1,1,0,10
2641,6th of October,24827,5,0,0,10,10,8,7,7,4,1,1,0,8
2642,Maadi,25173,2,1,1,9,4,9,6,8,10,0,1,0,6
2643,New Cairo,17222,5,0,1,6,4,8,8,7,4,1,1,0,4
2644,El Shorouk,41010,3,1,0,6,8,9,10,3,10,0,1,1,8
2645,Shoubra,22095,3,0,1,10,8,6,3,4,7,1,0,1,9
2646,Zamalek,5439,3,1,0,6,4,4,4,9,3,0,1,0,5
2647,New Cairo,42381,5,1,0,10,3,8,8,10,2,0,1,1,5
2648,New Capital,24014,2,1,0,7,9,2,10,4,4,1,1,1,8
2649,Maadi,9375,1,1,0,2,4,4,9,7,8,1,1,1,6
2650,6th of October,27487,1,0,0,9,4,8,6,5,4,0,1,0,4
2651,Faisal,45645,3,0,0,2,4,5,10,8,4,0,1,0,6
2652,Downtown Cairo,29702,2,1,0,3,6,8,3,5,8,0,1,0,4
2653,Haram,24600,2,1,0,7,5,7,4,4,8,0,1,1,4
2654,Al Rehab,6466,4,0,1,6,8,5,9,8,5,0,1,0,9
2655,Shoubra,44592,4,0,1,3,7,8,6,5,2,1,0,0,10
2656,Helwan,49097,5,1,0,7,9,9,5,5,9,0,1,0,8
2657,Nasr City,48398,4,1,0,8,9,9,1,9,9,1,1,1,5
2658,El Shorouk,10928,5,0,0,4,9,8,10,9,7,0,1,0,10
2659,Al Rehab,26480,1,0,0,9,6,3,9,8,2,1,1,1,6
2660,Downtown Cairo,13111,3,1,0,5,5,9,4,6,4,0,0,0,6
2661,New Cairo,44888,2,1,0,10,4,6,8,9,7,1,1,1,6
2662,Zamalek,33489,1,1,0,8,4,10,10,8,7,1,0,1,8
2663,New Capital,47832,1,1,0,4,6,7,7,5,2,1,1,0,7
2664,Shoubra,13404,5,1,0,6,7,5,5,6,8,0,1,0,5
2665,Maadi,37639,3,1,0,10,6,10,4,8,3,0,1,1,4
2666,Maadi,16582,5,1,0,10,6,2,5,6,9,0,0,1,9
2667,New Cairo,4863,1,1,0,9,8,5,10,8,7,1,1,0,4
2668,Mohandeseen,48913,2,1,0,9,5,6,7,4,2,0,0,0,8
2669,Downtown Cairo,31684,4,0,0,10,10,5,3,9,3,0,1,0,7
2670,Dokki,7055,5,0,0,6,3,10,3,6,7,0,0,1,5
2671,Heliopolis,16186,1,1,0,10,8,2,7,7,3,0,0,0,9
2672,6th of October,6682,4,0,0,7,9,4,1,10,5,0,1,1,10
2673,New Capital,49650,4,1,0,7,7,10,8,3,10,0,1,1,7
2674,Zamalek,42046,1,1,0,7,10,8,3,10,4,0,0,0,5
2675,Mohandeseen,25832,3,1,1,8,7,6,8,9,6,0,0,1,9
2676,New Cairo,20997,1,0,0,10,10,7,9,10,4,1,1,1,6
2677,Sheikh Zayed,38640,2,1,0,4,6,5,7,6,9,0,1,1,8
2678,Downtown Cairo,15346,4,1,0,7,6,6,3,7,6,0,1,0,7
2679,Heliopolis,44491,2,0,1,6,10,9,10,7,7,0,1,0,4
2680,Downtown Cairo,11189,5,1,0,5,10,6,1,10,7,1,1,0,6
2681,New Cairo,49520,4,1,0,9,4,3,8,5,5,1,1,0,5
2682,Mokattam,48333,3,1,0,4,6,9,3,7,5,1,0,0,10
2683,New Capital,25770,1,0,0,3,5,4,10,5,2,1,1,0,8
2684,Mokattam,43710,5,0,0,5,10,6,1,7,7,0,1,0,6
2685,Sheikh Zayed,48151,2,1,0,4,4,7,9,4,5,0,1,1,9
2686,El Shorouk,4244,5,1,0,8,3,2,7,4,7,0,1,0,6
2687,Helwan,36788,3,0,1,5,5,4,7,4,9,0,1,0,6
2688,Dokki,33805,1,1,1,10,7,2,8,4,10,1,1,0,6
2689,6th of October,17917,5,1,0,6,7,8,9,8,10,0,1,1,8
2690,New Cairo,9767,2,1,1,4,5,3,7,4,2,1,1,0,10
2691,El Obour,32390,5,1,0,3,8,8,6,9,6,0,0,1,9
2692,Downtown Cairo,14247,1,0,1,7,6,4,1,9,8,0,1,0,8
2693,Haram,7515,5,1,0,7,6,4,1,7,2,0,1,0,7
2694,Faisal,38678,2,1,0,2,6,2,7,6,7,0,0,0,8
2695,Zamalek,26266,1,0,1,8,7,8,3,6,2,0,1,1,8
2696,Heliopolis,14750,3,0,0,6,5,9,3,6,7,1,1,0,9
2697,Maadi,33583,3,1,0,8,10,5,9,10,8,1,1,0,9
2698,Mokattam,12076,4,0,0,5,6,10,10,4,6,0,1,0,10
2699,Heliopolis,22006,5,1,0,6,8,5,4,10,3,0,1,1,4
2700,Mokattam,19051,2,1,1,8,4,6,3,4,3,1,1,1,9
2701,Sheikh Zayed,8314,5,1,1,7,7,7,7,10,7,1,1,0,9
2702,Mohandeseen,32670,1,1,0,2,9,10,5,7,7,0,1,0,4
2703,New Cairo,39221,4,1,0,2,8,10,8,9,2,1,1,1,10
2704,Faisal,6015,2,0,0,3,5,9,8,8,10,0,1,1,5
2705,Mokattam,14236,5,1,0,4,8,3,8,9,8,0,1,0,7
2706,New Capital,39568,2,0,1,2,5,2,10,6,9,0,1,1,7
2707,Helwan,45791,1,1,0,3,5,3,9,9,3,0,1,0,5
2708,Mohandeseen,48652,4,0,0,3,5,7,8,10,7,0,1,0,4
2709,Mokattam,30367,2,0,0,8,3,8,3,9,10,1,1,0,8
2710,Heliopolis,20352,1,0,0,7,4,7,8,9,2,1,1,0,9
2711,Shoubra,49650,3,1,0,10,8,2,9,10,6,0,1,1,7
2712,Faisal,14346,2,1,0,6,10,2,2,10,9,0,1,1,9
2713,Mokattam,29156,4,0,0,4,10,2,1,8,5,0,0,1,5
2714,Faisal,18035,2,1,0,2,3,2,1,5,2,0,1,0,8
2715,New Cairo,20108,2,0,0,2,8,2,10,4,8,1,1,1,7
2716,Madinaty,6853,1,1,0,3,6,3,9,10,2,0,1,1,8
2717,Faisal,22620,5,1,0,4,8,3,2,10,8,0,0,0,4
2718,6th of October,8176,5,0,0,6,10,5,4,3,8,0,0,0,5
2719,New Capital,38923,2,0,0,8,3,4,8,3,8,1,1,0,4
2720,El Obour,29920,4,1,0,5,10,5,2,3,6,0,0,0,10
2721,Dokki,10829,4,1,0,7,3,6,7,10,5,0,1,0,4
2722,Mokattam,38654,1,0,0,7,7,5,9,9,5,1,0,1,10
2723,6th of October,43239,2,1,0,3,5,4,6,10,2,0,1,1,4
2724,Faisal,29130,2,0,0,7,3,4,10,10,3,1,1,0,6
2725,Downtown Cairo,49357,5,0,0,6,5,5,10,7,8,0,1,0,4
2726,New Capital,12391,1,1,1,7,4,7,8,5,9,0,1,0,9
2727,Mokattam,23324,3,0,1,5,3,8,10,4,9,0,1,0,8
2728,Heliopolis,44667,4,1,1,2,7,5,7,7,10,0,1,0,9
2729,Sheikh Zayed,4306,4,1,1,10,7,9,9,6,8,1,1,1,4
2730,Mohandeseen,39843,2,0,0,4,6,7,2,6,2,0,1,0,9
2731,Helwan,34543,1,1,1,2,3,6,6,9,9,0,1,1,6
2732,6th of October,11244,3,0,0,5,4,9,3,4,8,1,1,0,5
2733,Zamalek,10611,4,1,0,8,5,7,10,9,3,0,0,0,9
2734,New Capital,26706,1,1,0,5,8,2,8,9,7,1,1,1,7
2735,Mokattam,23076,3,1,0,5,9,2,4,8,4,1,1,0,5
2736,Al Rehab,37043,2,0,1,10,8,7,8,4,6,1,1,1,10
2737,New Cairo,9271,5,0,0,7,10,9,7,3,7,1,1,0,9
2738,6th of October,11331,4,1,0,10,8,10,10,5,7,0,1,0,5
2739,Mokattam,15553,4,0,1,3,8,5,8,3,9,0,1,0,5
2740,6th of October,35340,3,1,0,8,3,8,5,9,9,0,0,0,4
2741,Sheikh Zayed,15573,5,0,1,8,6,10,8,5,10,1,1,0,7
2742,Sheikh Zayed,25409,1,1,1,9,10,9,10,7,2,1,1,1,8
2743,Mohandeseen,24434,2,0,0,10,7,9,1,7,5,0,0,0,10
2744,Maadi,28464,1,1,0,9,9,2,2,9,2,0,1,0,5
2745,6th of October,46840,3,1,0,3,8,7,1,10,7,1,0,0,9
2746,Mokattam,24662,4,0,1,4,3,10,3,8,4,0,1,0,4
2747,6th of October,22228,4,1,0,3,6,9,5,5,6,0,1,0,9
2748,Shoubra,11386,1,0,0,2,4,3,3,7,10,0,0,0,6
2749,Helwan,10862,2,0,0,8,8,6,7,10,4,0,1,1,10
2750,Shoubra,44108,3,0,0,9,9,5,10,5,3,0,1,1,5
2751,El Shorouk,30252,2,1,0,6,5,9,2,9,9,0,1,0,9
2752,New Cairo,13487,3,1,1,10,4,10,9,10,8,0,1,0,6
2753,Al Rehab,44403,2,0,0,5,4,4,10,8,2,1,1,1,4
2754,Mokattam,18604,1,1,1,2,8,10,2,8,10,0,1,0,6
2755,Haram,21427,5,0,0,5,5,2,4,8,5,0,0,0,5
2756,Nasr City,31201,3,1,0,6,9,8,9,7,7,0,1,1,5
2757,Shoubra,7042,1,0,0,9,3,9,9,8,8,0,1,0,6
2758,New Capital,14386,4,1,0,6,5,7,7,6,9,1,1,1,7
2759,Nasr City,15692,4,1,0,10,6,5,7,10,5,1,1,0,5
2760,New Cairo,19225,2,1,1,7,10,5,9,9,10,1,1,0,9
2761,El Shorouk,20693,4,1,0,9,4,8,3,4,2,0,1,0,7
2762,Zamalek,10661,5,1,0,4,8,7,2,7,9,1,1,0,7
2763,6th of October,47021,3,1,0,4,5,5,9,10,10,0,1,0,5
2764,6th of October,22261,2,1,0,10,10,6,10,7,5,0,1,0,7
2765,Sheikh Zayed,31378,3,1,0,7,7,5,8,10,6,1,1,1,10
2766,New Cairo,25219,3,0,0,5,5,2,7,6,3,1,1,0,6
2767,Helwan,15937,1,1,0,9,5,5,10,10,6,1,1,0,4
2768,Maadi,4794,4,1,0,5,6,7,8,3,4,1,0,0,8
2769,Zamalek,10786,3,0,0,5,8,3,10,10,10,0,1,0,10
2770,Mohandeseen,40782,5,1,1,8,4,8,8,6,6,0,0,0,5
2771,El Obour,44160,5,1,0,8,6,10,8,10,6,0,1,0,5
2772,Downtown Cairo,49313,4,1,0,9,6,3,4,7,8,0,1,0,5
2773,Mohandeseen,42121,4,1,0,8,7,8,7,6,10,0,1,0,7
2774,El Shorouk,40175,2,0,0,9,6,3,10,6,6,0,1,0,5
2775,El Shorouk,31032,2,1,0,9,8,10,8,8,10,0,0,0,10
2776,Mokattam,30427,2,1,0,8,10,2,10,6,8,0,1,0,6
2777,Downtown Cairo,21358,4,0,1,2,6,5,5,9,7,0,1,0,4
2778,Downtown Cairo,33790,3,1,1,5,7,3,9,5,7,0,0,1,8
2779,6th of October,24621,1,0,1,4,9,2,9,6,5,1,0,1,7
2780,Faisal,32365,2,0,0,10,3,3,3,6,10,1,1,0,4
2781,New Capital,17189,1,1,1,9,6,7,7,9,10,0,1,1,5
2782,Mohandeseen,15213,5,0,1,10,5,6,8,9,4,0,0,0,5
2783,Faisal,11248,4,1,0,6,6,2,7,7,5,0,1,0,5
2784,Heliopolis,8369,5,1,0,6,9,4,9,5,2,0,1,0,5
2785,New Capital,12050,2,0,1,6,10,7,9,3,10,1,1,1,8
2786,Faisal,32605,3,1,1,3,4,6,2,5,7,0,1,1,4
2787,Sheikh Zayed,42183,2,1,0,8,5,7,9,10,4,0,1,0,10
2788,Dokki,19398,1,0,0,9,5,9,8,10,3,0,0,1,10
2789,Sheikh Zayed,44883,2,1,1,6,3,7,8,5,9,1,1,1,7
2790,El Shorouk,37055,3,1,0,9,4,6,1,9,7,0,0,0,8
2791,El Obour,7195,3,1,0,7,4,5,10,9,4,0,1,0,7
2792,New Cairo,29451,4,1,0,5,4,6,8,5,4,1,1,0,4
2793,El Shorouk,11450,4,0,0,8,10,10,6,10,9,0,1,0,5
2794,Maadi,6925,3,0,1,9,6,7,1,7,2,1,0,0,4
2795,Maadi,18515,3,0,0,10,9,6,9,8,4,1,1,0,5
2796,6th of October,9310,1,1,0,6,6,9,6,4,6,0,1,0,6
2797,Zamalek,35817,2,0,1,10,10,6,5,7,6,1,0,0,10
2798,Mohandeseen,31408,4,1,0,9,5,6,3,9,9,0,0,0,10
2799,Heliopolis,48528,1,1,0,2,3,9,9,7,7,0,0,0,8
2800,Heliopolis,23280,2,0,1,9,6,10,7,10,4,1,0,0,8
2801,Haram,21105,4,0,1,9,8,9,4,3,5,0,1,0,10
2802,Helwan,22547,1,1,0,8,8,10,1,8,5,0,1,0,6
2803,El Shorouk,14774,5,0,1,2,6,10,4,3,7,0,1,0,6
2804,Heliopolis,19457,5,1,0,7,10,9,3,9,10,1,0,0,10
2805,Mohandeseen,46311,4,1,0,3,9,8,6,3,9,1,1,0,7
2806,Faisal,7980,1,1,1,7,10,8,1,4,8,0,1,0,7
2807,Madinaty,24886,2,1,0,3,3,2,10,5,10,1,1,0,10
2808,Zamalek,15576,2,1,1,3,9,8,1,10,10,0,0,0,10
2809,El Obour,35891,1,1,0,8,4,7,1,4,7,1,1,0,7
2810,Helwan,40181,5,1,1,2,5,2,6,9,10,1,1,1,7
2811,New Cairo,37262,1,1,0,6,6,9,7,5,9,1,1,0,5
2812,Mohandeseen,4947,5,0,0,2,10,10,9,10,4,1,1,0,4
2813,Mokattam,4022,5,0,0,10,3,3,7,4,7,0,1,0,9
2814,New Cairo,5128,2,1,0,6,3,5,7,8,5,1,1,0,9
2815,Shoubra,17986,4,1,1,6,9,8,3,7,4,1,1,0,8
2816,El Obour,36322,3,1,0,5,4,2,3,7,6,0,1,1,5
2817,New Capital,20160,1,1,0,4,9,9,10,5,9,1,1,0,10
2818,Helwan,13808,5,1,1,9,9,10,6,5,8,0,1,0,9
2819,El Obour,33612,1,1,0,8,7,9,6,5,8,0,1,0,7
2820,Heliopolis,25725,4,1,0,10,9,3,8,9,3,0,0,0,10
2821,Helwan,10998,4,1,1,7,7,9,8,6,8,1,1,0,4
2822,Mokattam,43950,3,1,0,2,7,9,1,3,2,0,0,0,4
2823,Helwan,27418,3,0,0,6,9,3,3,6,7,0,0,0,6
2824,Mohandeseen,22040,5,1,0,6,7,10,5,6,8,0,0,0,5
2825,Al Rehab,24557,3,0,0,8,6,2,8,7,3,1,1,0,10
2826,New Capital,25825,5,1,0,2,10,8,10,8,9,1,1,1,5
2827,Zamalek,12998,2,1,0,2,9,3,5,7,9,1,1,0,8
2828,Dokki,40080,5,1,0,7,8,9,1,10,7,0,0,0,10
2829,Helwan,19802,3,0,0,7,8,9,7,5,8,0,1,0,7
2830,Madinaty,15167,1,0,0,10,10,5,10,7,6,0,1,1,7
2831,Al Rehab,39092,3,0,0,4,3,9,8,10,6,1,1,0,7
2832,6th of October,46407,4,1,1,6,8,6,2,10,9,0,0,1,9
2833,6th of October,17338,3,0,0,6,8,10,8,5,3,0,0,0,5
2834,Nasr City,14753,2,1,0,2,5,2,1,8,5,0,1,1,10
2835,Helwan,9984,5,1,1,7,9,6,1,10,8,0,1,0,9
2836,6th of October,22895,4,0,0,5,8,10,1,10,9,0,1,0,9
2837,Helwan,47831,5,1,0,7,8,7,2,8,5,0,0,0,9
2838,Faisal,4362,5,1,1,9,10,5,1,6,7,0,1,0,10
2839,Dokki,7454,3,1,0,9,9,2,2,3,4,0,1,1,5
2840,6th of October,25004,1,1,1,4,9,7,7,7,8,0,1,0,9
2841,Dokki,40023,4,1,1,10,8,8,1,6,3,0,1,0,10
2842,El Obour,21601,2,1,0,5,6,8,10,10,2,0,1,0,4
2843,Al Rehab,9349,2,1,0,2,7,10,9,8,6,1,1,0,9
2844,Mokattam,43963,1,0,1,10,5,5,3,5,5,0,1,0,7
2845,Faisal,14047,1,0,0,6,5,5,2,7,6,1,0,0,7
2846,Al Rehab,11750,3,0,0,9,8,6,9,8,10,1,1,1,6
2847,El Obour,33393,2,0,1,8,8,10,7,9,2,1,1,0,4
2848,Mokattam,26463,4,1,0,6,7,3,2,3,9,1,1,0,7
2849,El Obour,13399,1,1,0,9,5,5,3,7,4,1,0,1,10
2850,Zamalek,17686,1,1,1,2,6,10,6,10,8,0,1,0,8
2851,Mohandeseen,44803,1,0,0,5,10,7,4,5,4,1,1,0,10
2852,El Shorouk,38275,4,0,1,6,4,7,1,6,6,1,0,0,7
2853,Faisal,26787,2,1,0,5,6,8,8,8,8,0,1,1,10
2854,El Shorouk,18776,4,0,1,7,6,6,7,9,7,1,0,0,5
2855,Mohandeseen,33527,4,1,0,10,4,5,8,9,3,1,1,1,10
2856,Mohandeseen,43351,3,1,0,2,7,4,9,6,4,0,1,0,7
2857,El Obour,40695,1,1,0,3,7,3,9,3,10,0,1,0,8
2858,El Shorouk,19797,2,0,0,2,9,8,3,3,7,0,1,0,6
2859,Shoubra,40999,3,0,1,8,4,6,9,6,3,0,1,0,10
2860,Zamalek,9302,3,0,0,3,8,2,6,4,6,0,1,0,5
2861,El Obour,42059,5,1,1,10,9,5,10,6,10,0,1,0,10
2862,Dokki,4908,1,1,0,9,6,10,10,5,5,0,0,1,4
2863,Nasr City,19123,2,0,1,2,3,9,2,7,3,0,0,0,7
2864,Mohandeseen,16877,2,0,0,4,5,8,1,4,3,0,0,1,10
2865,Mokattam,18239,2,1,0,7,5,6,4,9,5,1,1,0,6
2866,El Obour,25435,1,0,0,4,5,2,9,6,8,0,0,0,6
2867,Downtown Cairo,31313,2,1,1,10,3,6,2,7,6,0,1,1,8
2868,Helwan,39354,4,0,0,3,6,9,1,8,8,0,1,0,5
2869,Downtown Cairo,46103,4,1,0,7,7,5,2,3,5,1,0,1,9
2870,New Capital,21715,1,1,0,3,8,6,9,8,2,0,1,1,9
2871,Haram,27235,2,1,0,4,4,9,5,6,5,1,0,0,10
2872,Haram,30129,5,0,1,10,5,6,5,4,6,0,1,0,5
2873,Maadi,14534,5,0,0,10,8,5,10,5,7,0,1,0,7
2874,Sheikh Zayed,38574,5,1,0,3,3,5,7,7,5,1,1,0,5
2875,Zamalek,47060,4,1,1,9,8,7,1,8,8,0,1,1,5
2876,Sheikh Zayed,21189,5,1,1,4,4,2,7,9,5,1,1,1,7
2877,Haram,24531,2,1,0,3,6,5,1,7,5,0,1,0,6
2878,Nasr City,14967,2,0,1,9,3,2,10,6,7,0,1,0,6
2879,Faisal,20455,5,1,0,4,8,7,3,5,2,0,1,0,4
2880,Downtown Cairo,4027,3,0,0,9,3,9,2,5,10,0,1,0,10
2881,Mohandeseen,12660,5,0,0,7,4,5,2,3,7,0,0,0,7
2882,New Capital,29339,3,0,0,2,10,9,10,6,5,0,1,0,7
2883,Helwan,43823,1,1,1,3,4,3,9,8,5,1,1,1,4
2884,Zamalek,13616,1,0,0,3,5,6,5,9,10,0,1,0,4
2885,El Shorouk,14440,2,1,0,8,6,4,2,7,10,0,1,0,9
2886,Faisal,40600,4,0,1,7,4,8,10,3,7,0,1,0,5
2887,Downtown Cairo,17107,2,0,0,3,5,10,7,7,6,0,1,0,9
2888,6th of October,32646,2,1,0,2,8,2,8,8,2,0,0,1,7
2889,Dokki,30251,4,0,0,6,5,9,9,3,10,0,1,1,8
2890,Maadi,19954,2,0,1,3,10,5,4,8,7,0,0,0,7
2891,6th of October,20943,4,1,1,7,4,6,1,6,10,0,1,1,10
2892,Madinaty,44725,2,1,0,3,3,2,10,8,3,1,1,0,9
2893,Maadi,49434,1,0,0,10,8,6,7,3,9,1,1,0,10
2894,Faisal,24215,3,1,0,6,3,10,1,3,8,0,0,1,10
2895,Al Rehab,14110,2,1,0,8,10,9,7,5,2,1,1,1,5
2896,El Obour,44112,3,1,0,5,3,9,4,8,7,0,1,0,7
2897,Madinaty,25555,5,0,0,3,5,7,8,5,9,1,1,0,5
2898,Mokattam,20462,2,0,0,4,3,10,7,8,2,1,1,1,10
2899,Haram,17696,1,1,0,6,6,5,3,7,4,1,1,1,7
2900,Faisal,5031,4,1,0,2,10,7,1,9,2,1,1,0,10
2901,6th of October,27765,1,0,0,5,3,4,7,5,5,1,1,1,5
2902,Dokki,19816,3,1,0,5,9,3,3,6,5,0,1,0,4
2903,New Cairo,21868,4,1,0,3,10,10,8,6,7,1,1,0,5
2904,New Capital,14437,1,1,0,10,8,6,10,3,7,1,1,1,10
2905,Heliopolis,19453,1,0,0,7,10,3,4,7,3,1,1,0,6
2906,Maadi,26222,1,0,0,10,8,6,5,9,8,1,0,0,7
2907,Heliopolis,18258,4,1,1,7,3,7,1,6,8,1,1,0,7
2908,New Cairo,38318,1,1,0,3,5,9,8,3,7,1,1,0,7
2909,Shoubra,16977,1,0,0,2,8,6,1,7,10,0,1,0,4
2910,Mohandeseen,41450,3,1,1,5,9,3,3,10,5,1,1,0,9
2911,Maadi,22213,1,1,0,2,9,8,3,6,9,0,1,1,6
2912,Helwan,40519,1,0,0,9,7,6,4,4,3,0,1,0,9
2913,6th of October,49682,5,1,1,2,10,3,10,3,5,0,0,0,10
2914,El Shorouk,14223,4,1,0,6,10,7,1,6,8,0,1,0,9
2915,New Cairo,43369,5,0,0,10,6,8,9,4,8,1,1,0,4
2916,Al Rehab,24843,3,0,0,2,5,9,10,10,5,1,1,0,10
2917,Zamalek,7856,5,0,0,5,6,4,5,8,10,0,0,0,8
2918,El Obour,16661,2,1,0,9,6,5,6,3,3,1,0,0,8
2919,Downtown Cairo,19591,4,1,0,9,3,7,3,10,7,0,1,0,5
2920,Nasr City,10182,1,0,0,2,6,4,3,6,4,0,0,0,8
2921,Helwan,11970,5,1,0,9,9,7,5,3,3,0,0,0,5
2922,Heliopolis,38862,5,0,0,4,3,10,5,5,2,0,1,1,4
2923,Al Rehab,34755,1,1,0,8,6,6,9,8,9,1,1,0,10
2924,Haram,48863,1,0,1,2,8,3,7,4,3,0,0,0,4
2925,Sheikh Zayed,23416,3,1,1,6,10,3,9,10,5,1,1,1,5
2926,New Cairo,17672,5,1,1,5,9,8,10,7,4,1,1,1,8
2927,El Obour,21932,5,1,0,5,7,5,9,7,9,0,1,0,5
2928,6th of October,12559,2,1,0,6,6,10,10,9,8,0,1,0,7
2929,Heliopolis,4064,2,0,0,4,4,10,3,3,5,0,0,0,6
2930,El Shorouk,7299,5,1,0,8,10,7,7,3,7,0,1,0,4
2931,Maadi,8849,2,1,0,3,3,6,8,5,6,1,1,1,4
2932,New Cairo,9639,5,1,1,2,7,8,9,4,3,1,1,0,5
2933,New Cairo,15055,4,1,1,7,3,6,9,3,8,1,1,1,4
2934,El Shorouk,26058,3,0,0,2,7,10,6,7,10,0,1,0,5
2935,Downtown Cairo,33427,2,0,1,8,3,10,6,4,9,0,1,1,8
2936,6th of October,20980,5,1,0,9,9,8,5,4,8,0,1,0,5
2937,Mohandeseen,14866,2,1,0,3,4,5,7,5,7,0,0,1,4
2938,Al Rehab,7889,3,0,0,5,8,2,8,8,3,1,1,0,5
2939,Shoubra,35335,4,1,0,8,4,5,5,3,7,0,0,0,5
2940,Sheikh Zayed,30162,1,1,1,7,9,4,8,4,2,1,1,1,7
2941,Zamalek,27913,1,1,0,3,7,2,6,10,7,0,0,0,8
2942,Dokki,28687,2,0,0,5,10,5,3,5,8,0,1,0,10
2943,Maadi,37220,5,0,0,4,5,8,2,7,5,1,1,1,7
2944,Nasr City,14995,3,0,0,10,3,3,4,5,8,0,1,0,6
2945,Dokki,6631,4,1,1,7,5,8,3,9,10,0,1,0,5
2946,Sheikh Zayed,38954,4,1,1,3,6,7,7,9,2,1,1,0,9
2947,Nasr City,9967,4,1,1,3,10,10,6,9,5,1,1,0,6
2948,Zamalek,26758,1,1,0,4,4,3,4,5,5,0,1,0,5
2949,Zamalek,25742,3,1,0,6,9,7,4,8,5,1,0,1,9
2950,Downtown Cairo,41116,1,1,1,7,10,7,10,9,2,0,1,1,10
2951,New Capital,30580,2,0,1,6,3,7,7,5,8,0,1,0,5
2952,Faisal,38227,4,0,0,2,4,4,10,9,9,0,1,0,6
2953,Madinaty,5942,3,0,1,2,6,7,8,10,8,1,1,0,4
2954,Haram,32069,4,0,0,8,8,10,7,3,3,0,0,1,4
2955,New Cairo,25806,1,0,1,8,7,4,7,5,5,0,1,0,9
2956,Al Rehab,18407,1,0,0,7,3,3,7,10,3,1,1,0,4
2957,Downtown Cairo,18557,1,1,1,10,9,9,10,7,8,0,0,0,5
2958,Al Rehab,20445,4,1,0,3,3,4,7,4,5,1,1,0,10
2959,Helwan,21878,3,0,0,2,3,6,9,9,8,0,1,1,4
2960,Helwan,21564,3,1,0,7,7,6,5,9,7,1,1,1,5
2961,Heliopolis,17093,2,1,0,7,4,3,6,6,4,0,1,1,4
2962,Nasr City,39556,4,1,0,10,7,3,1,9,10,0,1,0,7
2963,Mohandeseen,30451,2,1,0,2,8,7,7,8,9,1,1,0,4
2964,Maadi,47168,2,1,0,2,10,3,8,3,8,0,1,0,7
2965,Shoubra,28086,2,1,0,7,10,7,5,10,4,0,1,0,5
2966,New Capital,20489,2,0,0,6,4,8,7,6,6,1,1,0,10
2967,El Shorouk,32004,1,0,0,7,8,5,4,9,9,0,1,0,10
2968,Heliopolis,24471,2,0,0,7,3,5,3,8,3,0,0,0,10
2969,Zamalek,30284,3,1,0,5,7,4,3,8,5,0,0,0,8
2970,Sheikh Zayed,40693,2,0,1,9,8,2,9,5,6,1,1,0,5
2971,Helwan,22292,1,1,1,6,9,5,10,3,3,0,1,0,8
2972,El Obour,22433,5,0,1,7,9,4,6,7,7,0,0,0,8
2973,Haram,18568,5,1,0,3,9,9,9,6,8,0,1,0,7
2974,Nasr City,49424,5,1,0,2,6,6,3,4,9,1,1,1,8
2975,New Cairo,13466,4,0,1,9,7,8,8,8,5,1,1,1,4
2976,Al Rehab,29521,3,1,0,7,4,4,10,7,6,1,1,1,6
2977,El Obour,40672,1,1,1,10,10,4,1,7,4,0,0,1,5
2978,Sheikh Zayed,19467,5,1,0,6,10,7,7,6,6,1,1,1,5
2979,Mokattam,36019,1,0,0,9,3,5,1,10,7,0,0,0,7
2980,Al Rehab,14419,1,1,0,8,4,9,9,4,5,0,1,1,6
2981,Madinaty,20676,4,0,1,2,5,4,7,10,7,1,1,0,8
2982,Faisal,33255,5,1,0,8,3,6,4,10,10,0,1,0,9
2983,Haram,35514,2,0,0,5,10,2,4,3,5,0,1,0,4
2984,Heliopolis,47182,1,1,1,7,6,2,8,9,8,0,1,0,4
2985,Downtown Cairo,26650,5,0,0,10,10,9,4,7,9,0,0,0,9
2986,Madinaty,26754,1,0,0,10,6,8,8,3,4,1,1,1,7
2987,Nasr City,16165,4,1,0,10,5,2,4,7,8,1,1,0,10
2988,Nasr City,14683,4,1,0,6,4,7,5,9,10,0,0,0,5
2989,Madinaty,36556,2,1,1,5,9,3,8,5,2,1,1,0,4
2990,Nasr City,19442,4,0,1,7,6,2,4,9,2,1,1,0,10
2991,New Cairo,8860,5,1,0,6,4,6,7,8,8,0,1,0,4
2992,Heliopolis,7729,4,1,0,6,3,6,2,9,3,1,1,0,8
2993,Sheikh Zayed,35351,2,1,0,9,7,3,9,7,9,1,1,1,6
2994,Haram,28346,3,1,0,6,9,6,10,3,7,0,1,1,6
2995,6th of October,12619,1,1,0,2,3,8,10,4,3,0,0,0,9
2996,Helwan,15164,1,1,0,6,10,5,3,6,5,0,0,1,6
2997,El Obour,42878,5,0,0,6,4,3,5,4,8,0,1,0,6
2998,Downtown Cairo,10955,2,0,0,6,8,6,2,7,9,0,1,0,8
2999,New Capital,4106,2,0,1,4,5,7,8,3,6,1,1,0,6
3000,Helwan,8754,2,1,1,10,8,9,10,5,3,0,1,0,4
3001,El Obour,48293,1,1,0,6,3,10,2,4,3,0,0,0,10
3002,Shoubra,25662,4,1,0,3,9,9,6,5,5,0,1,0,6
3003,Sheikh Zayed,10408,1,1,0,6,6,8,8,6,4,0,1,0,4
3004,Nasr City,44403,1,1,1,10,9,10,10,9,8,1,1,0,10
3005,Nasr City,5225,1,1,1,9,3,10,6,5,6,0,1,0,8
3006,6th of October,16196,4,1,1,7,3,7,4,9,6,0,0,0,7
3007,Helwan,8250,3,1,0,10,3,4,8,6,9,0,1,1,7
3008,El Obour,19372,5,1,0,8,5,9,4,5,2,1,0,0,5
3009,Maadi,21279,3,1,1,3,9,4,9,7,7,0,1,0,7
3010,El Obour,48865,3,1,1,2,4,2,8,10,7,0,0,0,9
3011,Faisal,34193,1,1,1,4,5,5,4,5,5,0,0,0,5
3012,New Cairo,48823,3,1,0,5,6,10,7,8,8,1,1,0,4
3013,Madinaty,30868,1,0,0,10,9,9,8,4,10,0,1,0,6
3014,Maadi,42187,1,1,0,6,4,7,9,9,10,0,1,0,4
3015,El Obour,32475,5,0,1,3,10,4,6,4,9,0,0,0,10
3016,Faisal,48552,2,0,1,6,6,4,1,4,2,1,0,0,4
3017,Helwan,6433,1,1,0,3,9,8,6,6,10,0,1,0,4
3018,Mokattam,14998,3,1,0,10,4,6,8,6,5,0,0,0,7
3019,El Shorouk,48343,5,1,0,7,4,4,9,7,4,0,1,0,4
3020,El Shorouk,35133,3,0,0,6,10,2,1,6,3,0,1,1,9
3021,Al Rehab,38069,2,1,0,3,10,10,10,7,5,1,1,1,7
3022,Dokki,10858,4,1,0,8,8,6,5,5,8,0,1,0,4
3023,Sheikh Zayed,12950,2,1,0,8,3,8,8,10,2,1,1,1,8
3024,Faisal,12938,5,1,0,3,3,10,7,3,3,0,1,0,10
3025,Zamalek,29168,2,0,1,7,5,5,5,10,2,0,0,0,7
3026,New Cairo,36099,2,0,0,4,4,6,8,9,7,1,1,1,5
3027,El Obour,9644,5,1,1,9,6,4,8,4,8,1,0,0,6
3028,Downtown Cairo,47846,5,0,0,6,3,8,6,4,9,0,1,0,6
3029,Maadi,13260,3,0,1,9,10,2,10,7,3,0,1,0,5
3030,Al Rehab,40075,1,1,1,8,10,9,7,6,2,1,1,0,7
3031,Sheikh Zayed,20488,4,1,0,9,8,4,10,8,3,1,1,1,7
3032,Faisal,4395,4,0,0,2,6,5,1,10,9,0,1,0,8
3033,Helwan,14845,4,0,0,7,8,5,8,9,6,0,1,0,10
3034,New Cairo,40059,2,0,0,4,10,8,8,5,7,1,1,1,9
3035,Haram,22394,5,0,0,6,3,8,6,7,5,1,1,0,9
3036,Mohandeseen,32457,5,1,0,3,4,5,7,4,4,0,0,0,4
3037,Faisal,49906,5,0,1,5,6,7,7,8,10,0,0,0,8
3038,Nasr City,41305,1,1,0,7,5,9,2,9,6,0,0,1,9
3039,Dokki,46628,5,1,0,2,9,5,6,9,8,0,1,0,6
3040,Mohandeseen,25352,5,1,0,3,5,2,7,7,8,0,0,0,5
3041,Nasr City,25146,2,1,0,3,5,8,8,3,8,0,1,0,8
3042,Helwan,21435,3,0,0,10,3,3,2,3,9,0,1,1,10
3043,Nasr City,43386,4,1,0,6,3,4,10,3,4,0,1,0,6
3044,Sheikh Zayed,41491,2,1,1,6,5,9,10,10,2,0,1,1,5
3045,Faisal,23968,2,1,0,7,6,3,2,5,5,1,1,0,8
3046,Maadi,12539,2,0,0,4,3,3,9,10,2,0,1,0,4
3047,Al Rehab,5263,4,0,0,10,5,5,10,3,5,1,1,1,7
3048,El Obour,17305,2,0,0,4,3,7,3,5,3,1,0,0,9
3049,Downtown Cairo,28398,3,1,1,5,7,3,8,8,9,0,0,0,7
3050,El Shorouk,47702,5,1,1,10,6,10,6,7,7,0,1,0,10
3051,Al Rehab,36080,3,1,0,9,10,3,10,5,6,1,1,0,4
3052,Dokki,14265,5,1,1,7,4,10,8,4,3,1,1,0,5
3053,Nasr City,36152,5,0,0,9,6,8,10,6,4,1,1,0,6
3054,Helwan,31724,2,1,0,2,9,4,6,3,10,1,0,0,9
3055,New Capital,34624,2,1,0,5,4,10,7,10,6,1,1,0,6
3056,6th of October,38119,4,0,1,5,5,10,3,6,3,0,1,0,10
3057,Mokattam,43958,1,1,0,3,10,7,2,7,2,0,1,0,8
3058,El Shorouk,33389,3,1,0,3,10,3,8,5,6,0,1,0,8
3059,Heliopolis,20650,4,0,0,10,3,8,10,5,4,0,1,1,5
3060,Helwan,30014,4,1,1,7,5,5,5,6,6,0,1,1,9
3061,Faisal,14885,3,1,0,8,8,5,9,9,9,0,1,0,6
3062,Faisal,11434,3,0,0,5,10,8,5,7,5,0,1,1,7
3063,Shoubra,34028,5,1,1,4,4,6,5,6,7,0,1,0,9
3064,El Shorouk,5022,1,0,1,4,10,2,8,4,9,0,1,0,4
3065,El Shorouk,28331,2,1,1,6,10,4,8,10,4,0,1,0,4
3066,New Capital,6037,1,0,1,7,7,8,7,3,9,1,1,0,6
3067,Heliopolis,12756,1,0,1,3,4,10,8,3,2,0,1,0,6
3068,Sheikh Zayed,21443,2,1,0,8,10,10,9,5,5,1,1,1,9
3069,Heliopolis,38192,1,0,0,8,10,8,6,8,7,0,1,0,4
3070,Al Rehab,8123,4,0,0,2,3,6,9,7,5,0,1,0,9
3071,Zamalek,20603,4,0,1,8,10,5,5,10,8,0,1,0,8
3072,Downtown Cairo,4405,2,0,1,5,7,10,2,9,5,0,1,0,8
3073,Al Rehab,46597,2,0,0,5,3,7,10,10,7,1,1,1,7
3074,Faisal,22702,3,1,0,4,7,3,5,7,5,0,1,0,6
3075,Haram,46719,3,1,1,10,10,4,8,5,7,0,0,0,7
3076,Helwan,30250,1,1,0,4,3,8,5,7,9,0,0,0,7
3077,Faisal,45751,1,1,0,5,4,5,10,9,3,0,1,0,8
3078,Mokattam,25442,2,1,0,4,4,8,9,7,6,1,1,0,5
3079,Haram,21693,1,0,0,9,4,6,1,9,8,0,1,0,6
3080,Faisal,28005,5,0,1,9,4,2,6,3,6,0,0,1,6
3081,Downtown Cairo,48793,4,1,1,9,7,4,8,10,8,0,0,0,6
3082,Downtown Cairo,41697,1,0,1,6,9,10,7,10,4,0,1,1,7
3083,Sheikh Zayed,32988,1,1,0,8,6,5,8,10,5,1,1,0,5
3084,Dokki,36333,3,1,1,4,6,6,2,4,6,0,0,0,5
3085,El Obour,33992,5,1,0,9,9,3,10,4,4,0,1,0,4
3086,New Cairo,13522,1,1,0,3,5,9,7,5,7,1,1,0,5
3087,Shoubra,49406,4,1,0,9,6,2,1,4,8,0,0,0,8
3088,6th of October,45470,1,1,1,7,10,5,3,4,7,0,1,0,9
3089,Mohandeseen,47532,2,1,0,3,5,7,3,3,7,0,1,0,5
3090,New Capital,16121,5,0,0,7,4,9,9,4,6,1,1,1,4
3091,El Obour,18219,1,1,1,3,3,5,9,4,7,0,0,0,8
3092,Helwan,5617,5,1,0,4,6,3,5,4,7,0,1,0,9
3093,Helwan,47016,1,1,1,6,6,5,1,8,9,1,0,0,4
3094,Helwan,28276,4,1,1,2,10,2,2,9,2,0,1,0,6
3095,Zamalek,38351,4,0,1,10,4,9,4,8,3,1,0,1,5
3096,Mohandeseen,10704,5,1,0,4,4,10,9,9,7,1,1,0,7
3097,Faisal,44756,3,1,0,2,6,4,5,6,7,0,0,0,6
3098,Heliopolis,21959,3,1,1,7,4,9,9,4,8,0,0,0,4
3099,New Cairo,32522,2,0,0,2,6,10,10,6,2,0,1,1,10
3100,Nasr City,13953,3,1,0,4,3,9,9,3,7,0,0,0,5
3101,El Obour,30567,5,1,0,8,8,3,8,4,9,0,0,0,6
3102,Downtown Cairo,26560,3,0,0,5,3,3,1,7,4,0,1,0,4
3103,Mokattam,6613,2,1,0,10,5,5,7,10,5,0,1,0,8
3104,Shoubra,40660,1,1,1,8,6,2,5,6,2,0,1,0,8
3105,Haram,49104,3,0,0,6,8,4,10,4,4,0,1,0,6
3106,Al Rehab,43501,5,1,0,10,3,5,7,8,8,0,1,1,7
3107,New Cairo,41199,5,1,0,4,8,3,10,7,10,1,1,0,10
3108,Madinaty,28496,2,1,1,9,9,8,7,5,3,1,1,0,6
3109,Madinaty,21765,2,0,0,9,3,4,8,6,7,1,1,0,7
3110,Shoubra,29721,4,0,0,5,9,8,7,10,8,0,1,0,6
3111,El Shorouk,7515,4,0,0,2,9,8,1,3,3,0,1,0,9
3112,Maadi,8454,4,0,0,5,7,10,9,5,9,0,1,0,7
3113,6th of October,44537,1,0,0,10,8,5,1,7,3,0,1,0,9
3114,New Cairo,26873,5,1,1,2,3,5,8,6,6,1,1,1,8
3115,Downtown Cairo,12384,4,0,0,4,5,2,2,6,7,1,0,0,10
3116,New Cairo,17727,5,0,0,9,10,7,8,4,2,0,1,0,9
3117,Faisal,7534,2,0,0,4,3,7,6,9,8,1,0,0,4
3118,Haram,37523,1,0,0,3,10,8,5,5,7,0,1,0,4
3119,Mohandeseen,35889,2,1,0,2,4,10,5,4,5,0,1,1,4
3120,Helwan,29465,5,1,0,10,7,10,8,9,3,1,1,0,8
3121,Mohandeseen,34593,4,0,0,4,6,6,7,3,7,0,1,0,6
3122,Dokki,25330,2,0,1,8,5,3,5,5,10,0,0,0,9
3123,Dokki,12302,3,1,0,4,8,2,4,6,9,1,1,0,6
3124,New Cairo,16907,1,0,0,9,10,3,8,7,7,1,1,0,6
3125,Zamalek,28430,5,1,0,10,8,3,2,3,6,0,1,0,10
3126,Sheikh Zayed,45752,4,1,1,9,3,2,10,10,8,1,1,1,10
3127,Nasr City,11181,2,0,1,6,6,9,7,4,4,0,0,0,9
3128,Zamalek,16875,1,1,0,3,3,4,10,10,10,0,1,0,4
3129,Downtown Cairo,31219,4,1,0,7,7,9,1,4,7,0,1,0,7
3130,Nasr City,40182,2,0,0,9,9,7,9,8,3,0,1,0,8
3131,El Obour,19005,5,0,0,3,6,2,6,3,6,0,0,0,4
3132,Mohandeseen,46269,3,1,0,7,10,8,5,5,10,0,1,0,7
3133,Mohandeseen,18245,3,1,1,8,10,4,6,3,7,1,0,0,8
3134,Nasr City,10457,5,0,1,10,4,10,1,10,10,0,1,1,4
3135,6th of October,10749,1,1,1,10,8,10,2,5,2,0,1,1,5
3136,Zamalek,37064,5,0,0,3,4,5,7,3,3,1,1,0,5
3137,Sheikh Zayed,13821,2,1,0,2,8,3,7,8,10,1,1,1,5
3138,New Cairo,36761,1,1,0,8,6,10,7,8,10,1,1,1,8
3139,Maadi,42051,3,1,0,7,10,6,6,3,2,0,1,0,5
3140,Mohandeseen,17119,2,1,1,5,4,9,7,6,6,1,1,0,6
3141,6th of October,11664,4,0,0,10,5,10,7,5,7,0,1,0,5
3142,Maadi,33281,4,1,0,2,10,2,6,3,6,0,1,0,8
3143,Mokattam,44279,4,0,1,8,8,4,8,4,4,0,1,0,10
3144,Mokattam,35821,3,1,1,6,7,8,7,4,7,0,0,1,9
3145,Sheikh Zayed,42233,5,1,1,6,5,3,9,8,10,1,1,0,5
3146,Heliopolis,28647,1,1,1,7,6,5,5,10,5,0,0,1,5
3147,Al Rehab,49325,3,0,0,3,5,5,10,5,3,0,1,1,4
3148,New Cairo,8382,2,1,0,4,8,8,7,3,4,1,1,0,7
3149,Mohandeseen,20449,2,1,0,10,7,3,8,5,8,0,1,0,7
3150,New Cairo,21263,4,1,0,5,7,9,8,3,2,0,1,1,6
3151,Mokattam,28643,1,0,0,7,8,9,9,6,8,0,1,0,7
3152,El Obour,13408,4,1,0,4,9,7,10,7,8,0,1,0,9
3153,El Obour,27606,2,0,1,4,6,5,4,4,7,0,1,0,7
3154,Maadi,31603,2,0,0,10,8,3,6,8,3,1,1,0,7
3155,El Obour,9069,5,0,0,10,5,4,6,10,2,1,1,0,9
3156,Faisal,23623,5,0,0,4,8,4,2,5,4,0,0,0,5
3157,Heliopolis,48440,5,0,0,4,7,4,7,4,10,0,1,0,7
3158,Shoubra,20891,4,0,0,7,6,5,7,3,6,0,1,1,5
3159,Maadi,11704,1,0,1,2,8,8,1,4,6,0,1,0,5
3160,Mohandeseen,32290,5,1,0,6,7,10,5,3,5,1,1,0,9
3161,Helwan,31460,3,1,1,10,8,5,9,5,5,1,0,0,7
3162,Maadi,21509,5,1,0,10,3,8,10,8,8,0,0,1,5
3163,Madinaty,21269,4,1,0,9,3,7,8,8,3,0,1,0,7
3164,Shoubra,11975,1,1,0,7,10,10,10,7,8,0,0,0,4
3165,Heliopolis,48837,5,1,0,10,7,9,7,6,5,1,1,0,4
3166,Maadi,10565,1,0,0,4,10,3,9,6,7,1,0,0,10
3167,Maadi,26467,3,1,0,10,6,4,1,4,2,1,0,0,7
3168,El Obour,8870,2,1,0,9,3,7,9,5,8,0,1,0,6
3169,Downtown Cairo,22909,1,1,1,2,7,6,4,5,4,0,0,0,5
3170,Maadi,13117,5,1,0,10,10,3,1,10,10,1,0,0,7
3171,Dokki,5938,4,1,0,9,8,3,8,8,6,1,0,0,5
3172,New Cairo,32390,4,1,0,9,4,6,10,6,7,1,1,0,7
3173,Mohandeseen,48322,4,1,0,7,8,6,8,3,7,0,0,0,6
3174,Mokattam,40000,4,1,0,10,5,2,6,9,8,0,1,0,10
3175,Dokki,24128,1,0,0,9,7,4,6,6,4,0,0,0,10
3176,Dokki,35781,4,1,0,3,10,10,8,8,2,0,1,0,5
3177,Zamalek,7465,2,1,0,7,9,4,9,10,2,0,1,0,8
3178,Helwan,4440,3,1,0,9,3,7,8,4,8,0,1,0,10
3179,6th of October,9413,1,1,0,7,10,7,7,6,3,1,1,0,4
3180,El Obour,15663,1,0,1,10,7,3,3,10,8,1,0,0,8
3181,Faisal,42523,4,1,0,6,8,8,4,9,9,0,0,0,7
3182,Faisal,41780,4,1,0,9,9,10,9,10,2,0,1,0,10
3183,Helwan,23547,1,1,0,3,6,10,4,3,6,1,1,0,6
3184,Madinaty,20126,4,0,1,6,3,9,9,10,3,0,1,0,6
3185,Madinaty,43520,4,0,1,2,10,6,9,8,4,1,1,1,7
3186,Sheikh Zayed,4005,4,1,1,6,6,9,8,4,6,0,1,1,5
3187,Mohandeseen,41544,4,0,0,8,6,10,7,3,6,0,1,0,6
3188,New Capital,11038,4,1,0,2,8,2,10,7,3,1,1,1,10
3189,New Capital,10414,5,0,1,4,6,2,8,4,5,1,1,0,4
3190,Haram,26123,5,1,0,7,9,6,3,10,8,0,1,0,9
3191,Mokattam,7970,5,0,0,2,9,8,5,3,7,0,1,0,8
3192,Haram,15050,1,1,0,4,7,10,4,6,4,0,1,0,4
3193,Mokattam,6606,3,1,0,9,3,10,3,7,5,0,1,0,9
3194,New Capital,20482,1,0,0,10,6,4,8,10,8,0,1,1,6
3195,Downtown Cairo,37293,5,1,0,8,4,2,9,3,2,1,1,0,10
3196,Sheikh Zayed,10337,1,0,1,5,5,4,7,8,9,0,1,0,5
3197,El Obour,37948,3,1,0,8,10,9,3,6,9,0,1,0,8
3198,Mohandeseen,28451,4,1,0,8,9,8,5,7,4,0,0,0,10
3199,Haram,30265,2,0,0,8,7,6,9,10,7,0,0,0,6
3200,El Shorouk,29714,5,0,0,9,4,10,3,5,3,0,1,0,10
3201,Mokattam,24875,5,1,1,5,9,5,5,5,9,0,1,0,6
3202,Maadi,17057,3,0,1,5,3,7,2,7,9,0,1,1,10
3203,Haram,36400,4,0,0,10,5,6,8,9,4,1,1,0,7
3204,Maadi,9922,4,1,0,9,10,7,6,3,7,1,1,1,4
3205,Al Rehab,7071,2,0,1,5,9,5,10,3,2,1,1,0,8
3206,6th of October,26025,4,1,0,7,9,4,1,9,5,0,1,1,9
3207,El Shorouk,31503,3,1,0,10,6,6,2,4,10,1,1,0,5
3208,Helwan,27765,4,0,0,7,4,6,7,3,8,1,0,0,7
3209,Downtown Cairo,39560,3,0,1,6,4,3,7,3,5,0,0,0,5
3210,Helwan,36782,5,1,1,8,6,5,9,5,4,0,1,0,4
3211,Haram,22799,5,0,0,3,8,4,6,10,9,0,0,0,9
3212,Heliopolis,39453,5,0,0,9,8,8,7,5,9,0,1,0,4
3213,Helwan,31476,1,1,0,8,6,6,4,3,7,0,1,0,8
3214,Haram,20212,5,1,0,7,9,7,2,10,8,0,0,0,8
3215,Mohandeseen,13428,3,0,0,4,4,8,9,6,3,0,0,0,10
3216,6th of October,35419,2,1,0,10,3,3,1,5,4,1,1,0,5
3217,Heliopolis,12159,4,1,1,3,7,5,6,10,5,1,1,1,8
3218,Nasr City,28310,5,1,0,5,10,7,10,8,7,0,0,0,8
3219,El Shorouk,40868,1,1,1,3,3,4,9,8,3,0,1,0,9
3220,Al Rehab,43142,1,1,0,7,3,7,9,8,4,1,1,0,7
3221,Zamalek,10004,3,0,0,8,10,2,10,3,9,0,1,1,9
3222,Al Rehab,42289,2,0,1,10,7,9,7,9,4,1,1,0,4
3223,Faisal,15412,5,0,0,7,3,6,2,5,9,0,1,0,9
3224,6th of October,15755,5,0,0,7,5,2,9,3,8,1,1,1,6
3225,Maadi,23017,1,0,0,6,6,2,10,7,10,1,1,0,5
3226,El Shorouk,7890,3,0,1,5,4,4,10,5,7,0,1,0,5
3227,Sheikh Zayed,32840,1,1,0,5,10,7,8,3,6,0,1,0,8
3228,Sheikh Zayed,21175,1,0,0,5,7,3,7,5,3,0,1,1,7
3229,Haram,13191,2,1,1,6,3,9,8,10,2,0,1,0,6
3230,Downtown Cairo,4151,3,0,0,2,4,8,8,6,5,1,1,1,7
3231,Faisal,23447,2,1,0,3,8,3,2,10,8,0,0,0,5
3232,El Obour,26751,3,1,0,4,5,2,4,9,4,0,1,1,8
3233,Faisal,33175,5,1,0,8,3,8,6,7,6,1,1,0,4
3234,Helwan,28288,4,1,0,2,3,8,4,3,9,0,1,0,10
3235,Heliopolis,41367,4,1,0,4,3,4,7,7,3,0,1,0,7
3236,Shoubra,16274,3,1,0,8,5,9,10,3,10,0,1,0,6
3237,El Shorouk,16218,4,0,0,7,6,9,5,7,6,0,1,0,10
3238,Faisal,27792,1,1,0,3,4,6,4,7,6,0,1,1,5
3239,Nasr City,6977,5,1,0,5,9,8,6,9,4,1,1,1,7
3240,Helwan,21226,5,0,1,2,9,4,6,4,3,0,0,0,6
3241,Zamalek,33022,4,0,0,6,3,7,5,3,10,0,0,0,5
3242,Madinaty,7793,3,0,0,3,8,4,8,9,5,1,1,0,6
3243,Downtown Cairo,5659,1,0,1,9,10,10,5,5,6,1,1,0,7
3244,Al Rehab,41930,3,0,1,7,3,8,7,5,4,1,1,1,8
3245,El Obour,47473,4,1,0,2,5,2,5,5,7,0,0,0,7
3246,Nasr City,20040,5,0,1,3,5,9,4,7,6,1,1,0,8
3247,Zamalek,8270,5,1,0,5,4,10,9,10,4,0,1,0,7
3248,El Shorouk,17286,3,1,1,4,4,3,5,6,2,0,1,0,6
3249,Al Rehab,7603,2,1,1,10,8,2,10,5,4,1,1,1,6
3250,Helwan,21600,3,1,0,2,3,5,2,8,4,0,1,0,7
3251,Sheikh Zayed,6291,2,0,1,8,9,10,9,7,6,1,1,0,5
3252,Downtown Cairo,17123,3,1,1,10,8,7,3,8,10,0,1,0,8
3253,6th of October,7811,2,0,0,10,10,9,7,10,5,0,1,0,10
3254,New Capital,17347,2,1,1,7,8,8,7,8,3,1,1,0,9
3255,Faisal,35276,2,0,0,8,8,6,1,5,2,0,0,0,10
3256,Faisal,19513,2,1,1,9,3,6,8,4,8,1,0,0,10
3257,El Shorouk,9142,1,0,1,4,3,7,3,7,10,0,1,0,4
3258,Nasr City,27246,2,1,0,6,3,7,2,9,7,0,1,1,9
3259,Madinaty,29507,2,0,0,5,3,6,7,3,10,1,1,0,9
3260,Helwan,30714,5,1,1,10,8,9,10,10,5,0,1,0,5
3261,Nasr City,16194,1,1,0,10,5,4,2,10,7,0,1,0,6
3262,Shoubra,11526,2,1,0,5,10,10,10,7,3,0,1,0,10
3263,Dokki,23362,4,1,0,3,10,6,7,8,6,0,0,1,6
3264,6th of October,48852,1,1,0,2,9,10,7,4,8,0,1,1,8
3265,New Cairo,8595,5,0,1,4,6,6,9,3,7,0,1,0,4
3266,Downtown Cairo,34394,3,1,0,3,4,4,6,5,2,1,1,1,4
3267,Shoubra,19402,5,0,1,6,5,10,1,7,4,0,1,0,10
3268,Haram,31140,5,1,1,7,7,3,1,4,6,0,1,0,10
3269,Mokattam,26595,1,0,0,10,7,6,3,10,10,0,1,0,9
3270,New Cairo,46723,1,1,0,5,7,4,8,10,2,1,1,0,8
3271,El Shorouk,28911,4,1,0,5,4,8,9,3,10,1,0,0,4
3272,6th of October,29752,4,0,0,5,3,5,7,8,2,0,1,0,7
3273,Dokki,23405,1,1,0,2,7,9,1,6,3,0,1,0,6
3274,6th of October,28220,1,0,1,4,7,2,4,7,5,0,1,0,9
3275,El Obour,37953,1,0,0,5,6,6,6,8,7,0,1,0,4
3276,Haram,40053,3,1,1,2,5,9,6,7,2,0,0,1,7
3277,Nasr City,7447,5,0,0,6,10,3,7,10,8,0,1,0,9
3278,El Obour,14662,4,1,0,10,8,7,9,8,10,0,1,0,9
3279,Sheikh Zayed,8899,4,1,0,2,4,8,7,5,10,0,1,0,7
3280,Maadi,32582,2,1,0,8,4,7,1,6,10,0,1,0,6
3281,Shoubra,5935,3,0,1,3,6,4,3,5,3,0,0,0,10
3282,6th of October,46213,1,1,1,10,9,7,1,6,3,0,1,0,8
3283,6th of October,46042,1,0,1,5,7,8,6,9,2,1,1,0,4
3284,Heliopolis,14335,3,1,1,4,8,4,7,9,3,0,1,0,7
3285,Al Rehab,21669,4,1,0,8,8,3,9,3,4,0,1,0,7
3286,Zamalek,12545,1,0,0,7,6,4,10,3,3,0,1,1,9
3287,Sheikh Zayed,44247,2,1,0,9,3,2,8,8,6,0,1,1,5
3288,El Obour,42023,4,0,0,10,7,8,1,7,5,0,1,1,9
3289,El Obour,22269,5,0,0,8,10,5,1,7,8,0,1,0,5
3290,El Obour,41830,3,0,0,7,10,4,7,8,8,0,1,0,10
3291,Maadi,11066,4,0,1,9,10,7,5,3,8,0,0,0,7
3292,6th of October,14712,5,0,0,10,9,4,5,6,6,0,1,1,10
3293,Mohandeseen,19991,2,0,0,9,8,4,5,9,5,0,1,0,8
3294,Dokki,39790,3,1,0,7,4,10,5,5,9,1,1,0,4
3295,Sheikh Zayed,25649,1,0,0,9,8,3,8,3,5,0,1,1,9
3296,Haram,38315,1,0,0,10,5,6,1,3,6,0,1,0,6
3297,New Cairo,34806,5,0,0,7,6,3,9,4,9,1,1,0,4
3298,Heliopolis,16210,4,1,1,7,8,7,10,7,4,0,0,0,8
3299,El Shorouk,40972,2,0,0,3,8,5,9,6,8,0,1,0,5
3300,El Shorouk,44358,5,1,1,10,8,8,8,5,2,1,1,0,7
3301,Mohandeseen,38136,2,0,0,9,9,2,9,4,3,0,1,1,8
3302,Zamalek,48297,2,0,0,6,6,9,3,4,3,0,1,0,5
3303,Sheikh Zayed,19945,2,0,1,4,4,3,9,8,6,1,1,1,5
3304,Al Rehab,33665,3,0,0,10,8,5,9,3,3,1,1,0,4
3305,New Cairo,46477,5,1,0,8,9,8,7,7,5,1,1,1,8
3306,El Obour,17644,3,1,0,10,10,9,4,3,2,0,1,0,4
3307,Helwan,8917,4,0,1,8,10,10,2,4,7,1,1,0,4
3308,Madinaty,23868,4,0,0,9,8,6,7,4,2,0,1,1,7
3309,El Shorouk,15877,1,0,0,6,7,10,6,9,3,0,0,0,10
3310,Downtown Cairo,17224,1,1,0,7,9,10,3,5,5,0,1,0,8
3311,Madinaty,7052,1,1,1,9,7,4,8,3,5,0,1,1,10
3312,Mokattam,31272,4,1,0,8,7,8,1,3,10,0,1,0,8
3313,El Obour,45150,2,1,0,2,8,9,8,9,6,1,0,0,9
3314,Nasr City,34668,2,1,0,5,8,2,4,6,5,0,1,0,9
3315,Heliopolis,21316,5,1,0,9,8,6,9,5,6,0,1,0,5
3316,Maadi,11240,4,1,1,10,5,2,5,7,8,0,1,0,7
3317,Helwan,35559,1,1,0,7,9,4,5,3,10,0,1,0,6
3318,Sheikh Zayed,7238,4,0,1,5,5,3,10,3,10,1,1,0,6
3319,Mokattam,47175,2,1,0,3,7,3,7,7,2,0,1,1,8
3320,Madinaty,4565,2,1,0,10,5,5,7,5,5,1,1,0,8
3321,New Cairo,25762,3,1,0,2,6,6,8,3,5,0,1,1,7
3322,New Cairo,9558,3,0,1,6,9,2,8,7,8,1,1,1,5
3323,Downtown Cairo,20375,5,1,0,9,8,7,2,9,7,1,1,0,10
3324,Heliopolis,29710,4,0,0,5,7,6,6,6,9,1,1,1,9
3325,Helwan,15103,3,0,0,2,5,5,7,9,5,0,1,0,6
3326,El Shorouk,19174,3,1,0,5,8,7,6,3,9,1,0,1,4
3327,New Capital,45490,4,1,1,6,8,3,8,7,7,1,1,0,4
3328,Al Rehab,25793,2,1,0,6,6,9,9,4,3,1,1,0,4
3329,Sheikh Zayed,31597,5,1,0,2,6,7,9,3,2,1,1,0,10
3330,Heliopolis,12753,5,1,0,3,5,4,7,6,10,1,0,0,10
3331,Zamalek,42397,5,1,1,7,7,5,2,7,9,0,1,0,7
3332,New Capital,10318,3,1,0,6,7,3,9,9,2,1,1,1,9
3333,Shoubra,37069,2,0,0,10,9,5,8,7,5,1,1,0,7
3334,Downtown Cairo,24151,5,1,1,8,5,10,3,3,3,0,1,0,8
3335,Helwan,44274,4,0,0,6,5,5,7,4,3,0,1,0,5
3336,Mohandeseen,12701,5,1,1,10,3,9,10,7,8,0,0,0,9
3337,El Shorouk,10962,1,0,0,2,6,4,3,7,6,0,1,0,4
3338,Madinaty,42197,2,0,0,4,7,6,10,9,3,0,1,1,4
3339,Downtown Cairo,34041,1,0,0,3,4,3,7,10,2,0,1,0,5
3340,6th of October,11248,2,1,1,8,6,10,1,4,2,0,1,0,8
3341,Maadi,23829,4,0,1,10,8,10,4,6,5,0,1,0,8
3342,Nasr City,6203,3,0,0,3,7,8,7,10,5,0,1,0,10
3343,Heliopolis,29370,3,1,0,7,8,3,5,3,3,0,1,0,9
3344,Dokki,39247,2,0,0,3,3,5,3,8,3,0,1,0,8
3345,Zamalek,14386,5,0,0,4,6,7,2,3,5,0,1,0,5
3346,Dokki,4434,1,0,0,2,10,10,9,3,9,0,0,0,9
3347,New Capital,46998,4,1,1,7,6,7,8,5,7,1,1,0,10
3348,El Shorouk,38474,5,1,1,3,8,5,6,3,2,1,1,1,9
3349,Shoubra,28644,3,1,1,4,9,2,10,8,9,1,0,0,7
3350,Shoubra,42493,5,0,0,7,10,8,1,4,6,1,1,0,5
3351,Al Rehab,22288,1,0,1,7,7,8,7,3,7,1,1,0,4
3352,Sheikh Zayed,7959,3,0,1,5,4,7,10,8,8,0,1,0,8
3353,El Obour,15143,2,1,0,2,10,4,8,6,7,1,1,1,8
3354,Dokki,43593,4,1,1,8,5,6,5,10,4,1,1,0,4
3355,Sheikh Zayed,43115,4,1,0,3,10,8,9,10,3,1,1,0,6
3356,Downtown Cairo,49609,3,1,0,7,4,7,10,5,3,0,1,0,5
3357,Faisal,26540,2,0,0,8,8,8,1,10,4,0,0,0,4
3358,6th of October,39481,1,0,0,3,9,6,2,10,7,0,1,0,6
3359,Al Rehab,33969,4,1,0,7,9,2,10,4,2,1,1,1,6
3360,Mohandeseen,15561,3,1,1,2,3,6,10,4,4,1,1,0,9
3361,Zamalek,26578,4,1,0,7,6,3,1,6,3,0,1,0,10
3362,Mohandeseen,16787,2,1,0,9,8,3,4,3,5,0,1,0,8
3363,El Obour,10512,1,1,0,9,9,5,6,8,2,1,1,0,9
3364,Sheikh Zayed,14596,2,1,0,8,8,7,10,5,4,0,1,0,5
3365,Mohandeseen,35746,5,1,0,5,9,6,2,8,5,1,0,0,9
3366,New Cairo,23930,2,0,0,5,7,8,10,9,6,0,1,0,6
3367,6th of October,34201,2,1,1,6,6,9,8,10,5,0,1,1,7
3368,Maadi,22687,4,1,0,9,5,2,9,10,6,1,1,0,8
3369,Maadi,39989,2,1,0,5,4,9,9,5,2,0,0,0,5
3370,El Obour,34183,3,0,1,10,4,4,7,9,9,0,1,0,4
3371,Downtown Cairo,24758,4,0,0,4,3,3,4,5,3,0,1,1,8
3372,El Shorouk,5082,4,0,0,10,7,3,2,4,7,1,0,0,9
3373,Sheikh Zayed,45405,5,1,1,3,5,6,9,6,3,1,1,0,8
3374,Mohandeseen,34832,3,0,1,7,10,3,6,4,3,0,1,0,10
3375,6th of October,49891,2,1,0,6,9,5,7,3,9,0,1,0,5
3376,Nasr City,49810,5,1,0,6,8,4,1,9,4,0,1,1,7
3377,New Capital,21976,3,1,0,7,5,9,7,7,9,0,1,0,6
3378,Haram,42376,5,1,0,8,7,10,1,5,3,1,1,0,5
3379,Al Rehab,9526,1,1,0,5,9,7,7,5,2,0,1,1,5
3380,Downtown Cairo,35086,2,1,0,5,3,5,6,10,2,0,1,0,4
3381,6th of October,25563,5,1,1,10,8,3,10,5,8,0,1,0,4
3382,Helwan,10472,1,0,0,5,10,9,8,4,9,0,1,0,8
3383,El Shorouk,6775,2,1,1,9,5,4,2,5,2,1,1,0,5
3384,Dokki,19828,5,1,0,2,3,3,8,5,4,0,1,1,6
3385,Madinaty,48776,5,0,0,5,9,5,8,7,5,0,1,1,8
3386,Madinaty,21974,5,1,0,3,7,3,7,6,9,1,1,1,6
3387,El Obour,26388,5,0,1,6,7,4,7,10,8,0,0,0,8
3388,Faisal,19055,4,0,1,3,7,10,3,9,6,0,1,0,9
3389,Al Rehab,22615,5,0,0,8,5,8,7,3,8,1,1,1,9
3390,El Obour,41886,4,1,0,8,7,2,8,8,3,0,0,0,4
3391,Mohandeseen,26838,4,0,0,10,5,6,1,4,8,0,1,0,5
3392,Mohandeseen,44728,1,0,0,5,3,6,1,9,2,0,1,1,6
3393,Sheikh Zayed,16464,2,1,0,6,6,10,7,9,7,0,1,1,6
3394,Downtown Cairo,44364,4,1,0,4,3,2,8,3,9,0,0,0,4
3395,Al Rehab,11240,3,0,0,8,9,2,7,6,8,1,1,1,4
3396,Al Rehab,8942,4,1,0,6,5,8,8,3,6,1,1,0,4
3397,Zamalek,23622,3,1,0,10,9,8,8,4,4,0,1,0,7
3398,Helwan,17536,1,0,0,8,4,9,8,9,8,0,1,0,9
3399,Downtown Cairo,5600,3,1,0,5,10,5,9,9,10,0,1,0,10
3400,New Capital,9700,1,1,1,8,10,8,7,7,8,1,1,1,10
3401,Heliopolis,42839,1,1,0,2,10,7,10,10,2,0,0,0,9
3402,Downtown Cairo,14248,1,1,1,3,4,2,6,3,8,0,1,0,9
3403,6th of October,49291,3,1,0,4,8,3,7,10,3,0,0,0,5
3404,Mokattam,21093,3,0,0,6,6,9,6,6,8,1,1,0,6
3405,Haram,23355,1,1,1,6,7,7,3,4,6,1,1,1,5
3406,Helwan,21177,1,1,0,8,3,8,9,6,7,0,0,0,6
3407,Haram,23483,2,1,0,10,10,9,1,8,7,1,1,1,5
3408,Nasr City,47815,1,1,0,10,3,6,5,9,4,0,0,0,8
3409,New Capital,42533,5,1,1,7,5,6,10,3,10,0,1,1,4
3410,New Capital,4026,2,0,1,8,8,3,8,4,4,1,1,0,9
3411,6th of October,43461,2,1,1,9,6,5,1,3,3,1,1,0,8
3412,Al Rehab,25706,2,1,1,5,7,3,7,8,3,1,1,0,8
3413,Zamalek,28660,5,1,0,8,6,8,1,5,8,0,0,0,5
3414,Haram,43377,2,1,0,7,10,10,3,4,8,1,1,0,8
3415,Heliopolis,46082,2,0,1,9,9,3,8,8,3,0,1,1,5
3416,Maadi,20258,3,1,1,2,4,5,8,3,5,0,0,0,6
3417,Downtown Cairo,42077,3,0,0,6,8,9,1,4,6,1,0,0,8
3418,Mokattam,36779,1,0,1,4,6,10,1,7,3,0,0,0,7
3419,Nasr City,28154,1,1,0,10,9,5,8,9,9,0,1,1,4
3420,Heliopolis,33684,4,0,0,10,7,9,2,9,7,0,1,0,8
3421,Heliopolis,19389,5,0,0,4,8,8,5,8,6,0,1,0,8
3422,Haram,30324,3,0,0,3,10,6,8,10,9,0,0,1,6
3423,Mokattam,31685,1,1,1,6,7,5,5,5,7,0,1,1,5
3424,Madinaty,31195,5,0,1,5,10,7,10,6,10,0,1,0,5
3425,Mokattam,25797,2,1,0,8,3,7,6,10,8,1,1,0,5
3426,El Obour,9774,5,1,1,9,3,3,5,3,9,0,1,1,5
3427,New Cairo,35633,3,1,0,5,7,4,8,6,8,1,1,0,4
3428,Heliopolis,4796,4,0,0,4,3,7,6,10,8,1,1,0,6
3429,Mohandeseen,44047,3,1,0,10,3,5,9,10,9,0,1,1,4
3430,El Shorouk,32389,1,0,1,9,3,4,7,3,7,0,1,0,10
3431,El Obour,11188,1,0,0,8,9,5,10,4,5,1,1,0,9
3432,Al Rehab,27696,5,0,0,9,7,7,8,6,10,1,1,0,10
3433,El Shorouk,6024,3,0,0,9,3,4,5,5,9,0,0,0,5
3434,Zamalek,11666,1,1,0,9,4,2,7,3,5,0,1,1,5
3435,Helwan,39985,2,1,0,2,8,7,7,10,4,0,0,0,10
3436,Shoubra,10584,2,0,0,5,7,3,7,6,10,0,0,0,10
3437,Al Rehab,29462,4,1,0,8,6,10,8,3,6,1,1,0,5
3438,El Obour,31044,5,0,0,7,8,7,2,7,9,0,0,0,10
3439,Haram,9285,1,1,0,4,9,2,2,7,10,1,1,1,6
3440,Al Rehab,11370,4,1,1,4,9,5,9,6,7,1,1,1,4
3441,El Shorouk,21903,2,1,0,5,5,6,6,7,10,1,1,0,6
3442,Heliopolis,36499,4,0,0,7,8,9,1,10,4,0,0,0,5
3443,6th of October,36368,4,1,1,2,9,4,6,5,7,0,1,0,10
3444,Shoubra,26995,1,0,0,5,5,10,5,6,10,0,1,0,10
3445,Sheikh Zayed,43624,1,0,1,10,10,10,7,4,3,1,1,1,4
3446,New Cairo,39200,1,1,0,8,10,6,8,10,4,0,1,1,4
3447,Shoubra,26841,5,1,0,7,4,5,4,6,8,1,0,0,5
3448,El Shorouk,8866,4,0,1,6,7,8,9,10,6,0,1,0,6
3449,Al Rehab,17566,4,0,0,3,6,10,7,4,10,1,1,0,10
3450,Nasr City,41822,5,0,0,3,7,7,10,7,2,1,1,1,4
3451,Haram,45876,2,0,0,7,6,8,3,6,9,0,1,0,10
3452,Faisal,32552,3,0,0,10,10,2,2,9,7,0,1,0,10
3453,Heliopolis,38549,2,1,1,10,6,5,1,5,3,1,1,0,10
3454,Haram,28914,5,0,0,2,10,3,2,7,7,0,0,0,5
3455,Heliopolis,47830,4,0,1,8,7,2,7,9,2,0,1,0,4
3456,Sheikh Zayed,48542,4,1,0,8,8,8,8,8,8,1,1,1,9
3457,El Shorouk,26333,1,1,0,3,3,5,2,7,10,1,1,0,9
3458,Faisal,19958,1,1,0,5,5,3,4,7,4,0,0,0,5
3459,Maadi,24954,4,1,1,9,3,6,6,4,5,0,1,0,6
3460,Helwan,13638,4,0,0,7,5,8,8,4,7,0,1,0,7
3461,Al Rehab,38147,1,1,1,8,3,3,8,9,6,1,1,0,9
3462,Al Rehab,13675,1,1,0,7,7,8,7,5,3,1,1,0,7
3463,Shoubra,28054,2,1,1,10,10,4,6,4,9,0,0,0,5
3464,Maadi,47034,4,1,0,10,7,9,5,9,9,1,1,1,6
3465,Maadi,35661,4,1,0,7,6,8,5,10,3,0,0,0,6
3466,Mohandeseen,21184,5,1,0,7,4,2,6,8,3,1,1,1,7
3467,El Obour,29822,2,0,1,10,7,10,6,9,8,1,1,0,4
3468,Madinaty,14929,3,1,0,10,10,7,8,9,4,1,1,1,10
3469,Mohandeseen,9267,3,1,0,4,5,5,7,3,10,0,1,0,6
3470,Sheikh Zayed,40025,3,1,1,8,6,7,10,3,7,1,1,1,7
3471,Downtown Cairo,16069,1,0,0,4,5,3,6,6,4,0,0,0,9
3472,Zamalek,4981,3,1,0,5,3,3,1,8,7,0,1,0,4
3473,Al Rehab,47436,5,0,0,10,4,9,8,10,9,1,1,0,6
3474,Dokki,22472,1,1,0,9,7,6,6,8,8,1,1,0,8
3475,Helwan,23336,1,1,0,7,3,8,10,8,8,1,1,0,9
3476,New Capital,29587,3,1,0,7,6,2,9,9,6,0,1,0,4
3477,Haram,15656,1,1,0,9,5,7,8,7,5,0,1,0,7
3478,El Shorouk,31326,2,0,0,3,8,8,8,3,9,0,0,1,6
3479,6th of October,22510,2,1,0,6,9,8,7,4,10,0,1,0,10
3480,Nasr City,44831,3,1,0,8,4,4,7,5,3,0,0,0,9
3481,Madinaty,22975,5,1,0,4,7,10,9,4,6,1,1,0,7
3482,Sheikh Zayed,13665,1,1,0,9,10,10,9,7,8,1,1,0,7
3483,Nasr City,31097,4,0,0,4,5,6,1,10,6,1,1,0,8
3484,Madinaty,29741,3,1,1,5,7,10,9,7,9,0,1,0,9
3485,Al Rehab,10437,1,1,1,7,7,8,10,10,9,1,1,0,8
3486,Madinaty,29185,3,1,1,7,10,8,10,3,6,1,1,1,10
3487,Mohandeseen,14375,3,0,0,3,5,10,10,3,9,1,1,0,10
3488,Maadi,31107,5,0,0,3,7,3,9,4,3,1,0,0,6
3489,Mohandeseen,34484,4,1,0,4,6,6,2,10,6,0,0,0,4
3490,Shoubra,39629,1,1,1,4,4,9,5,6,6,0,1,1,7
3491,Nasr City,49610,3,0,1,5,3,9,1,4,10,0,1,0,8
3492,New Cairo,29835,3,1,0,5,4,4,7,8,3,1,1,1,7
3493,El Shorouk,33743,1,0,0,5,3,6,1,9,4,0,1,0,9
3494,El Obour,34917,3,0,1,4,6,5,3,10,10,0,1,0,7
3495,El Obour,42995,3,0,0,2,4,5,4,3,7,1,1,0,10
3496,Madinaty,15424,3,1,1,10,6,3,10,8,7,1,1,1,8
3497,Sheikh Zayed,13643,2,0,0,3,5,7,7,6,5,1,1,0,9
3498,6th of October,14310,2,1,0,4,3,2,1,8,4,0,0,0,5
3499,Maadi,22951,4,1,0,3,5,9,2,6,9,0,0,0,10
3500,Faisal,30568,5,1,0,7,5,10,4,3,2,0,1,0,8
3501,Zamalek,19233,1,0,0,7,4,6,2,4,10,0,1,0,10
3502,Dokki,17200,5,1,0,2,7,7,2,5,2,0,1,1,8
3503,Helwan,25548,5,0,0,5,9,2,8,3,3,0,0,0,10
3504,New Cairo,14532,2,1,0,6,7,7,10,4,5,1,1,1,7
3505,New Capital,27465,4,1,1,7,6,2,7,5,6,1,1,1,9
3506,New Capital,25291,5,0,0,6,4,6,8,8,5,1,1,0,4
3507,New Cairo,46448,5,1,0,4,5,10,9,7,9,1,1,1,7
3508,New Cairo,34580,3,0,0,4,10,6,7,7,10,1,1,0,7
3509,Helwan,30149,1,1,0,4,10,4,7,7,6,0,1,1,8
3510,Dokki,25346,4,1,1,7,8,5,1,5,3,0,0,0,7
3511,Mokattam,14619,1,1,0,5,10,4,5,6,2,0,1,0,7
3512,Helwan,43918,2,0,0,5,6,5,5,7,10,0,1,0,4
3513,Haram,5766,5,1,0,4,5,7,7,7,6,0,1,0,5
3514,El Obour,7549,5,0,0,5,6,4,4,6,4,0,0,0,5
3515,New Capital,22693,1,1,0,9,8,6,10,5,5,1,1,0,10
3516,New Capital,35922,2,0,0,4,10,8,9,5,2,1,1,1,5
3517,Haram,46402,3,1,0,4,3,2,4,6,9,0,1,0,5
3518,Sheikh Zayed,38744,3,1,1,7,10,4,8,3,2,1,1,0,7
3519,Zamalek,16165,5,1,1,2,6,7,8,9,6,0,1,1,6
3520,Haram,27564,5,1,0,7,10,3,8,6,2,0,1,0,9
3521,Zamalek,39258,4,0,1,10,6,9,2,9,9,0,1,0,6
3522,El Obour,29301,1,0,0,4,5,8,10,4,6,1,1,1,7
3523,New Capital,48763,5,0,0,3,9,3,10,4,6,1,1,0,7
3524,New Capital,24765,2,1,0,4,7,6,9,10,8,0,1,0,9
3525,Madinaty,48787,1,1,0,4,5,5,9,3,7,1,1,1,5
3526,Al Rehab,11425,4,1,0,3,4,3,9,8,10,1,1,0,7
3527,6th of October,16857,3,1,1,5,5,5,2,3,9,1,1,0,8
3528,6th of October,31463,4,1,0,9,9,10,3,9,9,1,1,0,4
3529,Nasr City,26444,1,1,0,8,9,3,3,10,4,1,1,0,4
3530,Zamalek,45457,3,1,1,10,8,7,7,4,4,0,1,0,9
3531,Helwan,40744,2,1,0,9,7,5,4,10,6,0,1,0,8
3532,Maadi,18205,3,1,0,8,10,9,1,10,9,0,1,0,10
3533,El Obour,4704,3,1,0,7,4,5,5,10,4,0,1,0,4
3534,6th of October,9452,2,1,0,4,8,10,6,10,4,0,1,0,10
3535,Sheikh Zayed,49617,5,1,0,5,9,4,10,6,9,1,1,0,10
3536,Nasr City,42862,5,0,0,9,9,8,10,5,5,1,0,0,6
3537,Al Rehab,7681,3,1,0,3,7,6,7,4,2,1,1,0,10
3538,Faisal,24522,3,1,0,7,9,2,5,6,6,0,1,1,5
3539,New Cairo,22300,4,0,0,2,4,4,7,8,6,1,1,0,6
3540,El Shorouk,13566,5,0,1,8,9,10,5,4,5,1,1,1,6
3541,Faisal,11501,2,1,0,5,5,10,7,5,7,1,1,0,8
3542,Faisal,5845,3,1,1,2,7,6,3,8,5,1,1,0,8
3543,El Obour,43181,3,0,1,6,8,6,8,4,8,1,0,0,10
3544,Dokki,44758,4,0,0,6,8,5,9,4,9,1,0,0,5
3545,Downtown Cairo,46396,4,1,1,7,10,5,1,5,2,0,1,1,9
3546,Dokki,17230,4,0,0,9,10,5,1,7,9,0,0,0,8
3547,Mohandeseen,21754,1,1,1,5,7,3,9,4,5,0,1,0,4
3548,Nasr City,38404,2,1,0,8,8,8,10,4,10,1,1,0,4
3549,Mokattam,26564,1,1,0,5,8,4,1,4,3,1,1,0,4
3550,Sheikh Zayed,36362,3,1,0,3,9,2,8,3,3,1,1,0,9
3551,Madinaty,22227,4,0,0,9,3,4,9,3,4,0,1,0,4
3552,New Capital,28760,4,0,0,6,3,10,10,5,7,1,1,1,8
3553,Downtown Cairo,33723,4,0,0,5,6,10,10,6,5,0,1,0,9
3554,Haram,21215,5,0,1,3,10,8,3,8,6,0,0,0,6
3555,New Capital,9538,2,0,0,8,9,2,7,10,9,1,1,1,9
3556,El Obour,25699,1,1,1,6,10,7,2,3,8,0,1,0,4
3557,Mohandeseen,47085,2,0,0,10,3,2,3,10,9,1,1,1,5
3558,6th of October,16454,4,1,0,8,7,3,9,5,4,0,0,0,7
3559,Shoubra,45223,3,0,1,10,6,4,6,3,3,0,1,0,6
3560,Faisal,25711,5,1,0,6,5,7,9,8,7,0,1,0,4
3561,Shoubra,19059,2,1,0,7,9,8,5,6,4,1,1,0,8
3562,Dokki,5286,3,0,1,9,6,9,4,3,2,0,1,0,10
3563,Mokattam,38297,4,1,0,7,8,10,2,7,9,0,0,0,6
3564,Mokattam,46768,4,1,0,5,4,8,1,6,4,0,1,1,4
3565,Sheikh Zayed,43423,4,1,1,3,10,7,10,10,7,1,1,0,8
3566,Downtown Cairo,38645,4,1,1,7,9,6,1,6,10,0,1,0,5
3567,New Cairo,46709,5,0,1,10,10,3,9,3,8,1,1,1,5
3568,Nasr City,30485,5,1,1,9,6,9,6,8,5,0,1,0,7
3569,Zamalek,36267,2,1,0,4,3,6,7,3,7,0,1,0,10
3570,New Cairo,49823,4,0,0,6,9,3,9,4,10,1,1,1,7
3571,Downtown Cairo,31086,5,1,1,7,9,4,6,10,2,0,0,0,7
3572,Mohandeseen,20484,3,1,0,8,5,8,3,10,3,1,1,0,9
3573,Sheikh Zayed,7087,5,1,0,3,10,9,7,9,2,0,1,0,4
3574,Maadi,42596,5,1,0,7,4,6,5,4,6,1,1,0,5
3575,Madinaty,22675,2,1,1,3,6,9,7,6,6,0,1,1,10
3576,Sheikh Zayed,28680,5,0,0,9,5,7,9,4,2,1,1,0,4
3577,New Cairo,21077,3,1,0,8,3,3,8,4,2,1,1,1,4
3578,Maadi,42174,4,1,0,3,9,3,7,4,9,1,1,0,5
3579,Helwan,15432,1,1,1,5,5,9,4,8,9,0,1,0,5
3580,New Capital,7491,2,1,1,8,5,5,8,7,2,1,1,1,7
3581,El Obour,7392,3,0,0,10,10,9,7,9,8,0,1,0,10
3582,Nasr City,6268,2,0,0,4,4,10,10,4,5,1,1,0,9
3583,6th of October,42400,4,1,1,9,7,7,2,8,2,1,0,1,6
3584,Heliopolis,40551,5,1,1,10,3,10,1,9,5,1,1,0,8
3585,Nasr City,32088,5,0,0,9,4,7,6,10,9,0,1,0,10
3586,Madinaty,18479,3,1,1,5,4,4,8,4,3,0,1,1,7
3587,Mohandeseen,29465,4,0,1,5,4,9,10,10,10,0,1,0,5
3588,Dokki,26357,1,0,0,8,7,2,5,7,8,1,1,0,7
3589,Dokki,9969,1,1,0,5,7,7,2,9,6,1,1,0,9
3590,Heliopolis,12981,5,0,1,8,9,4,9,3,9,1,1,0,8
3591,New Capital,25032,4,1,0,10,6,4,8,6,8,1,1,0,9
3592,New Cairo,45618,4,0,0,10,6,10,9,5,10,0,1,0,7
3593,Faisal,28408,3,0,1,10,10,8,7,3,7,0,1,0,4
3594,Downtown Cairo,28241,1,1,0,7,3,3,9,10,10,0,0,0,10
3595,Sheikh Zayed,21402,3,1,0,2,8,7,10,10,2,0,1,0,6
3596,El Shorouk,29766,2,1,1,9,3,5,1,9,4,1,1,0,10
3597,Heliopolis,7657,4,0,0,7,7,8,3,9,2,1,0,0,5
3598,Faisal,25230,1,1,0,8,7,5,10,10,5,0,1,0,9
3599,Sheikh Zayed,22680,3,0,0,3,7,8,7,10,8,0,1,0,9
3600,Downtown Cairo,21158,5,1,0,4,10,7,3,7,2,0,0,0,5
3601,6th of October,23195,2,0,1,7,9,9,5,7,4,0,1,0,7
3602,Nasr City,46340,3,1,1,4,4,8,6,6,5,0,1,0,7
3603,El Obour,39950,5,1,0,6,7,10,3,4,4,1,1,0,10
3604,Haram,16979,1,1,0,5,4,5,2,5,10,1,1,0,10
3605,Nasr City,11867,1,1,1,6,4,10,5,5,7,1,0,0,5
3606,Shoubra,19155,2,0,0,9,3,6,4,5,7,0,1,0,10
3607,Faisal,17006,5,1,0,5,9,10,5,10,10,0,1,0,5
3608,Mokattam,8329,4,0,1,10,5,5,10,3,9,0,1,0,5
3609,Shoubra,26551,1,0,0,4,6,4,4,7,7,0,0,0,6
3610,Downtown Cairo,39865,4,1,0,8,6,8,4,5,9,0,1,0,6
3611,Sheikh Zayed,5404,4,1,1,8,9,5,10,8,10,0,1,0,8
3612,Dokki,41869,3,0,1,2,3,6,6,9,5,0,1,0,8
3613,Shoubra,5369,3,1,0,4,10,4,2,5,6,0,1,0,10
3614,Mohandeseen,43433,1,1,1,2,3,7,3,9,7,1,1,0,7
3615,Helwan,22448,4,0,0,9,7,5,8,4,8,0,1,0,4
3616,Shoubra,39533,3,0,0,6,7,2,1,9,6,1,0,1,8
3617,Madinaty,28175,5,1,1,5,7,3,7,3,6,0,1,1,6
3618,Madinaty,4716,5,0,0,4,4,9,7,8,6,0,1,0,10
3619,Maadi,17850,5,1,0,8,4,5,9,8,8,0,1,1,9
3620,6th of October,5711,5,1,0,9,7,3,10,7,4,0,1,0,10
3621,Helwan,29801,4,1,0,9,9,5,1,6,9,1,1,0,9
3622,Al Rehab,25751,5,0,0,2,4,8,10,4,5,1,1,1,6
3623,Madinaty,43029,4,1,1,8,3,3,9,4,5,1,1,0,10
3624,Helwan,29173,1,0,0,6,7,7,4,4,7,1,1,1,7
3625,Sheikh Zayed,10086,1,1,0,3,6,2,8,10,9,0,1,0,9
3626,Shoubra,15223,5,1,0,9,6,4,1,5,10,1,1,0,6
3627,New Capital,20220,5,0,0,3,10,10,9,6,2,1,1,0,5
3628,Downtown Cairo,17392,5,1,0,7,8,6,4,3,3,0,1,0,4
3629,Nasr City,24051,1,1,0,6,4,9,2,7,7,0,1,1,4
3630,Heliopolis,6246,3,1,0,7,10,2,9,3,8,0,0,0,4
3631,Helwan,24010,1,1,0,9,6,5,7,8,6,0,1,0,7
3632,Zamalek,6822,5,0,1,10,7,4,6,9,6,0,1,1,7
3633,Faisal,28667,3,1,0,4,9,10,9,9,7,0,1,0,5
3634,Sheikh Zayed,21234,3,0,0,4,6,8,10,4,7,1,1,0,5
3635,Helwan,34654,2,1,0,8,3,4,2,9,5,0,0,1,6
3636,6th of October,13669,4,1,0,4,4,2,3,6,8,0,1,0,10
3637,Maadi,25784,5,1,0,6,6,6,7,3,10,0,1,1,6
3638,Mohandeseen,33672,4,0,0,5,4,4,10,3,3,0,1,1,9
3639,Downtown Cairo,5082,2,1,0,10,3,3,4,4,9,0,1,0,6
3640,Dokki,15148,4,1,0,9,6,4,6,8,7,0,1,0,7
3641,Heliopolis,31494,5,0,0,10,8,6,9,8,4,0,0,1,10
3642,Zamalek,44935,2,1,0,7,7,6,7,4,3,1,0,0,6
3643,Downtown Cairo,13557,4,0,0,3,10,9,3,3,7,0,0,1,9
3644,Dokki,48496,1,0,1,9,5,5,6,8,7,0,1,0,10
3645,Helwan,40719,3,0,1,2,9,3,7,3,6,0,1,0,8
3646,Maadi,45735,2,0,1,6,6,9,1,9,5,0,1,0,7
3647,6th of October,43536,1,1,0,3,10,9,7,10,10,0,1,1,9
3648,6th of October,18039,5,0,0,8,3,9,5,5,3,0,1,0,4
3649,El Obour,6303,3,1,0,6,8,2,7,6,5,1,1,0,6
3650,Heliopolis,43925,2,0,0,4,8,10,7,4,2,0,0,1,4
3651,Heliopolis,22281,3,1,0,8,10,5,6,7,5,1,0,0,10
3652,New Capital,26209,2,1,0,4,5,5,8,10,9,1,1,1,7
3653,New Capital,32173,2,1,0,7,8,9,8,7,4,0,1,1,8
3654,New Cairo,46287,4,1,0,5,6,9,7,9,4,1,1,1,4
3655,Helwan,29190,3,1,0,3,4,7,9,4,7,0,1,0,7
3656,Helwan,37012,3,1,0,10,3,5,3,8,3,1,1,1,4
3657,El Shorouk,45716,1,0,0,7,6,4,7,6,5,0,1,0,7
3658,Shoubra,45783,5,1,0,6,9,6,5,9,6,0,1,0,8
3659,Downtown Cairo,47787,1,1,0,6,9,9,7,8,9,0,1,0,5
3660,El Obour,24191,4,0,0,9,3,8,8,9,5,0,1,0,5
3661,Zamalek,6779,2,1,0,6,7,9,8,9,6,0,1,0,6
3662,Helwan,22230,4,1,0,9,5,2,5,7,5,0,1,0,6
3663,New Cairo,27405,4,1,0,9,5,5,10,9,4,1,1,1,10
3664,Downtown Cairo,16803,1,1,0,2,7,10,8,9,7,0,1,1,4
3665,Sheikh Zayed,31825,2,1,1,5,5,7,7,9,10,1,1,1,9
3666,Sheikh Zayed,17698,5,1,1,10,5,9,10,5,7,0,1,0,9
3667,Haram,38560,4,0,1,3,8,9,2,4,8,0,1,0,6
3668,Helwan,19376,5,0,0,5,9,6,7,7,9,0,1,1,7
3669,Faisal,22118,2,0,0,5,7,9,10,10,2,0,1,0,6
3670,Al Rehab,17117,2,0,0,2,4,5,7,7,8,1,1,1,9
3671,New Capital,43983,1,0,1,8,8,7,10,8,9,1,1,1,10
3672,New Cairo,41956,3,1,1,2,5,8,10,4,8,1,1,0,6
3673,Mohandeseen,42049,1,0,1,6,4,7,5,6,2,1,1,0,6
3674,Mokattam,26242,5,1,0,9,10,7,6,8,3,0,0,0,10
3675,Zamalek,4944,1,1,0,5,3,9,4,4,5,1,0,1,9
3676,Mokattam,35695,2,1,0,6,3,6,10,3,6,1,1,1,5
3677,Maadi,5511,4,1,1,4,9,9,6,7,10,0,1,0,7
3678,Sheikh Zayed,49486,3,0,0,6,5,10,8,3,10,1,1,0,9
3679,Faisal,26502,2,0,0,4,3,5,10,6,3,0,1,0,7
3680,Heliopolis,28805,4,1,0,5,7,4,9,3,8,0,0,0,8
3681,Zamalek,30993,5,1,1,4,5,6,6,6,4,0,0,1,5
3682,Helwan,12369,5,1,0,6,7,6,1,4,9,0,1,0,10
3683,Mohandeseen,48888,5,1,1,3,9,8,10,10,10,0,1,0,7
3684,Faisal,39383,1,0,0,10,4,4,10,10,5,1,0,0,5
3685,Zamalek,21997,5,0,0,4,6,10,1,5,3,0,0,0,10
3686,Nasr City,19629,5,1,0,2,10,7,2,5,10,1,1,0,7
3687,Shoubra,35949,1,0,1,6,6,10,2,4,3,0,1,0,5
3688,Heliopolis,6840,4,1,1,5,8,2,4,8,3,0,1,0,7
3689,Mohandeseen,18051,2,1,0,3,9,3,10,7,10,1,1,1,5
3690,El Obour,31523,3,0,0,9,5,3,2,6,7,0,0,0,10
3691,Shoubra,5774,5,1,0,10,9,9,8,9,6,1,1,0,4
3692,New Cairo,17262,5,1,0,7,7,5,9,3,7,0,1,1,8
3693,Faisal,7871,5,1,0,9,6,8,2,5,10,0,1,0,4
3694,El Shorouk,12273,1,0,0,3,5,5,9,3,2,0,0,0,4
3695,Shoubra,21229,1,1,0,7,9,5,9,9,8,0,0,1,5
3696,Al Rehab,31385,1,0,0,2,8,9,8,3,9,0,1,0,5
3697,Madinaty,46176,3,1,1,4,9,5,7,10,5,1,1,0,10
3698,New Capital,33289,2,1,1,8,6,4,10,3,9,1,1,1,5
3699,Sheikh Zayed,7260,5,0,0,2,9,10,10,8,2,1,1,0,5
3700,El Shorouk,36019,4,0,0,7,8,4,8,7,9,0,1,0,8
3701,Maadi,7145,5,0,1,8,6,6,10,5,4,1,0,0,9
3702,Faisal,35753,5,1,0,4,3,2,8,10,5,1,1,0,9
3703,Nasr City,11802,5,0,0,9,9,10,7,3,9,0,1,0,8
3704,Mohandeseen,6263,5,1,1,9,9,7,2,3,9,0,0,0,9
3705,Dokki,30913,2,0,1,6,9,6,2,8,3,0,1,0,5
3706,Mokattam,12155,4,1,1,3,5,5,8,5,10,0,1,0,8
3707,New Cairo,4922,1,1,0,3,8,9,7,8,5,1,1,1,6
3708,Haram,10695,4,1,0,6,8,3,2,3,7,1,1,0,10
3709,Shoubra,24672,5,1,0,5,6,6,7,6,9,1,1,0,9
3710,Faisal,42526,4,0,0,5,8,9,7,5,5,0,1,0,7
3711,Faisal,49344,5,1,0,6,5,2,1,3,9,0,0,0,7
3712,Haram,23014,4,1,0,2,10,4,7,7,8,0,1,0,9
3713,New Capital,11816,3,1,0,8,3,8,10,9,9,0,1,1,4
3714,Shoubra,29743,4,1,0,4,10,6,5,8,5,1,1,0,7
3715,Mohandeseen,44324,1,1,1,9,5,10,2,6,3,1,1,1,5
3716,Zamalek,32539,1,1,0,10,9,2,6,8,5,0,1,0,10
3717,Helwan,34102,4,1,0,9,3,8,4,4,6,0,1,0,7
3718,El Shorouk,42698,4,0,0,3,9,7,7,10,5,1,1,0,7
3719,Al Rehab,15633,2,1,0,8,6,5,8,7,9,0,1,0,9
3720,Nasr City,27384,4,1,0,5,8,7,8,9,6,1,0,0,8
3721,El Shorouk,7512,1,1,1,6,8,10,5,9,10,0,0,0,6
3722,Helwan,10066,3,1,0,6,6,10,8,4,8,0,1,0,10
3723,Heliopolis,35500,1,1,0,10,10,3,7,4,8,0,1,1,9
3724,Zamalek,17207,2,0,0,3,6,10,3,3,6,0,0,0,8
3725,Nasr City,24106,4,1,0,3,3,3,9,10,4,0,1,1,5
3726,Mokattam,18322,3,1,0,4,4,7,9,6,9,1,0,0,8
3727,Nasr City,38828,1,0,1,6,3,8,2,9,5,1,1,0,10
3728,Zamalek,23418,3,1,1,5,3,10,3,10,4,1,1,1,10
3729,Haram,6387,5,0,1,10,9,7,10,8,5,1,1,0,5
3730,Shoubra,12031,1,0,0,4,8,9,10,3,2,0,1,0,6
3731,6th of October,5799,5,1,1,2,7,4,1,7,9,1,1,0,10
3732,Faisal,39548,3,1,0,6,6,7,1,8,10,0,1,0,9
3733,Nasr City,37895,4,1,1,9,6,3,3,9,4,0,0,1,4
3734,Maadi,28914,4,1,0,2,10,2,3,4,7,0,1,0,10
3735,Downtown Cairo,44133,4,1,1,2,9,7,5,3,5,0,1,0,4
3736,Dokki,18635,5,1,0,7,7,4,6,7,10,1,0,0,6
3737,Sheikh Zayed,44379,4,0,1,8,8,6,9,7,3,1,1,1,7
3738,Zamalek,49414,2,1,0,9,4,7,10,10,4,0,0,0,6
3739,El Obour,11535,1,1,0,9,5,7,7,8,2,0,1,0,10
3740,New Capital,46132,1,1,0,4,6,8,9,9,8,1,1,1,5
3741,Dokki,6808,3,0,0,5,6,8,4,4,10,0,1,0,10
3742,Downtown Cairo,17055,5,1,0,10,3,7,5,8,2,0,0,0,8
3743,Mokattam,31605,1,1,0,6,4,2,8,8,4,0,1,0,10
3744,Faisal,30665,5,1,0,10,4,9,9,10,8,0,1,1,9
3745,New Capital,36767,3,0,0,6,10,5,9,8,4,1,1,1,6
3746,Haram,8297,4,0,0,6,10,2,1,3,4,0,1,0,8
3747,Madinaty,47977,3,0,0,10,8,3,9,9,4,1,1,1,5
3748,6th of October,24943,2,1,0,7,4,4,2,10,5,1,0,0,7
3749,Mohandeseen,37216,4,1,0,4,4,7,3,10,5,0,1,0,5
3750,Madinaty,9008,4,0,0,6,7,3,9,6,9,1,1,0,9
3751,Helwan,25277,4,0,1,2,3,3,1,10,6,0,1,1,8
3752,Maadi,20820,3,0,1,10,10,7,6,7,4,1,1,1,8
3753,Heliopolis,10012,2,1,1,8,9,5,7,3,6,0,1,0,6
3754,Nasr City,26253,5,0,0,2,10,6,1,9,10,0,0,0,8
3755,6th of October,33202,3,1,1,5,8,9,9,8,7,0,1,1,10
3756,Nasr City,33236,1,0,0,3,9,4,7,6,5,0,0,1,7
3757,Haram,5620,1,1,0,4,7,6,4,4,2,0,0,1,5
3758,New Capital,37716,3,1,1,5,10,2,10,8,9,0,1,1,8
3759,6th of October,13319,5,0,1,3,7,5,6,9,6,1,0,0,6
3760,Helwan,20575,1,1,1,2,5,6,3,6,10,0,0,0,9
3761,Helwan,16204,5,1,0,5,3,5,4,4,8,1,1,0,7
3762,El Shorouk,15952,4,1,0,10,4,10,9,9,3,0,1,0,10
3763,Dokki,21787,3,1,0,10,8,9,5,8,3,0,1,0,4
3764,New Cairo,37872,4,0,0,10,3,3,8,9,9,1,1,0,10
3765,Madinaty,33376,1,1,1,4,10,10,8,7,6,1,1,1,10
3766,Maadi,4548,5,1,0,2,4,3,9,5,6,0,0,1,5
3767,New Cairo,15640,4,1,0,2,5,7,10,5,7,1,1,1,7
3768,Shoubra,30437,1,1,0,4,6,3,7,7,8,0,1,0,5
3769,Maadi,26145,2,0,0,9,7,7,7,6,5,1,0,0,10
3770,Madinaty,11903,4,0,1,5,5,7,10,9,10,0,1,1,4
3771,Heliopolis,22168,2,1,0,9,7,8,4,5,9,1,1,0,5
3772,Al Rehab,30863,2,1,0,8,10,6,7,8,7,0,1,1,4
3773,Dokki,47381,1,1,0,9,8,4,3,9,2,0,0,0,10
3774,Downtown Cairo,32548,3,0,0,3,4,3,9,9,7,0,1,0,10
3775,Heliopolis,12990,5,1,1,9,8,5,1,4,2,0,1,0,10
3776,New Capital,15467,1,1,0,10,4,2,8,10,6,0,1,0,4
3777,6th of October,27901,4,1,0,7,9,3,1,7,7,0,1,0,8
3778,New Capital,27301,5,0,0,4,5,9,7,3,3,1,1,1,7
3779,El Shorouk,41006,3,0,1,8,6,6,5,5,4,0,1,1,4
3780,Faisal,23644,1,0,0,10,10,6,5,6,8,0,0,1,8
3781,New Capital,8367,3,0,1,9,6,4,7,7,6,0,1,1,7
3782,New Cairo,42419,4,1,0,9,7,2,7,8,10,1,1,0,9
3783,Downtown Cairo,20204,1,1,1,8,4,7,8,9,9,0,0,0,4
3784,Maadi,23755,4,1,0,6,4,2,9,5,10,0,1,0,8
3785,Maadi,6093,5,0,0,3,10,5,3,10,7,1,0,0,6
3786,New Cairo,8001,5,1,0,6,6,5,8,5,3,0,1,0,6
3787,Heliopolis,34783,3,1,0,6,9,4,6,10,7,0,0,0,9
3788,Downtown Cairo,26940,3,0,0,3,4,5,1,7,6,0,1,1,9
3789,Madinaty,11810,5,1,0,2,8,7,7,3,5,0,1,1,5
3790,6th of October,48040,2,1,0,6,4,7,1,10,10,1,0,0,10
3791,Zamalek,41322,5,1,0,7,5,7,2,7,3,1,0,0,6
3792,Shoubra,30008,1,0,0,8,6,7,4,3,4,0,1,1,8
3793,Heliopolis,22901,4,1,1,3,9,5,6,7,5,0,1,0,6
3794,6th of October,31433,5,1,0,7,6,8,3,10,8,0,1,0,7
3795,Sheikh Zayed,45465,5,1,1,9,10,8,7,4,2,1,1,1,10
3796,Maadi,26189,4,1,0,7,10,3,3,4,10,0,1,0,8
3797,Sheikh Zayed,49139,4,0,0,4,10,7,7,7,6,0,1,0,9
3798,Zamalek,32730,1,1,0,4,8,6,4,8,2,0,0,0,10
3799,Faisal,13236,4,1,0,8,9,2,5,3,9,1,1,0,9
3800,Madinaty,11061,3,1,0,3,8,4,7,9,4,0,1,0,5
3801,Downtown Cairo,22588,5,0,1,4,3,10,2,8,2,0,1,0,10
3802,Faisal,7902,4,1,0,8,8,10,6,5,8,0,1,1,8
3803,Shoubra,38120,1,1,1,10,6,10,9,7,5,1,0,0,9
3804,Sheikh Zayed,38364,4,1,0,2,6,6,7,8,6,0,1,0,9
3805,Maadi,45535,5,1,0,6,10,7,1,8,3,0,1,0,8
3806,El Obour,37447,2,1,1,3,8,10,9,5,5,0,0,0,8
3807,Zamalek,32874,4,1,1,6,10,5,7,7,6,1,0,0,6
3808,Helwan,24096,3,1,0,7,3,5,7,8,5,0,1,1,10
3809,El Obour,16020,5,0,0,9,4,10,6,6,4,0,1,0,9
3810,Sheikh Zayed,48864,1,0,0,8,4,8,9,3,6,1,1,0,8
3811,Dokki,48153,5,1,0,6,7,7,7,6,3,0,1,0,10
3812,Helwan,45277,2,1,0,6,4,7,4,8,2,0,1,0,5
3813,6th of October,25685,1,1,1,3,6,6,5,8,8,0,0,0,5
3814,Sheikh Zayed,42502,2,0,0,7,10,5,8,6,4,1,1,1,6
3815,Faisal,19675,2,0,0,4,7,4,3,8,7,0,1,0,10
3816,Zamalek,28365,3,1,0,7,7,8,2,8,9,0,1,0,5
3817,Madinaty,26276,4,1,0,4,8,6,7,3,4,1,1,1,6
3818,Sheikh Zayed,16693,3,1,1,3,8,3,8,7,10,1,1,1,4
3819,6th of October,27513,3,1,0,9,4,4,8,3,6,0,0,0,10
3820,El Obour,27621,3,0,0,5,10,6,7,9,9,0,0,1,9
3821,Mokattam,27711,1,1,0,6,7,10,10,3,3,1,1,0,7
3822,Madinaty,44175,4,1,0,10,10,7,9,4,3,1,1,1,8
3823,Heliopolis,48554,4,1,0,5,3,3,10,4,7,0,0,0,10
3824,Shoubra,31785,1,0,1,2,9,9,1,9,3,0,1,0,5
3825,Heliopolis,6542,3,0,0,7,7,7,3,8,7,0,1,0,5
3826,Helwan,21062,3,1,1,6,5,7,5,5,10,0,1,0,4
3827,Madinaty,9366,2,0,0,4,3,9,7,3,4,0,1,1,8
3828,Haram,30465,2,0,1,6,6,8,7,6,9,1,1,0,10
3829,Haram,36286,5,0,0,9,4,6,6,10,4,0,0,0,6
3830,New Cairo,44178,2,1,0,2,4,10,7,10,10,1,1,1,4
3831,New Capital,46603,4,0,0,5,8,2,10,10,6,1,1,1,8
3832,Downtown Cairo,17647,1,1,0,4,5,5,8,6,9,1,0,0,8
3833,Downtown Cairo,42309,3,1,0,5,4,10,3,9,2,1,1,0,6
3834,Sheikh Zayed,47201,5,1,1,3,10,3,9,4,2,0,1,1,9
3835,6th of October,47315,2,1,0,3,6,4,5,9,10,1,0,1,4
3836,Faisal,13860,5,1,0,3,7,4,6,8,8,0,1,0,4
3837,Helwan,14745,1,1,0,4,4,7,9,3,6,0,1,0,7
3838,Al Rehab,10818,1,0,0,10,6,4,7,9,2,1,1,0,6
3839,6th of October,18101,5,1,1,6,8,4,9,7,4,0,0,0,7
3840,Madinaty,9028,5,1,0,5,3,6,10,8,10,1,1,0,8
3841,Haram,36725,5,1,0,5,9,4,5,4,4,1,1,1,7
3842,New Capital,47722,3,1,0,4,10,6,8,4,6,1,1,0,6
3843,El Obour,25087,4,1,0,10,6,4,4,8,3,1,1,0,8
3844,Mohandeseen,49538,2,1,0,2,8,3,7,6,6,0,1,0,4
3845,Dokki,13438,2,1,0,7,5,9,4,8,8,0,1,0,10
3846,Helwan,22156,2,1,1,5,6,4,5,8,6,0,1,1,7
3847,Downtown Cairo,22548,5,1,1,9,9,7,9,7,6,0,0,0,10
3848,New Capital,43879,5,1,1,8,4,3,7,7,5,0,1,1,4
3849,Downtown Cairo,28767,5,1,1,4,7,2,9,6,5,1,0,0,4
3850,Zamalek,42881,3,1,0,6,6,9,8,6,6,0,1,0,9
3851,Mokattam,6563,3,0,0,5,5,4,3,6,3,0,0,0,6
3852,Nasr City,12498,3,0,0,5,3,3,3,10,7,1,0,0,10
3853,Al Rehab,12131,3,0,0,9,5,3,10,10,3,1,1,1,10
3854,Shoubra,29107,1,0,0,10,8,6,3,7,10,0,0,0,10
3855,Maadi,32793,3,1,0,5,3,7,10,7,7,0,1,0,10
3856,Mohandeseen,6696,3,0,0,3,6,3,3,9,6,1,0,0,7
3857,Al Rehab,27705,3,1,0,2,10,7,9,10,4,1,1,0,5
3858,Haram,27397,2,0,0,5,7,2,6,4,10,0,1,0,10
3859,New Cairo,11704,2,0,0,9,5,10,9,10,9,1,1,0,9
3860,Zamalek,20442,2,0,1,6,7,5,7,9,4,0,1,0,4
3861,Al Rehab,13765,4,1,1,3,8,6,8,5,2,1,1,1,6
3862,Shoubra,14002,1,1,0,5,6,4,7,4,2,0,1,0,9
3863,Haram,15390,5,1,1,5,7,7,1,3,9,0,1,0,5
3864,Shoubra,48436,3,1,0,6,10,2,4,9,8,0,0,0,8
3865,Madinaty,22946,2,1,0,3,7,8,10,8,8,1,1,1,5
3866,Haram,10641,1,1,0,8,5,9,4,8,4,1,0,1,6
3867,Heliopolis,37709,3,0,0,6,6,4,7,5,7,0,0,0,8
3868,Faisal,49583,4,0,0,5,7,3,2,9,6,1,1,0,4
3869,Sheikh Zayed,43309,5,0,0,9,3,5,9,7,6,1,1,1,8
3870,El Obour,19624,3,0,1,3,4,9,5,8,7,1,0,0,7
3871,Mokattam,13966,5,0,1,2,10,9,10,4,9,0,1,0,4
3872,New Cairo,27814,3,0,0,7,3,9,8,7,10,1,1,1,4
3873,Madinaty,38189,4,1,0,9,8,3,10,5,6,1,1,0,8
3874,Heliopolis,9765,1,1,0,8,7,5,3,8,8,1,0,1,9
3875,Zamalek,34222,5,0,1,10,6,2,3,7,2,0,1,0,10
3876,Mokattam,21223,5,1,0,2,3,8,5,8,6,0,1,0,5
3877,Mohandeseen,40769,1,1,0,4,6,7,10,4,4,0,1,1,7
3878,Faisal,16647,5,0,1,10,10,8,9,5,3,1,1,0,7
3879,Mokattam,42016,2,1,0,6,8,6,7,8,4,0,1,0,6
3880,Madinaty,8959,1,0,0,7,3,7,10,9,10,1,1,1,10
3881,Helwan,31257,4,0,1,8,6,7,4,4,10,0,0,0,4
3882,6th of October,35984,3,1,0,4,7,7,5,8,3,0,0,1,6
3883,Heliopolis,26212,3,1,0,8,5,10,6,4,10,0,0,0,6
3884,Al Rehab,31215,1,0,0,4,9,5,10,7,4,1,1,1,9
3885,Dokki,40657,2,1,0,7,3,3,9,5,4,0,0,0,6
3886,Helwan,33057,4,1,1,9,8,10,2,7,6,0,1,0,7
3887,Zamalek,38094,3,1,0,8,9,8,8,10,5,1,1,0,6
3888,Nasr City,42669,3,1,1,6,6,6,8,8,2,0,1,0,8
3889,6th of October,40126,2,1,0,7,3,7,7,10,2,0,1,0,9
3890,Haram,38353,5,1,0,5,6,8,4,5,6,0,1,0,10
3891,Maadi,17500,1,0,0,3,6,6,9,3,5,1,1,1,7
3892,Al Rehab,48328,2,1,1,8,5,6,7,3,9,0,1,0,10
3893,Heliopolis,20772,2,1,0,5,6,7,5,5,3,0,0,0,10
3894,Mohandeseen,7332,2,0,0,7,3,9,4,9,9,0,0,1,8
3895,Sheikh Zayed,26218,2,1,0,3,8,3,10,7,7,1,1,1,7
3896,Haram,39588,5,1,1,3,9,10,6,6,10,0,0,0,10
3897,Al Rehab,19472,4,0,1,7,9,6,9,5,7,0,1,1,10
3898,Nasr City,8959,2,0,0,9,7,5,7,4,8,0,1,0,4
3899,Downtown Cairo,21443,2,0,0,2,8,9,1,10,9,0,1,0,10
3900,Haram,49134,1,1,0,8,4,5,4,3,2,1,1,0,9
3901,Maadi,29874,3,0,0,7,6,3,4,5,8,0,0,1,6
3902,Al Rehab,5301,5,0,0,6,4,6,10,5,8,1,1,0,6
3903,El Obour,47319,2,0,0,9,7,6,5,10,4,0,1,0,4
3904,Sheikh Zayed,28080,4,1,1,2,8,5,7,5,8,1,1,0,4
3905,Dokki,24683,4,1,0,6,4,4,4,4,5,0,0,0,5
3906,Al Rehab,33656,4,1,0,7,6,6,8,7,7,1,1,0,9
3907,Sheikh Zayed,26455,1,0,1,5,10,10,10,10,3,1,1,1,6
3908,Downtown Cairo,8112,4,1,1,3,3,10,2,6,5,0,1,0,9
3909,Zamalek,49531,1,1,0,9,8,10,9,4,5,1,1,0,9
3910,New Cairo,48542,5,1,0,6,8,7,7,9,6,1,1,1,5
3911,Mokattam,20882,4,1,0,7,5,9,5,6,7,0,1,0,9
3912,Heliopolis,36145,3,0,0,10,8,2,3,3,5,1,1,0,7
3913,Haram,45388,2,0,0,3,9,2,4,9,7,0,1,0,8
3914,Zamalek,36735,5,0,1,6,6,8,6,6,10,0,1,0,7
3915,Heliopolis,11245,3,1,0,2,10,6,3,6,5,0,0,0,10
3916,Heliopolis,48599,5,1,1,4,6,3,10,3,8,0,0,0,9
3917,Shoubra,6105,4,1,0,7,5,5,7,10,8,0,0,0,4
3918,Nasr City,46513,5,1,0,9,5,5,5,9,9,0,1,0,5
3919,Helwan,25711,5,1,0,6,9,7,10,4,3,0,1,0,8
3920,Madinaty,9630,5,0,1,5,8,9,10,10,2,1,1,1,6
3921,Haram,7206,1,0,0,6,10,4,9,4,10,0,1,1,5
3922,Dokki,22953,3,1,0,5,5,8,9,3,10,0,1,0,4
3923,New Cairo,39396,4,1,0,3,10,3,10,4,5,1,1,0,9
3924,El Obour,14068,2,1,0,2,5,10,4,10,5,0,1,0,4
3925,Downtown Cairo,17394,4,1,0,9,5,8,4,7,4,0,1,1,5
3926,New Capital,5067,4,0,0,2,6,2,8,9,4,1,1,1,10
3927,Faisal,19245,1,0,0,3,4,5,8,8,6,0,1,0,5
3928,New Cairo,13859,1,1,0,6,3,3,7,6,6,0,1,1,4
3929,Sheikh Zayed,33164,5,1,0,9,9,6,9,9,5,1,1,0,10
3930,Nasr City,43410,4,1,1,4,10,10,8,4,6,0,0,0,8
3931,Zamalek,19377,3,1,0,10,6,4,3,9,4,0,1,1,7
3932,Sheikh Zayed,40834,1,0,1,7,9,6,7,6,7,1,1,0,10
3933,El Shorouk,37715,1,0,0,4,10,3,3,10,9,0,1,0,4
3934,Madinaty,24773,3,1,0,8,7,5,9,8,7,1,1,1,7
3935,New Capital,37939,1,0,0,8,8,3,10,8,8,1,1,1,10
3936,El Obour,10114,3,1,0,8,9,9,1,10,9,1,0,0,7
3937,Mokattam,36939,2,1,0,5,10,8,2,9,8,1,1,0,9
3938,Nasr City,16818,3,1,0,7,6,8,4,4,6,1,1,1,10
3939,Sheikh Zayed,13335,2,1,0,4,10,8,7,6,7,1,1,0,8
3940,Mokattam,46819,5,1,0,5,8,10,3,3,7,0,1,0,5
3941,Madinaty,10209,5,1,0,4,6,3,10,9,10,1,1,1,5
3942,Helwan,47148,1,0,0,4,9,7,4,3,6,0,1,0,5
3943,Madinaty,7577,3,0,0,2,4,5,8,3,5,0,1,1,4
3944,Dokki,12380,1,1,0,6,8,7,7,9,3,0,1,1,9
3945,Shoubra,8076,3,0,0,4,9,10,7,7,5,0,1,0,10
3946,Zamalek,36925,1,1,0,2,10,2,7,7,3,0,1,0,9
3947,Helwan,44545,5,1,0,10,5,3,4,3,8,1,1,0,6
3948,6th of October,45205,5,0,0,5,8,7,5,6,7,0,0,0,6
3949,Heliopolis,15095,1,0,0,10,10,8,4,3,7,0,1,1,6
3950,Faisal,23179,3,0,0,3,9,4,9,3,2,0,1,0,8
3951,El Obour,43968,4,1,0,3,7,2,4,9,4,0,0,0,10
3952,New Cairo,32400,3,1,1,5,4,8,7,5,3,0,1,1,9
3953,Dokki,22761,1,1,0,5,10,3,8,7,5,0,1,1,8
3954,6th of October,45809,3,0,0,6,3,7,6,7,10,0,0,0,6
3955,Nasr City,5810,2,0,0,2,9,5,2,3,9,0,1,1,5
3956,Madinaty,25574,3,0,1,6,10,5,7,10,2,0,1,1,5
3957,Helwan,32562,5,1,1,3,10,10,10,3,8,0,1,0,6
3958,El Shorouk,44663,5,0,0,6,7,8,7,5,2,0,0,0,5
3959,Shoubra,22510,2,0,0,7,7,2,8,5,10,0,1,0,10
3960,New Cairo,10953,3,0,0,4,4,5,7,7,10,1,1,1,10
3961,6th of October,43091,4,1,0,5,7,7,9,7,4,0,1,0,6
3962,Downtown Cairo,26131,3,1,0,6,6,3,4,9,3,0,1,0,9
3963,Nasr City,30883,5,1,0,7,6,5,7,7,9,0,1,0,4
3964,El Obour,42373,5,1,0,10,5,3,5,7,7,0,1,0,7
3965,Mokattam,9891,1,1,1,10,4,2,2,6,4,0,1,1,7
3966,New Capital,39844,5,0,1,7,9,2,8,3,6,0,1,0,7
3967,Downtown Cairo,22728,1,0,0,2,6,10,8,6,10,0,0,0,6
3968,Shoubra,37387,5,1,1,7,9,10,10,4,9,0,1,0,10
3969,El Obour,15094,5,0,0,4,7,5,5,10,3,0,0,0,4
3970,Helwan,6407,4,0,0,6,9,9,3,7,5,0,1,1,9
3971,Mohandeseen,16644,1,0,0,6,10,8,8,7,10,0,1,0,8
3972,Maadi,39772,1,0,1,5,7,6,7,9,9,0,1,0,7
3973,Nasr City,24298,5,0,0,4,6,3,7,3,4,0,1,0,5
3974,Heliopolis,47446,1,1,1,2,4,10,7,7,3,0,1,0,9
3975,El Shorouk,40807,5,0,0,8,4,8,5,7,5,0,0,1,6
3976,Haram,38072,5,0,1,9,3,5,4,10,3,0,1,0,9
3977,Zamalek,42398,3,0,1,6,4,3,6,6,8,0,1,0,6
3978,Helwan,32669,1,1,1,9,8,3,6,4,7,1,1,0,9
3979,Al Rehab,34161,2,1,1,5,8,4,8,6,2,1,1,1,8
3980,Madinaty,11282,1,0,0,9,8,7,7,5,3,1,1,1,5
3981,Faisal,30539,1,1,0,4,6,2,6,10,9,1,0,0,4
3982,Mokattam,7307,4,0,0,9,3,6,10,7,9,0,1,0,9
3983,Madinaty,21745,2,1,0,7,7,4,8,6,7,1,1,0,7
3984,Downtown Cairo,43433,2,1,1,10,6,8,10,3,8,1,0,0,4
3985,Faisal,41062,4,1,0,6,5,8,10,9,3,0,1,0,5
3986,Sheikh Zayed,38555,4,1,1,2,5,6,7,8,2,1,1,1,5
3987,Maadi,5073,1,0,1,9,4,10,5,4,7,1,1,0,6
3988,6th of October,36683,3,1,0,4,3,9,7,8,4,0,0,0,4
3989,Madinaty,29741,4,0,0,6,3,10,8,4,2,0,1,1,8
3990,Al Rehab,26286,2,1,0,3,7,7,10,3,2,1,1,1,5
3991,Mokattam,7599,2,0,1,8,9,9,5,3,4,1,1,0,6
3992,Dokki,31293,1,1,0,6,4,3,5,10,8,0,0,0,7
3993,Downtown Cairo,19389,3,0,0,8,3,6,1,7,3,0,1,1,8
3994,Faisal,48113,5,0,0,8,9,9,7,4,5,1,0,1,9
3995,Downtown Cairo,16318,4,1,0,6,6,3,7,3,5,0,1,0,8
3996,Mohandeseen,7055,4,1,0,6,7,3,4,9,7,0,1,0,9
3997,Al Rehab,21043,1,0,1,10,10,4,9,9,8,1,1,0,6
3998,6th of October,10320,3,0,0,4,3,3,2,5,3,1,0,0,8
3999,Downtown Cairo,43281,2,1,0,9,5,5,4,4,2,0,1,0,10
4000,Zamalek,8642,2,0,0,2,5,5,2,10,7,0,1,0,8
4001,Zamalek,31158,5,1,0,5,3,2,1,3,4,1,1,0,6
4002,Faisal,13321,2,1,0,3,8,7,1,6,7,0,0,1,10
4003,New Cairo,18432,4,1,0,4,8,8,8,3,3,0,1,1,6
4004,Madinaty,26757,5,0,0,7,5,8,7,8,8,0,1,0,5
4005,Mohandeseen,41234,3,1,0,5,10,6,9,9,9,0,0,0,6
4006,Downtown Cairo,30044,5,0,0,2,6,5,2,4,6,0,1,0,7
4007,Madinaty,25971,3,0,0,6,7,3,9,9,10,1,1,1,9
4008,Zamalek,48226,2,1,0,4,6,6,7,10,7,0,1,1,9
4009,Haram,29727,1,0,1,3,10,5,7,10,4,1,1,0,4
4010,Maadi,26559,5,0,0,5,10,9,10,8,3,0,1,0,6
4011,Faisal,12284,5,1,0,5,5,2,8,8,8,0,1,0,5
4012,El Obour,47526,4,1,1,4,3,8,3,7,2,0,1,0,7
4013,Zamalek,21665,4,1,0,6,3,6,1,10,2,1,0,0,4
4014,Maadi,31476,3,0,0,6,7,6,4,5,9,0,1,0,6
4015,Shoubra,14991,1,0,0,9,5,2,3,10,7,0,0,0,5
4016,Downtown Cairo,23561,4,1,0,8,5,10,4,3,4,0,1,0,4
4017,El Obour,8511,4,1,0,10,5,8,6,4,10,1,1,0,4
4018,Shoubra,14796,2,0,1,8,9,3,1,9,2,0,0,1,9
4019,Helwan,7881,2,1,0,3,4,6,1,3,6,0,0,0,5
4020,Dokki,19668,4,0,0,4,10,9,2,8,2,0,1,0,10
4021,Helwan,39181,3,0,0,7,3,8,10,9,8,0,1,0,4
4022,Dokki,38312,1,0,1,2,5,3,10,3,2,0,0,0,9
4023,El Obour,32106,4,1,0,9,7,8,3,4,5,1,1,1,9
4024,Nasr City,31222,3,0,1,8,8,7,5,6,3,0,0,1,9
4025,Helwan,19729,3,0,0,7,9,9,9,4,10,0,0,0,8
4026,New Cairo,8784,4,0,0,6,4,10,10,4,4,1,1,1,7
4027,Dokki,42394,3,1,0,6,5,8,5,7,7,0,1,1,8
4028,Helwan,41282,5,1,1,9,3,9,8,3,8,0,1,0,9
4029,Dokki,37913,3,0,0,9,10,8,1,3,3,0,1,0,4
4030,Zamalek,13102,4,1,1,4,8,8,7,4,2,1,1,0,9
4031,Helwan,48266,3,0,0,10,10,2,8,8,3,1,1,0,9
4032,Helwan,42218,4,1,1,4,4,6,9,6,9,0,0,1,10
4033,Al Rehab,21950,2,1,1,9,9,6,8,7,10,0,1,1,6
4034,New Cairo,8507,4,1,0,8,6,5,8,6,9,1,1,1,5
4035,Downtown Cairo,41016,3,0,1,10,7,2,10,9,2,0,1,0,5
4036,Al Rehab,17523,4,1,1,10,3,8,7,6,3,0,1,0,7
4037,Shoubra,28667,1,1,0,2,6,9,6,7,5,0,1,0,5
4038,6th of October,7992,4,1,1,2,3,6,5,9,9,1,0,0,5
4039,Zamalek,45290,4,1,0,4,7,5,3,8,10,0,1,1,7
4040,Shoubra,12027,1,1,1,8,5,10,2,8,8,0,1,0,8
4041,6th of October,26144,1,1,0,4,6,4,2,9,9,0,1,0,9
4042,Faisal,29530,1,0,0,4,6,4,10,7,10,0,1,1,8
4043,El Shorouk,48740,5,1,1,5,4,5,10,6,5,0,1,0,4
4044,Faisal,19305,4,1,0,9,5,8,10,8,5,0,1,0,5
4045,6th of October,47561,1,1,0,2,7,3,4,9,4,0,0,0,9
4046,Dokki,25731,1,0,0,5,8,9,9,6,8,0,1,0,4
4047,Mokattam,24673,2,1,1,5,10,3,2,6,5,1,1,1,9
4048,Faisal,37297,5,1,0,9,4,5,5,8,2,0,1,0,4
4049,Faisal,29842,4,1,0,8,6,3,8,3,9,0,1,0,4
4050,Maadi,27827,3,0,0,5,3,10,10,3,2,0,1,1,7
4051,6th of October,41502,5,1,0,9,9,5,2,9,4,1,1,0,6
4052,El Obour,30173,5,1,0,4,9,6,7,9,10,1,0,1,9
4053,Downtown Cairo,22909,2,0,0,8,7,10,6,3,2,0,1,0,8
4054,New Cairo,35007,4,1,0,10,4,3,9,9,2,1,1,1,9
4055,Al Rehab,16985,4,1,1,7,8,5,10,3,4,1,1,0,7
4056,Mokattam,26525,1,1,1,5,5,7,10,8,8,1,1,1,6
4057,Mohandeseen,39510,1,1,1,5,8,2,9,10,7,0,1,1,9
4058,Haram,41403,5,0,1,2,3,2,1,9,6,0,1,0,4
4059,Faisal,41193,2,1,0,7,10,8,2,8,5,1,0,1,9
4060,Shoubra,45429,4,1,0,4,4,7,7,7,6,0,1,0,7
4061,Maadi,7830,2,1,1,4,9,5,1,9,6,0,1,0,6
4062,Mohandeseen,4533,3,1,0,2,9,6,2,4,8,0,1,0,8
4063,Heliopolis,24946,4,0,0,8,7,6,3,9,7,1,1,0,9
4064,El Shorouk,27504,1,1,0,10,9,10,2,8,10,1,1,1,6
4065,Downtown Cairo,49015,5,0,0,4,3,6,2,3,4,0,0,0,10
4066,Mohandeseen,32255,2,1,0,8,4,3,2,6,8,0,0,0,7
4067,Sheikh Zayed,40855,1,1,0,10,4,8,9,4,7,1,1,1,8
4068,Downtown Cairo,45721,5,1,1,4,8,10,10,3,4,0,0,0,8
4069,New Capital,45850,1,1,0,10,7,8,7,9,8,1,1,0,5
4070,Helwan,39123,4,1,0,3,5,9,4,10,8,0,1,1,6
4071,El Obour,38723,2,1,0,4,3,4,8,10,2,0,0,0,9
4072,Haram,39739,3,1,1,5,8,10,5,9,7,0,1,0,6
4073,Maadi,9539,1,1,0,8,4,8,1,10,8,0,1,0,10
4074,El Obour,11493,2,0,0,10,8,5,2,5,3,0,0,0,9
4075,El Obour,39604,4,1,0,2,8,8,10,5,4,0,1,0,6
4076,Downtown Cairo,25311,1,0,0,10,8,4,3,7,10,1,1,0,10
4077,New Capital,41707,4,1,0,6,7,8,8,5,9,0,1,0,4
4078,Madinaty,7644,3,1,0,5,4,4,9,7,2,1,1,1,8
4079,New Cairo,24445,3,1,0,7,7,3,7,8,4,0,1,1,10
4080,Faisal,39934,5,0,0,6,7,2,10,8,4,0,1,1,10
4081,New Cairo,13511,5,0,0,6,4,7,9,9,4,1,1,0,6
4082,Mokattam,4183,5,0,0,6,8,4,6,7,3,0,1,0,9
4083,Mohandeseen,13475,4,1,0,9,10,3,3,8,6,0,1,0,7
4084,Sheikh Zayed,23230,5,0,1,9,8,4,9,7,4,1,1,1,7
4085,New Capital,30008,2,0,1,5,7,9,7,4,4,1,1,1,10
4086,Al Rehab,15332,4,0,0,10,9,4,7,9,2,0,1,1,5
4087,Al Rehab,46756,4,0,0,9,3,5,7,4,7,1,1,0,8
4088,Al Rehab,8722,5,1,1,7,8,3,10,9,10,1,1,0,4
4089,Maadi,19194,5,1,1,3,7,9,9,5,7,0,1,1,10
4090,Helwan,30631,4,1,1,10,5,7,3,4,7,1,1,0,9
4091,6th of October,31912,3,1,0,7,9,10,7,9,5,1,1,0,9
4092,Maadi,21166,3,1,0,9,5,9,7,3,2,0,1,1,5
4093,Downtown Cairo,19976,5,1,1,7,7,5,8,7,3,0,1,0,6
4094,Shoubra,42623,3,1,0,6,9,9,5,3,3,1,1,0,8
4095,Sheikh Zayed,16046,2,1,0,8,9,2,10,10,2,1,1,0,4
4096,Mohandeseen,37444,2,0,1,5,3,10,2,4,3,0,1,0,10
4097,6th of October,27634,2,1,1,4,8,6,4,8,6,0,1,1,9
4098,Nasr City,8090,4,1,1,8,9,5,8,6,5,0,1,0,8
4099,Shoubra,49266,4,1,0,3,6,6,5,4,9,1,0,1,6
4100,El Obour,34008,4,1,0,4,6,2,1,7,4,1,0,0,9
4101,Dokki,26107,4,1,0,2,3,3,3,6,5,1,1,0,5
4102,New Capital,49545,4,1,1,2,5,3,8,6,9,0,1,1,6
4103,Helwan,12382,5,1,0,3,7,10,6,7,2,0,1,0,7
4104,New Cairo,13034,3,1,0,2,4,7,9,8,8,1,1,1,5
4105,Nasr City,12526,5,0,1,3,7,4,8,9,7,1,1,0,7
4106,Faisal,28073,3,0,0,2,7,5,7,5,6,0,1,1,6
4107,El Shorouk,5110,5,0,1,4,6,2,7,8,2,1,0,0,5
4108,Dokki,20445,2,1,0,10,9,8,7,9,3,0,1,0,10
4109,6th of October,4386,1,0,0,10,7,8,5,10,6,0,1,0,6
4110,Heliopolis,22584,4,0,0,9,6,9,2,9,10,0,0,0,8
4111,Helwan,49674,1,0,0,10,4,2,8,8,8,1,0,0,8
4112,Shoubra,38451,1,0,0,5,7,10,3,8,8,0,1,1,4
4113,New Cairo,34549,2,1,0,9,3,3,9,4,2,1,1,0,6
4114,Sheikh Zayed,10321,1,0,0,6,7,2,7,10,9,0,1,0,7
4115,Madinaty,28440,1,1,0,5,8,2,8,8,5,1,1,0,4
4116,Nasr City,35566,2,0,0,5,10,9,2,9,3,0,1,0,5
4117,Madinaty,45446,3,0,1,3,8,4,9,8,8,1,1,1,7
4118,El Shorouk,36521,5,1,1,10,3,7,8,4,7,0,0,0,8
4119,Madinaty,48692,1,1,0,10,6,7,10,8,10,0,1,1,9
4120,El Obour,27798,4,1,0,2,7,3,6,10,10,1,0,0,9
4121,Al Rehab,17565,2,0,1,5,6,3,10,6,5,0,1,1,7
4122,Shoubra,27027,1,1,0,10,3,2,9,10,6,0,1,1,7
4123,Mohandeseen,45500,3,1,1,5,6,10,1,6,6,0,1,0,10
4124,Mohandeseen,36095,3,1,0,3,5,2,7,7,9,0,1,1,4
4125,Mohandeseen,9631,4,1,0,3,8,7,8,7,2,0,1,0,10
4126,El Obour,28329,1,0,1,10,3,10,9,5,7,0,0,0,6
4127,Maadi,47020,4,1,0,5,6,7,5,8,6,0,0,0,8
4128,El Shorouk,49206,3,1,0,2,7,7,6,6,3,0,0,1,5
4129,Madinaty,41937,3,1,0,2,6,5,10,10,5,0,1,1,9
4130,El Shorouk,10787,5,0,0,2,4,6,10,4,8,0,0,1,5
4131,Al Rehab,42000,3,1,1,9,9,2,10,8,3,1,1,0,8
4132,Downtown Cairo,30875,2,0,0,2,3,4,7,7,7,0,0,0,5
4133,Shoubra,28514,5,1,0,6,6,7,4,8,6,0,1,0,7
4134,Helwan,26580,4,0,1,10,8,3,6,3,2,0,1,0,10
4135,Maadi,24291,3,1,0,5,5,2,4,4,2,0,1,0,5
4136,Haram,8288,2,0,0,10,8,2,2,8,9,1,1,0,7
4137,El Shorouk,10734,5,1,0,6,4,2,2,10,10,0,0,0,9
4138,Faisal,21464,2,0,1,10,3,2,4,6,8,0,0,1,9
4139,Haram,43008,5,1,0,3,4,7,5,7,10,0,1,0,8
4140,Helwan,11814,5,0,1,9,7,5,1,8,3,0,1,1,10
4141,Heliopolis,47154,5,1,0,8,5,5,3,10,9,0,0,0,10
4142,Downtown Cairo,11851,4,1,0,8,7,5,5,7,7,1,1,0,8
4143,New Cairo,5600,5,1,1,4,8,9,9,10,8,1,1,0,9
4144,Heliopolis,10866,5,1,0,3,8,8,4,9,8,0,0,0,4
4145,New Cairo,7692,2,0,0,2,6,6,7,3,7,0,1,1,5
4146,Zamalek,24373,5,1,1,2,4,8,4,5,5,1,1,0,9
4147,El Obour,37100,4,0,0,8,7,9,5,4,4,0,1,1,4
4148,Mokattam,18847,2,1,1,10,9,9,7,7,10,0,1,0,7
4149,El Obour,18507,5,0,0,2,6,8,8,5,6,1,0,1,5
4150,Sheikh Zayed,13963,2,1,0,5,5,8,7,8,2,1,1,1,9
4151,Dokki,10106,4,1,0,3,8,10,10,3,2,0,0,1,10
4152,Madinaty,11333,2,1,1,9,10,6,8,8,9,1,1,1,4
4153,Dokki,35913,4,1,0,10,7,9,7,9,6,0,1,0,9
4154,Downtown Cairo,35283,3,1,0,4,4,3,4,3,6,0,1,0,8
4155,Downtown Cairo,43423,5,1,0,4,7,9,4,4,3,0,1,0,10
4156,Sheikh Zayed,42076,4,0,1,8,5,2,7,4,9,0,1,1,10
4157,Heliopolis,33815,5,1,1,10,6,10,9,10,7,0,1,0,7
4158,New Capital,24584,4,1,1,8,7,2,10,9,2,1,1,0,7
4159,Nasr City,29382,1,1,1,8,7,9,3,7,10,0,1,0,5
4160,New Capital,5064,1,0,0,3,8,4,8,7,7,1,1,1,5
4161,El Shorouk,45848,1,0,1,2,3,5,1,4,4,0,1,0,8
4162,Zamalek,47883,4,0,0,3,6,8,2,9,7,1,0,0,6
4163,Mohandeseen,10820,5,0,1,7,9,4,5,4,5,0,0,0,5
4164,Zamalek,12512,1,0,0,9,9,10,9,8,10,0,1,0,9
4165,Nasr City,40725,5,1,0,9,10,4,3,7,9,0,0,0,6
4166,Heliopolis,23615,4,1,0,7,10,9,7,8,3,0,1,0,5
4167,New Cairo,43776,5,1,1,3,9,9,8,7,4,1,1,0,7
4168,Downtown Cairo,21884,5,0,1,10,8,4,3,7,9,0,1,0,10
4169,Nasr City,21952,1,0,0,5,3,4,4,10,3,0,1,1,6
4170,Mokattam,13711,2,0,0,6,3,6,5,3,9,0,1,0,4
4171,Haram,24473,3,0,1,2,8,9,2,6,9,0,1,0,9
4172,Shoubra,22249,4,1,0,10,5,7,8,4,6,0,1,1,5
4173,Heliopolis,13597,4,0,0,2,5,6,7,3,6,0,0,1,9
4174,Mokattam,25984,4,1,1,8,4,6,9,7,9,0,0,0,7
4175,Mohandeseen,20388,3,1,1,10,8,7,8,6,8,0,1,0,4
4176,Dokki,44727,2,1,0,4,6,9,7,6,9,0,1,0,5
4177,Mohandeseen,22782,5,1,0,3,6,7,9,3,2,1,0,0,5
4178,El Obour,10608,4,1,0,9,5,8,10,5,8,0,1,0,6
4179,Heliopolis,37115,5,1,0,5,5,10,5,5,8,0,1,0,6
4180,Haram,49180,1,1,0,2,3,8,3,10,3,0,1,1,6
4181,Maadi,46773,1,1,1,9,5,10,6,7,10,0,1,0,7
4182,Mohandeseen,10500,1,1,0,7,9,2,9,8,7,0,1,0,8
4183,Al Rehab,39342,4,0,0,7,7,4,8,8,9,0,1,1,6
4184,Zamalek,24209,3,0,0,5,6,7,3,9,7,0,0,0,4
4185,Heliopolis,24977,4,1,0,7,4,4,2,5,8,0,1,0,10
4186,Shoubra,42040,1,0,0,3,3,3,5,8,4,0,0,1,6
4187,New Capital,45462,1,1,1,7,7,6,9,10,3,1,1,0,7
4188,El Shorouk,7521,4,1,0,3,5,2,8,7,5,0,0,0,4
4189,Al Rehab,5300,3,0,1,7,4,6,9,5,5,0,1,0,7
4190,Madinaty,31075,3,1,0,10,5,9,8,3,6,1,1,1,6
4191,New Cairo,27979,5,1,0,8,8,10,8,10,8,1,1,0,8
4192,El Obour,34802,2,1,0,5,7,7,1,6,4,0,0,0,4
4193,New Cairo,16225,1,1,0,2,8,5,9,9,7,0,1,1,5
4194,Downtown Cairo,15481,3,1,0,10,9,4,4,10,9,1,1,1,4
4195,Shoubra,25217,1,1,0,2,8,9,9,4,9,0,0,0,7
4196,El Obour,48813,2,1,0,6,4,3,2,6,10,0,1,0,6
4197,Helwan,41153,1,0,0,8,8,9,10,5,3,0,0,0,8
4198,New Cairo,18755,3,0,0,7,5,8,9,6,5,1,1,0,4
4199,New Capital,28914,5,1,0,4,7,3,10,10,2,1,1,1,4
4200,Al Rehab,39592,4,0,0,9,10,3,7,9,8,1,1,1,4
4201,Faisal,30269,4,0,0,8,7,3,5,5,7,1,1,0,5
4202,Al Rehab,42732,3,1,0,10,4,2,7,7,4,1,1,0,6
4203,Shoubra,28555,3,1,0,2,10,8,10,4,6,1,1,0,8
4204,New Cairo,23874,2,1,0,9,8,9,9,9,4,1,1,0,4
4205,Heliopolis,40535,1,1,1,5,8,8,1,10,8,1,1,0,7
4206,Mokattam,49036,2,1,0,8,7,5,8,7,9,0,1,0,9
4207,Haram,11925,4,0,0,8,5,10,6,10,9,0,1,0,7
4208,Helwan,7107,1,1,1,5,4,3,9,4,10,0,1,1,7
4209,Sheikh Zayed,24852,2,0,0,9,8,6,10,10,10,1,1,0,5
4210,Downtown Cairo,34183,4,1,0,2,8,3,7,7,5,1,0,0,8
4211,Al Rehab,31617,1,0,1,6,3,4,8,8,6,1,1,1,10
4212,New Cairo,12722,5,0,0,5,10,3,9,10,10,1,1,1,7
4213,New Cairo,26631,5,0,0,5,7,9,10,7,6,1,1,1,5
4214,Shoubra,35622,2,1,1,4,10,7,3,6,4,0,1,0,8
4215,Nasr City,11883,3,1,0,2,5,6,3,4,10,1,0,0,9
4216,Madinaty,23708,1,1,0,6,4,6,10,6,9,0,1,0,4
4217,Faisal,21197,2,1,0,9,8,10,3,10,9,0,1,0,8
4218,Sheikh Zayed,25134,3,1,1,7,3,3,8,7,7,1,1,0,8
4219,Faisal,44386,3,1,0,2,3,2,7,6,3,0,1,1,8
4220,Al Rehab,37550,1,1,1,6,6,7,7,5,7,1,1,0,10
4221,Maadi,18642,1,1,0,7,8,9,3,8,4,0,1,1,10
4222,Madinaty,24439,3,1,0,10,6,9,7,7,3,1,1,0,8
4223,Al Rehab,36243,4,1,0,10,8,7,8,5,7,1,1,1,8
4224,New Capital,44557,2,0,0,6,4,4,9,9,9,1,1,0,8
4225,Shoubra,28583,1,0,1,4,7,4,3,8,8,0,1,0,4
4226,Faisal,32349,3,0,0,7,8,3,6,7,5,0,1,0,7
4227,Al Rehab,18002,4,0,0,9,5,3,8,5,9,0,1,0,5
4228,Mokattam,23523,5,1,0,6,7,3,8,10,9,0,0,0,8
4229,Maadi,48749,3,1,1,9,5,8,9,9,8,1,0,0,4
4230,Nasr City,9007,4,1,0,2,5,10,8,8,3,0,0,0,10
4231,Nasr City,24435,5,1,0,9,10,8,1,5,5,0,0,1,4
4232,Faisal,44343,4,1,1,3,6,9,7,7,4,0,1,0,4
4233,El Shorouk,29093,1,0,0,8,6,6,8,5,8,0,1,0,9
4234,Haram,15294,3,1,0,3,7,3,5,9,4,0,1,0,5
4235,Sheikh Zayed,42405,5,1,1,4,4,9,10,4,8,1,1,0,9
4236,Helwan,49538,4,1,0,6,5,6,7,9,9,1,0,0,5
4237,Madinaty,14908,5,1,1,8,10,10,9,5,5,0,1,1,7
4238,New Capital,16699,2,1,0,10,6,7,10,7,8,1,1,0,6
4239,Heliopolis,38633,3,0,0,6,4,8,9,8,10,1,1,0,9
4240,Mokattam,5376,1,1,0,2,6,2,3,4,8,0,0,0,7
4241,Al Rehab,18255,5,1,0,4,5,9,9,4,3,1,1,1,8
4242,Al Rehab,17647,4,1,0,6,3,8,10,4,10,1,1,0,8
4243,Haram,42176,5,0,0,4,6,8,1,10,6,0,0,0,10
4244,Haram,12163,4,0,0,9,4,8,10,6,7,1,1,0,5
4245,Al Rehab,43051,5,1,0,9,9,8,9,10,3,1,1,0,10
4246,El Shorouk,38744,1,1,0,2,9,2,6,4,8,0,1,0,7
4247,Nasr City,10443,1,0,0,9,7,10,8,8,10,0,1,1,9
4248,6th of October,17324,3,1,0,5,9,8,4,6,3,0,1,0,4
4249,6th of October,25143,1,0,0,7,7,8,6,8,10,0,0,0,4
4250,Madinaty,44363,5,0,1,9,5,2,10,9,6,1,1,1,7
4251,Faisal,8920,5,1,0,3,8,7,4,3,2,1,1,0,8
4252,Zamalek,21375,1,1,1,9,3,9,6,8,6,1,1,0,4
4253,Dokki,41996,2,1,0,8,9,6,5,5,3,0,1,0,8
4254,Sheikh Zayed,15748,5,0,0,5,9,2,8,9,9,0,1,0,7
4255,Zamalek,32535,3,0,0,6,6,6,9,6,4,0,1,0,4
4256,Downtown Cairo,19715,2,0,0,7,8,3,2,7,10,1,0,1,8
4257,Mohandeseen,10450,1,0,1,4,10,3,8,4,6,0,1,0,6
4258,El Shorouk,29010,4,1,0,3,6,5,5,8,4,0,0,0,4
4259,Haram,4020,5,0,0,3,9,5,7,7,2,0,1,1,9
4260,Downtown Cairo,18717,4,1,0,5,3,8,6,9,5,1,0,0,5
4261,Helwan,46885,3,1,1,8,5,10,2,4,8,0,0,0,10
4262,Mokattam,13664,2,1,0,2,5,3,4,8,4,0,0,0,9
4263,Mokattam,5099,4,1,0,2,4,9,9,7,10,0,1,0,6
4264,Haram,27225,3,0,1,5,4,9,7,9,6,0,0,0,9
4265,New Capital,6637,4,0,1,10,9,9,7,9,7,1,1,0,7
4266,Haram,45349,4,1,0,6,4,10,4,5,8,0,0,0,8
4267,Shoubra,44512,3,0,0,2,10,10,10,8,6,0,1,0,4
4268,Zamalek,23797,5,1,0,4,9,8,3,5,3,0,1,0,5
4269,Al Rehab,44225,4,1,0,7,10,6,10,3,4,0,1,1,4
4270,Downtown Cairo,14807,3,1,0,4,5,8,5,10,10,0,1,1,6
4271,El Shorouk,21738,4,1,1,7,6,8,9,10,4,0,1,1,10
4272,Mohandeseen,10402,5,1,0,7,7,8,4,7,3,0,1,0,8
4273,New Capital,8521,3,1,1,6,5,9,10,3,9,1,1,0,9
4274,Heliopolis,12382,4,0,0,6,3,3,7,7,9,0,1,1,8
4275,New Cairo,49460,1,1,1,10,7,5,10,5,8,1,1,1,10
4276,El Obour,41121,5,0,0,4,5,10,2,3,3,0,0,0,5
4277,El Obour,19065,4,1,1,8,8,5,10,4,3,0,1,1,8
4278,Maadi,23934,2,1,0,5,9,3,9,10,4,1,1,0,10
4279,Nasr City,18425,3,0,0,3,5,8,10,8,2,0,1,1,5
4280,Helwan,17111,4,0,0,4,4,7,8,8,6,0,1,0,6
4281,Heliopolis,44799,5,1,1,4,6,5,4,9,4,0,0,0,10
4282,Maadi,19510,5,1,0,4,8,9,4,5,5,1,1,0,5
4283,Sheikh Zayed,41851,2,1,1,4,6,7,8,6,10,1,1,1,9
4284,Al Rehab,12816,2,1,0,7,7,9,10,5,8,0,1,0,7
4285,Mohandeseen,16317,4,1,1,7,5,5,7,5,8,0,1,0,7
4286,El Shorouk,6175,1,0,1,10,4,3,4,6,4,1,1,0,8
4287,Mohandeseen,15341,5,1,0,9,8,7,1,7,8,0,1,0,5
4288,Al Rehab,29654,1,1,0,8,10,10,7,10,10,1,1,0,5
4289,New Capital,25608,1,0,0,3,3,10,9,6,10,1,1,0,4
4290,Mohandeseen,21579,4,1,0,3,5,10,1,7,2,0,1,0,5
4291,Mohandeseen,34194,3,1,0,2,4,4,9,3,10,1,1,0,4
4292,Helwan,38837,3,1,0,8,10,4,8,10,4,0,0,0,9
4293,New Capital,7358,3,1,0,8,3,4,8,3,7,1,1,1,9
4294,New Capital,22822,2,1,0,2,3,6,7,3,3,1,1,1,6
4295,Shoubra,45576,5,0,0,7,10,6,5,6,5,1,0,0,9
4296,Mokattam,41012,2,1,0,8,7,6,7,7,4,1,1,0,4
4297,Al Rehab,23727,5,0,0,2,10,9,10,4,7,1,1,1,8
4298,Dokki,38579,5,1,1,7,6,9,10,9,2,0,1,0,7
4299,Shoubra,35018,5,0,0,10,6,9,7,5,5,0,0,0,8
4300,El Obour,20555,4,1,0,2,7,10,4,6,2,0,1,0,4
4301,Downtown Cairo,9906,3,0,0,3,5,7,5,3,2,0,1,0,10
4302,Shoubra,44751,2,0,0,3,9,3,7,4,5,0,0,0,4
4303,6th of October,8063,2,1,0,4,8,10,2,7,6,0,0,0,4
4304,New Cairo,47214,4,0,0,5,10,7,9,7,8,1,1,1,10
4305,Faisal,12644,5,0,0,8,4,2,2,7,9,0,0,1,9
4306,New Capital,46378,3,1,0,4,8,6,7,6,4,0,1,0,9
4307,Nasr City,12142,1,0,0,8,8,8,6,5,4,0,1,0,10
4308,Madinaty,35644,1,0,0,6,6,2,8,5,5,1,1,0,10
4309,Helwan,37521,4,0,1,6,8,8,8,4,7,0,1,0,8
4310,Downtown Cairo,15564,3,0,0,8,10,6,7,8,3,0,1,1,10
4311,Mohandeseen,43619,1,1,0,8,7,6,5,3,7,0,0,0,10
4312,Downtown Cairo,9104,1,1,0,8,6,3,3,8,7,0,1,0,10
4313,Mokattam,31299,2,1,1,10,6,5,4,8,3,0,1,0,5
4314,New Capital,17421,3,0,0,2,6,10,9,8,6,1,1,1,6
4315,Dokki,27211,1,1,0,2,5,3,6,3,8,0,1,1,8
4316,El Shorouk,15202,2,1,0,4,7,10,8,3,10,0,1,1,4
4317,Helwan,47871,3,0,1,7,6,9,8,9,4,0,0,1,5
4318,Helwan,46185,5,0,0,3,9,5,9,10,8,1,0,1,8
4319,Madinaty,45127,3,0,0,10,6,3,7,3,4,1,1,1,8
4320,Faisal,7685,4,0,0,2,7,7,10,9,3,0,1,0,8
4321,Mokattam,28661,2,0,0,6,3,8,6,4,5,1,1,0,4
4322,Al Rehab,46637,5,0,0,8,8,3,8,4,9,1,1,1,10
4323,Maadi,22366,2,1,0,4,5,9,10,10,6,0,0,0,5
4324,Haram,41712,2,1,1,3,10,10,4,7,9,0,1,1,8
4325,Dokki,28276,1,1,0,4,10,6,3,6,7,0,0,0,7
4326,El Shorouk,19410,3,1,1,8,5,7,9,5,2,0,1,0,6
4327,Maadi,13678,2,1,0,2,9,7,6,10,4,1,1,1,8
4328,New Capital,28575,2,0,0,9,8,3,7,10,9,1,1,0,4
4329,Haram,45401,4,0,0,4,4,2,4,8,5,1,1,0,5
4330,Heliopolis,45230,4,1,0,6,4,6,6,4,3,0,0,0,6
4331,Madinaty,17888,4,1,1,6,8,7,7,8,9,1,1,0,7
4332,New Capital,20727,2,1,0,7,3,2,7,9,6,1,1,1,10
4333,Downtown Cairo,7081,5,1,1,8,9,9,3,5,2,1,0,0,4
4334,Nasr City,27021,3,0,0,2,4,6,5,7,9,0,1,0,7
4335,New Capital,13449,2,0,0,7,6,6,9,7,10,0,1,0,10
4336,New Cairo,19657,1,1,0,3,6,9,8,8,9,1,1,0,9
4337,Nasr City,39059,5,1,1,4,8,9,4,4,2,0,1,0,6
4338,Mohandeseen,5532,5,0,0,6,4,10,6,10,7,0,0,1,4
4339,Mohandeseen,41130,3,1,1,2,10,5,1,3,7,0,1,0,8
4340,Mohandeseen,20015,5,0,1,8,8,4,6,6,8,0,1,0,8
4341,El Shorouk,41756,3,1,0,2,5,3,5,5,2,0,0,0,5
4342,Mohandeseen,10344,5,0,1,9,3,2,2,5,9,1,1,0,10
4343,Al Rehab,45198,3,1,0,7,6,6,9,9,5,0,1,0,7
4344,Mokattam,13106,4,1,1,2,3,7,5,7,5,0,1,0,5
4345,Mohandeseen,38206,4,1,1,8,4,9,1,5,5,0,0,0,4
4346,Madinaty,13652,5,1,0,4,7,7,9,3,7,1,1,0,4
4347,Dokki,28550,5,1,0,8,8,3,7,4,7,1,1,0,9
4348,Helwan,10389,3,1,1,9,8,9,9,10,7,0,0,0,10
4349,Sheikh Zayed,26361,3,1,0,4,10,6,9,6,3,1,1,0,9
4350,El Obour,39847,2,0,0,6,9,4,6,9,6,0,1,0,9
4351,Sheikh Zayed,43063,4,0,0,3,3,7,9,6,3,1,1,1,7
4352,Nasr City,17703,2,0,0,3,3,7,1,9,7,0,1,0,4
4353,Sheikh Zayed,22642,2,1,1,2,4,4,9,3,8,1,1,1,7
4354,Haram,45326,1,1,0,4,9,8,5,5,7,0,0,1,8
4355,Heliopolis,40509,3,0,1,5,4,8,2,9,4,0,1,1,4
4356,Maadi,17881,1,1,0,4,6,8,5,10,6,0,1,0,6
4357,Al Rehab,19414,1,1,0,9,10,9,9,10,10,1,1,1,7
4358,Mokattam,18329,2,1,0,2,9,8,7,3,7,0,0,1,7
4359,Nasr City,26831,1,1,1,6,7,5,10,6,4,0,1,0,4
4360,Heliopolis,45091,3,0,0,8,9,6,8,3,10,0,0,1,7
4361,Madinaty,11588,2,0,0,10,7,5,9,6,6,1,1,1,5
4362,Mohandeseen,4903,3,1,1,2,3,3,1,5,2,0,1,0,6
4363,Mokattam,48416,5,0,1,10,7,8,8,8,4,1,0,0,5
4364,New Cairo,46723,1,1,1,10,4,4,8,6,4,1,1,0,6
4365,El Shorouk,39572,2,1,1,5,8,2,8,10,3,0,0,0,8
4366,Shoubra,21610,4,1,1,6,9,2,7,10,3,0,0,1,10
4367,Helwan,38052,3,1,1,7,4,10,9,3,10,0,1,0,8
4368,Zamalek,37457,1,1,0,5,4,4,7,7,4,0,1,0,4
4369,Madinaty,25527,3,0,0,7,10,8,10,6,5,0,1,0,7
4370,Madinaty,41550,3,1,0,6,9,10,8,7,7,1,1,1,6
4371,Maadi,33011,5,1,1,4,3,8,7,7,10,0,1,0,8
4372,6th of October,41275,3,0,0,4,5,9,2,7,2,0,1,0,4
4373,El Obour,38764,5,1,1,10,4,7,3,3,4,0,0,0,8
4374,Shoubra,36004,5,0,0,6,7,4,3,3,4,0,1,0,6
4375,Haram,28064,5,0,1,4,10,2,9,5,7,0,1,0,7
4376,Faisal,32702,1,1,0,9,9,9,2,6,10,0,1,1,6
4377,El Shorouk,24165,3,1,1,9,10,7,4,8,10,0,1,0,5
4378,Mohandeseen,12631,3,1,0,4,7,3,8,10,6,0,1,0,8
4379,Helwan,25852,5,1,1,8,4,9,1,4,10,0,1,0,8
4380,Downtown Cairo,8507,3,1,0,10,10,5,9,8,7,0,1,0,6
4381,Madinaty,4527,3,1,0,4,8,10,10,7,6,1,1,1,10
4382,Downtown Cairo,32981,5,0,0,9,5,10,4,10,9,0,1,0,6
4383,Downtown Cairo,39764,4,0,0,2,3,10,5,6,8,0,1,1,8
4384,Dokki,40235,4,0,0,4,4,5,7,7,8,0,1,0,10
4385,El Obour,37471,5,0,1,5,3,7,8,8,5,0,0,1,4
4386,Helwan,4662,1,1,0,4,9,5,5,5,2,0,0,0,10
4387,6th of October,28940,3,1,0,10,9,6,7,3,6,1,0,1,6
4388,Mohandeseen,45882,3,0,0,6,5,8,3,8,10,0,1,1,10
4389,New Capital,10256,4,1,0,4,4,8,10,8,9,0,1,1,10
4390,Haram,32432,5,1,1,4,8,7,2,4,5,0,0,0,6
4391,El Obour,12367,1,0,0,3,10,5,10,8,10,0,1,0,4
4392,Shoubra,42065,5,1,1,7,4,6,3,9,7,0,1,0,9
4393,6th of October,29511,4,0,1,10,4,6,6,3,8,1,1,0,10
4394,El Shorouk,12573,4,1,1,8,6,10,10,5,9,0,1,0,5
4395,El Shorouk,19582,3,1,0,3,10,7,1,10,2,0,0,0,4
4396,Heliopolis,9378,2,1,1,10,9,5,3,5,5,0,1,0,9
4397,Faisal,17500,1,1,0,4,4,7,3,10,7,0,1,0,10
4398,Dokki,4305,1,1,0,8,4,8,2,7,5,0,1,0,10
4399,New Cairo,25881,2,1,0,8,8,8,7,9,4,1,1,1,6
4400,Shoubra,8697,4,0,0,5,5,4,1,10,6,0,1,0,7
4401,Haram,11222,5,0,1,5,5,7,1,3,5,0,1,0,8
4402,Shoubra,11933,1,1,0,3,6,8,8,3,6,0,1,0,10
4403,Dokki,21849,2,0,1,3,4,2,6,4,3,0,0,0,6
4404,Sheikh Zayed,28236,3,0,0,3,7,5,8,6,4,1,1,0,6
4405,Mohandeseen,48231,3,1,1,6,3,8,3,9,9,0,1,1,7
4406,El Obour,37170,4,1,0,4,10,2,7,5,9,0,1,0,7
4407,El Obour,16901,1,1,1,8,10,9,6,7,9,0,1,0,5
4408,Helwan,10940,5,1,1,8,8,7,9,8,4,0,1,1,4
4409,Helwan,23054,1,1,0,7,10,7,9,4,2,0,1,0,8
4410,Nasr City,44863,3,1,0,9,10,4,9,8,3,0,1,1,7
4411,Heliopolis,47610,1,1,1,5,4,7,7,3,4,0,1,0,10
4412,Faisal,8544,3,1,0,10,8,5,9,7,3,0,0,0,4
4413,El Obour,29318,2,1,0,6,9,10,7,10,4,0,0,1,5
4414,Mokattam,10074,2,1,1,5,6,5,9,5,8,1,1,0,10
4415,Sheikh Zayed,43618,3,1,0,4,7,7,7,5,6,1,1,1,7
4416,Dokki,37518,5,1,0,10,5,7,2,6,6,1,1,0,4
4417,Mohandeseen,29444,5,0,0,5,3,2,7,10,3,1,1,1,10
4418,El Obour,24446,1,0,0,10,6,5,10,3,10,0,1,0,5
4419,Heliopolis,32543,3,1,0,2,5,10,6,9,10,1,0,1,8
4420,Heliopolis,28789,4,1,1,6,9,7,6,9,2,0,0,0,4
4421,New Cairo,5617,5,1,1,2,4,5,8,5,9,1,1,0,4
4422,New Cairo,39298,5,0,0,10,6,8,7,7,9,0,1,1,7
4423,El Obour,7333,2,1,0,8,4,8,7,7,10,1,0,0,5
4424,Maadi,44002,5,1,0,10,10,6,2,10,3,1,1,1,6
4425,Shoubra,26152,5,1,1,6,6,5,8,7,7,1,0,0,7
4426,Heliopolis,28091,5,0,0,10,6,5,10,3,3,1,0,0,6
4427,Mohandeseen,4511,3,0,1,5,10,8,7,9,2,0,1,0,9
4428,Mohandeseen,41850,3,1,0,4,4,7,2,9,8,1,1,0,9
4429,Heliopolis,20636,2,1,0,3,10,5,2,10,4,0,1,0,4
4430,Mokattam,24517,1,1,0,5,6,4,10,3,9,0,1,0,10
4431,New Cairo,35786,5,1,0,4,9,3,9,9,4,1,1,0,9
4432,Madinaty,12820,1,1,0,10,8,5,10,5,3,0,1,0,9
4433,New Cairo,40244,3,1,1,9,5,8,7,6,9,1,1,0,5
4434,El Shorouk,13178,5,1,1,2,9,3,1,9,9,0,0,0,6
4435,Helwan,5725,1,1,1,3,10,10,9,6,2,0,0,1,4
4436,Nasr City,22477,1,0,0,4,8,10,8,9,2,0,1,0,9
4437,New Capital,38469,4,1,0,7,8,7,10,10,4,0,1,1,4
4438,6th of October,12496,3,1,0,6,10,10,8,10,5,0,1,0,10
4439,New Capital,16270,2,0,0,6,5,2,9,6,9,0,1,1,6
4440,Dokki,14472,2,1,0,7,10,7,8,4,9,0,0,0,5
4441,Sheikh Zayed,24724,4,1,0,9,3,4,9,8,9,1,1,0,8
4442,El Obour,34416,1,1,1,2,3,7,4,3,8,1,1,0,9
4443,El Obour,39575,4,1,0,6,10,6,10,3,2,0,0,0,4
4444,Madinaty,19654,4,0,1,7,6,6,9,5,2,0,1,0,8
4445,Haram,15078,3,1,1,7,5,2,3,8,6,0,1,0,4
4446,Helwan,32030,5,0,0,10,8,6,10,10,6,1,1,0,8
4447,New Capital,11572,1,1,1,8,4,7,9,7,6,0,1,0,4
4448,New Capital,21408,2,0,0,5,10,2,10,3,2,1,1,1,8
4449,El Obour,23359,2,1,0,8,10,8,10,10,4,0,0,0,4
4450,Helwan,12698,4,1,0,8,6,2,8,6,2,1,1,0,5
4451,Sheikh Zayed,8856,4,0,0,7,8,8,7,4,3,0,1,1,6
4452,Zamalek,31527,4,1,0,9,10,10,8,10,9,0,1,0,9
4453,Zamalek,43492,1,1,0,9,9,8,8,7,5,1,1,0,4
4454,Downtown Cairo,13245,4,0,1,7,4,6,10,7,5,1,0,0,4
4455,El Obour,47634,4,0,1,3,7,4,6,4,6,0,0,0,10
4456,Helwan,46864,5,1,0,6,3,8,8,9,3,1,1,0,5
4457,Mohandeseen,32946,1,0,0,2,6,7,2,4,10,0,1,0,8
4458,Haram,41355,3,1,0,10,6,9,7,3,10,0,0,0,9
4459,El Obour,41690,3,0,0,5,4,9,3,4,4,0,0,0,4
4460,Mokattam,41814,5,1,0,2,9,7,8,5,2,0,1,0,10
4461,Mohandeseen,35645,2,0,0,4,3,8,5,7,3,1,0,0,7
4462,Mohandeseen,23278,3,0,0,3,10,4,5,10,9,0,1,1,8
4463,Downtown Cairo,11203,1,0,0,10,4,5,3,7,9,1,0,0,6
4464,El Obour,25658,2,1,0,8,10,8,1,6,3,1,1,0,6
4465,Dokki,46596,4,1,0,7,4,7,2,3,6,0,1,0,4
4466,Nasr City,19797,1,0,0,5,3,4,2,9,10,0,1,0,5
4467,Helwan,36806,2,1,1,5,9,8,7,6,5,0,0,1,8
4468,Shoubra,34958,3,1,1,8,9,4,2,3,2,0,1,0,6
4469,Maadi,10265,4,0,0,9,7,9,7,10,2,0,0,0,6
4470,Haram,10598,4,0,0,5,5,8,1,3,7,0,1,0,4
4471,Helwan,39183,1,0,0,8,8,5,2,9,8,0,1,0,4
4472,Dokki,21142,4,0,0,4,5,2,7,8,10,0,0,0,6
4473,El Obour,30998,2,1,1,10,10,7,7,9,7,1,1,0,10
4474,Haram,29890,5,1,0,4,7,6,2,8,6,0,1,1,7
4475,Mokattam,32878,3,1,1,4,3,10,10,3,6,0,1,0,10
4476,Haram,18306,1,1,0,3,6,7,7,9,4,1,1,1,7
4477,El Obour,15885,5,0,1,4,3,2,9,5,5,1,0,0,5
4478,Al Rehab,48145,5,0,0,9,8,4,9,4,4,1,1,0,10
4479,Shoubra,47826,1,1,0,3,4,3,6,9,10,0,0,0,5
4480,Helwan,11443,2,1,0,2,8,4,4,8,8,0,1,0,5
4481,Mohandeseen,35839,3,0,1,6,10,2,3,4,2,0,0,0,4
4482,Faisal,21084,1,0,0,9,3,3,8,8,6,0,1,0,10
4483,New Capital,27911,5,1,0,7,5,9,10,5,2,0,1,0,5
4484,Downtown Cairo,8383,5,1,1,3,6,4,5,6,5,0,1,0,9
4485,6th of October,30777,1,1,0,10,8,10,3,3,2,0,0,0,6
4486,New Capital,38361,5,0,0,5,7,5,10,5,10,1,1,1,9
4487,Madinaty,18758,1,0,1,4,3,3,7,6,10,0,1,1,5
4488,El Shorouk,33521,1,1,0,5,6,8,3,4,5,0,1,0,6
4489,New Capital,24529,3,0,0,4,8,10,7,10,2,0,1,0,4
4490,Zamalek,27091,1,1,0,9,10,6,7,10,7,0,1,0,4
4491,New Capital,43794,5,1,0,2,6,2,10,7,6,0,1,1,7
4492,6th of October,35381,4,0,0,2,5,10,1,10,5,1,1,1,10
4493,Downtown Cairo,39380,3,1,0,10,4,10,4,9,3,0,1,0,9
4494,Zamalek,34932,5,0,0,8,9,8,10,3,7,0,1,0,6
4495,El Shorouk,48097,5,1,0,10,6,2,8,3,8,0,1,0,9
4496,New Cairo,5908,3,1,1,4,6,5,9,3,2,1,1,1,7
4497,Al Rehab,43722,3,0,1,4,3,2,8,8,4,0,1,0,10
4498,Maadi,34358,5,1,1,3,7,4,1,4,8,0,1,0,8
4499,Shoubra,34412,4,0,0,3,3,8,4,3,7,0,0,1,8
4500,6th of October,22174,2,0,1,10,5,2,6,3,3,0,1,1,6
4501,Downtown Cairo,19496,5,0,0,3,6,9,4,8,9,0,1,0,7
4502,El Shorouk,6928,3,0,0,5,4,5,9,8,7,0,0,0,4
4503,Zamalek,34632,1,1,0,5,6,5,2,4,2,0,1,0,4
4504,El Obour,36309,1,0,1,10,4,2,6,8,8,1,0,0,6
4505,Mokattam,13280,3,1,0,4,9,6,7,8,10,1,1,1,10
4506,Mohandeseen,44449,3,1,0,3,4,9,4,8,9,0,1,0,4
4507,Mohandeseen,25635,2,0,1,4,9,9,5,5,8,1,1,0,10
4508,El Shorouk,30957,3,0,1,10,8,8,5,8,9,0,1,0,7
4509,Zamalek,40895,1,0,0,6,8,8,2,6,9,0,1,0,7
4510,Al Rehab,8963,4,0,0,6,9,9,10,10,5,1,1,0,5
4511,Mohandeseen,31521,3,0,0,8,4,9,10,7,6,1,1,0,5
4512,Madinaty,36615,2,1,0,2,10,2,8,6,6,1,1,0,10
4513,Faisal,48529,4,0,1,6,7,3,5,10,9,1,1,0,4
4514,Al Rehab,25695,2,1,1,10,3,9,10,9,10,1,1,0,9
4515,Dokki,13357,4,0,0,7,9,2,10,4,9,0,1,1,5
4516,Al Rehab,29176,3,0,0,9,8,10,10,4,3,1,1,0,9
4517,Helwan,22409,1,0,0,9,9,10,7,6,8,1,1,0,5
4518,Zamalek,4987,4,0,0,2,5,3,6,8,4,0,1,0,6
4519,Mohandeseen,5965,5,0,0,9,8,7,8,4,3,0,1,0,8
4520,Heliopolis,44084,2,1,0,7,7,5,1,7,3,0,1,0,4
4521,Haram,35318,4,1,0,5,10,8,10,3,3,1,0,0,5
4522,Heliopolis,30015,2,0,0,4,7,3,2,5,4,0,1,0,8
4523,Nasr City,33191,1,1,1,6,4,2,2,7,5,0,0,0,6
4524,El Obour,4868,2,0,0,6,7,10,2,8,7,0,1,1,8
4525,Faisal,41146,2,0,0,8,5,10,3,4,2,0,0,0,4
4526,Mohandeseen,33032,5,1,0,10,5,10,6,5,9,0,1,1,9
4527,6th of October,32305,2,1,0,2,9,6,3,10,9,1,1,0,9
4528,Helwan,26640,4,1,1,10,6,4,7,9,5,1,1,0,10
4529,New Cairo,22318,2,0,0,4,7,7,7,8,2,1,1,1,5
4530,Faisal,17246,3,1,1,7,8,2,6,6,7,1,0,0,10
4531,Al Rehab,37844,2,1,0,7,6,9,10,3,8,0,1,1,5
4532,Helwan,36602,3,1,0,5,8,5,2,9,2,0,0,0,9
4533,Faisal,25584,2,1,0,3,5,3,3,6,9,1,1,0,10
4534,Maadi,19169,2,1,1,6,9,5,8,5,5,0,1,0,9
4535,Mohandeseen,29968,4,1,1,4,9,2,9,3,2,0,1,0,6
4536,Faisal,10385,3,1,0,5,7,9,2,6,10,0,1,0,10
4537,Dokki,12222,3,0,0,7,4,7,7,5,9,1,1,0,9
4538,Helwan,29444,5,1,0,8,4,2,1,3,10,0,1,0,8
4539,Heliopolis,42248,2,0,1,3,10,2,4,4,5,0,0,0,10
4540,Faisal,44545,2,1,0,4,7,3,6,10,9,0,1,0,10
4541,Heliopolis,9362,4,1,0,8,8,8,7,3,9,0,1,1,7
4542,Maadi,37718,5,1,1,6,10,3,3,9,3,0,1,0,10
4543,Heliopolis,12250,5,1,0,5,6,4,3,8,9,0,0,0,10
4544,Nasr City,6818,4,1,1,5,10,10,5,5,7,0,0,0,5
4545,Faisal,40368,3,0,1,10,6,2,3,10,4,0,1,0,7
4546,New Capital,48109,1,1,1,10,9,10,7,7,9,1,1,0,10
4547,Sheikh Zayed,19053,4,1,1,8,4,7,8,9,2,1,1,0,7
4548,Helwan,31426,3,0,0,2,10,10,10,5,3,0,1,0,5
4549,Al Rehab,43023,5,0,0,2,10,9,8,7,8,0,1,1,7
4550,Sheikh Zayed,28892,4,1,0,4,6,8,8,10,9,1,1,1,8
4551,El Obour,47675,1,0,1,4,4,8,3,10,10,0,1,0,5
4552,New Capital,33361,2,0,0,8,3,7,7,6,2,0,1,0,7
4553,Helwan,20007,4,0,0,3,4,9,3,8,10,0,0,0,4
4554,6th of October,18241,1,0,1,9,9,10,5,4,3,1,1,0,10
4555,Sheikh Zayed,48858,1,1,1,2,3,9,8,10,9,1,1,0,4
4556,Mokattam,49073,4,1,0,9,7,10,10,9,8,0,1,1,4
4557,Faisal,27902,3,1,0,10,3,6,4,3,7,0,1,1,8
4558,New Cairo,28506,4,0,0,6,5,4,9,5,7,1,1,1,9
4559,Mokattam,21562,5,1,0,5,8,5,5,4,4,1,1,0,8
4560,Mohandeseen,24239,1,1,0,7,6,5,4,7,6,1,0,0,10
4561,Zamalek,17065,1,1,0,7,3,10,4,9,3,1,1,0,7
4562,Madinaty,49415,2,1,0,9,5,10,9,10,6,0,1,0,7
4563,Haram,45291,1,0,0,9,9,2,5,9,4,0,0,0,6
4564,Shoubra,42805,2,1,0,2,5,6,9,7,10,0,1,0,9
4565,Mohandeseen,37295,1,1,1,10,6,3,9,5,2,0,1,1,10
4566,Zamalek,22443,1,1,0,2,4,6,4,8,4,1,1,0,7
4567,El Shorouk,13290,4,1,0,4,5,6,9,7,2,0,0,1,5
4568,Mohandeseen,4211,4,0,0,8,8,4,8,9,10,1,1,0,5
4569,Shoubra,22098,5,1,1,6,3,5,5,4,6,1,1,0,8
4570,Haram,23072,3,1,1,7,6,8,8,4,8,1,1,0,8
4571,Sheikh Zayed,47290,5,0,0,9,3,5,7,4,4,0,1,0,8
4572,Heliopolis,23650,1,1,1,5,4,4,2,5,10,0,1,0,10
4573,El Shorouk,19115,5,0,0,5,6,5,10,9,2,1,1,0,10
4574,6th of October,9149,4,0,0,9,5,3,8,7,2,1,1,0,8
4575,Downtown Cairo,45992,1,0,0,4,3,2,9,10,5,0,1,0,9
4576,Shoubra,21716,1,0,0,7,8,6,2,10,7,0,1,0,4
4577,El Shorouk,36188,5,0,0,5,9,10,2,7,10,0,0,0,4
4578,Mokattam,17621,2,1,0,7,3,10,10,6,10,0,1,0,10
4579,El Obour,10820,3,0,0,5,8,2,9,10,3,1,1,0,7
4580,Maadi,46800,5,1,0,3,5,2,1,3,6,0,0,0,4
4581,New Cairo,34399,5,1,0,4,9,9,8,3,6,1,1,1,9
4582,Madinaty,18002,3,0,0,9,10,8,9,7,3,1,1,0,6
4583,6th of October,47098,1,1,0,2,5,8,6,8,10,1,1,0,4
4584,New Capital,49511,1,1,1,7,4,10,7,7,10,1,1,1,8
4585,Mohandeseen,32750,2,1,1,10,4,6,3,4,5,0,0,0,7
4586,Madinaty,30074,5,1,0,2,9,9,7,5,4,1,1,1,5
4587,Faisal,21310,3,1,0,5,5,8,2,7,6,0,1,0,10
4588,New Cairo,21006,5,1,0,8,9,3,7,10,6,1,1,1,6
4589,Nasr City,13671,4,0,1,7,6,3,10,10,8,1,1,0,9
4590,New Cairo,48345,5,1,0,7,5,5,9,6,9,1,1,0,6
4591,Shoubra,31894,5,1,0,10,10,2,2,6,6,1,1,0,9
4592,Helwan,30193,4,1,0,9,5,6,6,8,9,0,0,0,5
4593,Downtown Cairo,14222,4,0,0,6,10,6,3,9,2,0,1,0,10
4594,New Cairo,27786,3,1,1,3,9,2,9,7,10,1,1,0,5
4595,El Shorouk,35509,1,0,0,4,10,6,9,3,4,0,1,1,8
4596,6th of October,4386,2,1,1,4,7,5,1,5,8,0,1,0,4
4597,El Shorouk,5634,4,1,1,5,9,6,9,6,3,0,1,0,4
4598,Downtown Cairo,44878,1,1,1,3,6,5,2,7,3,0,0,0,6
4599,Maadi,8133,3,1,1,9,6,10,2,9,6,1,0,1,4
4600,Haram,46144,5,1,0,9,8,10,5,10,8,0,1,0,4
4601,New Capital,42349,3,1,0,9,4,4,7,7,10,1,1,1,10
4602,El Shorouk,38735,3,1,0,6,4,4,8,10,4,1,1,0,5
4603,Sheikh Zayed,25952,4,1,0,7,4,4,10,9,4,1,1,1,5
4604,Shoubra,28816,2,1,0,7,3,8,5,4,5,1,1,0,5
4605,Shoubra,25529,4,0,0,8,6,2,10,10,9,0,0,0,5
4606,Zamalek,9767,5,0,0,2,7,5,8,6,3,0,1,0,4
4607,Maadi,45521,4,1,0,4,4,10,2,4,7,0,0,1,9
4608,New Cairo,22383,5,0,0,4,4,9,10,5,9,1,1,0,9
4609,New Capital,8901,4,1,1,8,4,4,10,5,10,1,1,0,5
4610,Helwan,46889,2,0,1,7,4,9,10,8,3,0,1,0,5
4611,New Capital,18633,1,1,1,10,4,7,8,6,8,0,1,0,9
4612,Zamalek,23163,2,0,0,10,3,4,7,4,4,0,1,0,7
4613,New Capital,14707,4,1,0,10,7,10,9,8,4,0,1,1,9
4614,Heliopolis,26576,3,0,0,5,6,8,2,8,6,0,1,0,9
4615,Downtown Cairo,22061,1,1,0,4,7,9,1,3,9,0,1,0,8
4616,Mokattam,49101,3,1,0,5,5,3,8,4,6,0,1,0,9
4617,New Capital,48706,2,1,1,4,8,4,10,6,9,1,1,1,10
4618,Downtown Cairo,15548,1,1,0,8,6,8,9,6,5,1,1,0,9
4619,Mokattam,19115,4,1,0,4,4,3,7,10,8,1,1,0,7
4620,Nasr City,13843,3,1,1,2,5,7,5,4,6,0,1,0,4
4621,Heliopolis,40945,4,0,1,9,8,8,1,7,4,0,1,0,5
4622,Helwan,43979,5,0,1,7,5,7,4,7,6,0,1,0,10
4623,Al Rehab,44641,1,0,0,6,9,6,9,3,10,1,1,1,4
4624,Shoubra,7841,3,0,1,9,10,10,7,8,8,1,1,1,6
4625,El Shorouk,10416,2,1,0,9,5,4,1,9,9,0,1,0,4
4626,Downtown Cairo,14633,2,1,0,4,5,6,10,8,10,1,0,1,7
4627,Sheikh Zayed,41653,2,1,0,4,4,6,7,9,2,1,1,1,7
4628,Haram,4594,2,1,0,8,10,9,5,3,8,0,1,0,8
4629,New Cairo,18393,3,0,1,4,10,9,10,10,9,0,1,1,10
4630,Mohandeseen,39380,5,0,1,10,9,2,5,3,9,1,1,1,5
4631,New Cairo,49056,2,1,0,9,8,7,7,6,10,1,1,1,7
4632,Mohandeseen,26743,2,0,0,9,10,7,5,6,7,0,1,1,7
4633,Haram,35971,2,1,0,10,5,3,9,7,8,0,0,1,4
4634,Madinaty,8861,5,0,0,9,7,6,8,4,9,1,1,1,6
4635,New Capital,41534,1,1,0,5,4,7,8,5,10,1,1,1,10
4636,Helwan,40126,2,1,0,8,5,4,2,10,3,0,1,0,5
4637,Mohandeseen,18846,2,1,0,7,10,2,3,4,5,0,0,1,8
4638,Al Rehab,30177,2,1,1,2,5,10,9,8,5,1,1,0,9
4639,Nasr City,37682,1,0,0,6,9,3,10,7,5,1,0,0,10
4640,El Obour,22228,2,0,1,3,7,5,1,7,2,1,0,0,8
4641,Nasr City,38763,1,0,0,10,8,10,9,7,3,1,1,0,6
4642,El Obour,28009,1,0,0,4,3,10,2,7,10,0,1,0,9
4643,Heliopolis,4094,4,1,1,8,3,9,2,6,9,0,0,0,9
4644,Nasr City,45452,4,1,0,3,7,5,8,3,2,0,0,1,6
4645,6th of October,19100,2,0,1,8,8,2,10,3,9,1,1,0,10
4646,Shoubra,36917,3,1,1,5,3,8,9,4,4,0,1,0,8
4647,Maadi,21430,4,1,0,7,6,3,1,4,5,0,0,1,9
4648,Zamalek,39571,4,1,0,10,8,9,2,9,9,0,1,0,9
4649,Mohandeseen,28974,3,1,1,9,6,3,10,8,9,0,1,0,9
4650,Faisal,35129,5,1,0,10,8,4,5,7,4,0,1,1,10
4651,Al Rehab,24860,2,1,0,6,6,7,10,7,5,1,1,1,6
4652,El Shorouk,11276,5,1,1,6,9,5,10,5,4,0,0,0,7
4653,El Shorouk,4551,5,1,0,5,3,3,5,3,9,1,0,1,9
4654,Dokki,12486,1,0,0,10,6,2,7,9,9,0,1,0,10
4655,El Obour,21527,1,0,0,9,6,4,6,9,9,1,1,0,10
4656,Mohandeseen,13745,2,1,0,7,3,5,6,7,2,0,1,0,7
4657,6th of October,45128,3,0,0,7,7,10,2,8,6,0,1,0,10
4658,Dokki,16997,1,1,0,7,8,10,10,4,2,0,1,0,4
4659,Downtown Cairo,22330,4,1,0,7,4,6,8,4,10,0,1,0,4
4660,Maadi,44078,2,0,0,8,6,6,6,9,8,0,0,1,4
4661,New Capital,42585,5,0,1,7,8,8,7,4,2,0,1,0,6
4662,El Shorouk,28829,2,1,0,9,3,9,7,9,10,0,1,0,8
4663,Zamalek,47336,1,0,1,8,4,4,9,10,7,0,0,0,5
4664,Mohandeseen,12070,3,0,0,3,4,6,7,5,10,0,1,0,10
4665,Nasr City,5320,5,1,1,5,8,8,6,7,8,0,0,0,7
4666,Downtown Cairo,27507,3,0,0,8,5,3,2,7,8,0,0,0,8
4667,Zamalek,42921,2,1,0,3,4,10,3,8,8,0,1,0,8
4668,Zamalek,10589,3,0,1,5,6,4,7,7,9,0,1,1,8
4669,Madinaty,31459,3,1,0,3,7,8,9,8,2,1,1,1,8
4670,Madinaty,19589,2,1,1,3,8,10,10,10,5,0,1,1,6
4671,Downtown Cairo,40375,5,1,0,8,6,10,3,5,8,0,1,0,7
4672,Helwan,47085,3,1,1,3,5,4,5,7,10,0,1,0,8
4673,Heliopolis,47200,3,1,0,5,4,3,3,8,3,1,1,0,5
4674,New Cairo,37168,2,0,0,8,8,6,8,10,7,1,1,0,8
4675,El Obour,30732,4,1,0,7,5,6,7,3,3,0,0,0,10
4676,Shoubra,35511,3,0,0,5,6,9,2,7,5,1,1,1,6
4677,Mohandeseen,26426,1,1,0,10,6,7,10,10,8,1,1,0,9
4678,Downtown Cairo,34982,5,1,0,6,10,8,10,9,3,0,1,0,9
4679,Helwan,20746,3,1,1,3,6,9,3,7,10,0,1,0,10
4680,Helwan,32514,2,0,0,8,7,10,3,10,7,0,1,0,9
4681,El Obour,7851,1,0,1,3,6,5,9,4,9,0,1,0,6
4682,Helwan,23796,2,1,1,9,9,6,7,7,10,1,1,0,5
4683,Heliopolis,14498,3,1,0,8,6,5,3,9,10,0,1,0,5
4684,Helwan,36852,1,1,0,10,4,10,1,9,4,0,0,0,4
4685,Shoubra,38592,5,1,0,7,8,3,4,6,10,0,1,1,10
4686,Mokattam,48845,5,0,0,8,8,9,5,5,5,0,1,0,4
4687,El Obour,19930,5,1,1,10,8,8,9,4,9,0,1,0,4
4688,Heliopolis,49317,4,0,0,8,7,8,4,10,7,0,0,0,7
4689,New Cairo,46881,2,0,0,10,8,9,8,10,2,0,1,0,4
4690,Mokattam,45590,3,0,0,9,4,2,2,9,9,1,0,0,8
4691,Mokattam,25159,1,1,0,6,5,2,1,5,5,0,1,0,4
4692,Downtown Cairo,33536,2,0,0,8,3,8,5,6,2,0,1,0,6
4693,Mohandeseen,28252,3,1,0,8,10,3,3,4,5,0,1,0,5
4694,Downtown Cairo,28003,4,0,1,2,9,5,9,8,4,0,1,0,10
4695,El Obour,44186,3,0,0,5,8,7,3,8,3,1,1,0,9
4696,Helwan,39139,2,1,0,6,4,6,3,8,9,0,1,1,10
4697,New Cairo,43836,3,0,1,7,8,6,8,4,7,1,1,0,6
4698,Heliopolis,26205,1,1,0,8,7,7,3,6,9,0,1,1,5
4699,Nasr City,34523,4,1,0,6,4,8,9,6,9,0,1,0,6
4700,Helwan,48627,1,0,0,3,9,3,7,3,6,1,0,1,8
4701,Maadi,11464,4,1,0,6,9,5,2,9,3,0,1,0,6
4702,Downtown Cairo,21110,4,1,0,6,3,8,3,4,6,0,1,0,5
4703,Nasr City,11121,3,1,0,8,4,6,8,5,7,0,1,0,7
4704,New Capital,13840,1,1,0,4,8,10,7,10,9,1,1,0,10
4705,Heliopolis,41080,4,1,0,2,8,7,8,7,3,0,1,1,5
4706,Heliopolis,44768,4,0,0,7,3,5,10,6,8,1,0,0,10
4707,Haram,13461,3,0,0,8,7,5,1,3,10,1,0,0,5
4708,Haram,24927,2,1,1,9,4,4,1,6,10,1,1,1,5
4709,Sheikh Zayed,28398,2,0,1,8,9,7,7,8,5,1,1,1,10
4710,Helwan,37086,5,0,1,8,7,9,8,9,7,0,1,1,5
4711,Mokattam,19329,5,1,0,8,7,2,2,5,7,0,1,1,6
4712,Mokattam,19791,4,1,0,2,5,3,8,7,8,0,0,1,4
4713,El Obour,18372,2,0,0,10,5,5,1,7,8,1,1,0,7
4714,Dokki,31354,4,0,1,10,4,8,5,6,3,0,1,0,4
4715,El Shorouk,48018,1,1,0,8,4,3,10,7,6,0,0,1,6
4716,Downtown Cairo,25537,2,0,1,10,8,9,5,8,2,0,1,0,7
4717,Faisal,38370,2,1,1,5,8,4,8,10,3,0,0,0,5
4718,Al Rehab,29405,2,1,0,8,10,3,7,8,7,1,1,0,9
4719,Downtown Cairo,45815,5,1,0,3,7,8,10,7,6,1,1,0,10
4720,El Shorouk,27703,3,1,0,7,5,10,4,5,9,0,0,0,6
4721,New Cairo,19234,3,0,0,3,10,5,9,8,2,1,1,0,4
4722,Helwan,11532,5,0,0,4,10,3,6,6,10,0,1,0,4
4723,New Cairo,44134,5,1,0,2,10,10,10,9,5,1,1,1,7
4724,Faisal,39416,5,1,0,8,4,6,2,3,2,0,1,1,9
4725,New Capital,10903,3,0,0,3,9,8,9,8,6,0,1,0,5
4726,Sheikh Zayed,22242,4,0,1,4,4,6,10,3,10,1,1,0,9
4727,New Cairo,17788,5,1,1,2,9,6,9,4,8,1,1,1,7
4728,Shoubra,39249,4,0,1,4,4,7,2,5,4,0,1,0,7
4729,El Shorouk,38588,4,0,0,5,5,6,3,6,9,1,0,0,4
4730,Mohandeseen,33513,1,1,0,8,4,9,9,7,3,0,0,0,10
4731,Helwan,47039,3,0,0,7,7,5,8,9,5,1,1,0,5
4732,Dokki,23542,4,0,0,2,4,4,10,5,8,0,0,0,10
4733,Al Rehab,36294,3,1,0,5,9,4,7,6,5,1,1,0,8
4734,Haram,7684,3,1,0,10,6,3,5,6,10,0,1,0,9
4735,Zamalek,27795,1,0,0,4,8,9,2,5,4,0,1,1,9
4736,New Cairo,7651,3,1,0,7,3,8,10,8,2,0,1,0,5
4737,Sheikh Zayed,14431,4,1,0,3,7,7,7,5,3,1,1,1,5
4738,El Obour,14131,2,1,1,6,4,3,7,5,10,1,0,0,10
4739,Heliopolis,28091,4,0,1,10,6,3,4,4,6,0,0,0,9
4740,Mokattam,28845,4,0,1,3,5,2,3,7,6,0,0,0,4
4741,Nasr City,28491,3,1,0,4,9,3,3,5,6,0,1,0,5
4742,Shoubra,8830,4,1,1,3,9,10,7,4,2,0,0,0,4
4743,Downtown Cairo,32640,2,1,0,3,10,2,10,3,4,0,1,0,9
4744,Downtown Cairo,11334,3,1,0,7,9,5,9,8,4,0,0,0,10
4745,Sheikh Zayed,13304,5,1,1,7,10,3,10,4,3,1,1,0,7
4746,Mohandeseen,21032,4,0,0,6,7,6,2,8,8,0,0,0,10
4747,Shoubra,29755,4,1,1,3,7,9,6,7,6,0,1,1,6
4748,Shoubra,4016,1,1,0,2,4,2,8,3,2,0,1,0,5
4749,Sheikh Zayed,12308,5,1,0,4,10,10,7,5,2,1,1,0,9
4750,El Obour,33654,5,0,0,4,5,8,2,5,5,1,0,0,8
4751,El Obour,43244,2,1,1,10,4,6,7,9,9,0,1,0,4
4752,Maadi,9942,5,1,0,5,10,6,9,5,10,1,0,0,4
4753,New Cairo,6693,1,0,1,10,6,10,9,5,4,1,1,1,8
4754,Mohandeseen,19562,2,1,0,2,3,10,3,3,9,0,1,0,7
4755,Downtown Cairo,10259,5,1,0,4,8,3,5,10,9,1,1,0,9
4756,Al Rehab,46236,2,1,1,2,8,9,10,4,8,1,1,0,6
4757,6th of October,8942,5,0,0,7,5,6,1,9,2,0,1,0,9
4758,Dokki,40556,5,0,0,2,3,3,7,8,8,0,1,1,6
4759,El Obour,4371,5,1,0,3,6,10,7,8,5,1,0,1,5
4760,Maadi,31383,4,1,0,10,7,5,4,9,2,0,1,1,7
4761,Mohandeseen,27404,5,1,0,2,6,6,6,8,9,0,1,0,7
4762,Dokki,11120,4,1,0,5,8,8,1,4,4,0,1,0,4
4763,El Shorouk,9702,3,0,1,7,3,3,10,6,5,1,1,0,10
4764,Faisal,12347,1,1,0,3,5,6,4,4,2,0,1,0,10
4765,Dokki,39429,2,1,1,2,10,9,3,4,9,0,1,0,5
4766,Madinaty,43419,2,1,0,5,4,2,10,10,9,0,1,1,10
4767,Shoubra,29040,3,1,0,4,3,9,8,8,8,0,0,0,8
4768,New Cairo,41646,5,1,0,8,5,3,10,4,4,1,1,0,7
4769,Madinaty,49859,1,1,0,8,3,5,10,4,3,1,1,0,6
4770,Heliopolis,41083,3,0,0,8,10,4,2,8,5,1,0,0,7
4771,Haram,26542,3,0,0,10,9,3,2,8,3,0,1,1,4
4772,Haram,46733,2,0,0,10,10,3,9,4,2,0,1,0,7
4773,Nasr City,12308,4,1,0,5,8,7,10,3,10,1,0,0,8
4774,Dokki,43242,4,0,0,10,9,4,7,10,6,1,1,0,10
4775,Maadi,38142,5,1,1,8,7,5,4,7,4,0,1,0,6
4776,Al Rehab,48163,5,1,1,7,8,5,7,7,4,1,1,1,5
4777,El Obour,34690,3,1,1,10,7,3,9,10,10,0,0,0,5
4778,Nasr City,11393,5,0,0,5,4,5,7,6,2,0,1,0,7
4779,Heliopolis,8403,4,1,1,2,7,3,9,4,2,0,0,0,4
4780,Mokattam,7546,1,1,1,7,10,5,9,9,4,0,0,0,5
4781,El Shorouk,40745,2,1,0,2,6,9,7,5,6,0,0,0,6
4782,Sheikh Zayed,32893,4,1,1,10,8,10,7,7,2,0,1,0,4
4783,Heliopolis,13388,5,1,0,6,8,5,9,8,6,1,1,0,4
4784,Madinaty,45756,2,1,0,3,9,5,10,5,6,1,1,0,7
4785,Haram,40660,2,1,0,9,8,8,4,10,7,0,0,0,10
4786,Downtown Cairo,27708,3,1,0,7,4,2,6,6,9,0,1,0,4
4787,Mohandeseen,28726,5,1,0,4,9,8,7,5,2,0,1,0,9
4788,6th of October,18008,3,1,1,3,8,10,10,4,10,0,1,0,8
4789,Nasr City,40017,2,1,0,5,3,5,8,4,10,1,0,0,10
4790,Madinaty,4111,3,1,0,2,10,3,10,3,2,1,1,0,8
4791,New Capital,21545,5,1,0,2,9,5,10,10,7,0,1,1,9
4792,Heliopolis,44168,4,0,0,6,9,3,3,4,7,0,0,0,4
4793,Shoubra,6379,1,1,1,10,8,8,3,10,9,0,1,0,7
4794,New Cairo,34237,4,1,0,6,6,7,8,7,9,1,1,1,9
4795,Madinaty,49948,2,1,0,7,5,3,8,4,3,1,1,0,6
4796,Al Rehab,25810,4,0,1,10,3,7,8,4,10,1,1,0,8
4797,Al Rehab,45120,3,1,0,4,8,10,7,5,2,0,1,1,5
4798,Helwan,21809,5,1,1,5,10,9,8,6,6,0,0,0,6
4799,Sheikh Zayed,12469,4,1,0,3,8,10,7,4,3,0,1,1,4
4800,Sheikh Zayed,31967,4,1,0,5,8,6,10,7,2,1,1,1,4
4801,Helwan,13748,5,1,1,9,7,3,8,6,8,0,1,0,8
4802,6th of October,27424,3,1,0,3,3,6,2,4,10,0,0,0,7
4803,Faisal,24976,1,1,0,5,7,4,7,6,3,1,1,0,10
4804,Nasr City,27914,4,0,1,9,9,5,9,7,9,0,1,0,7
4805,Heliopolis,34067,2,1,0,8,6,8,4,5,6,0,0,0,6
4806,New Cairo,46875,3,1,0,10,9,3,10,5,7,1,1,1,8
4807,Zamalek,16942,3,0,1,3,8,7,9,3,8,0,1,1,5
4808,New Capital,23491,4,1,0,5,6,2,8,10,5,0,1,0,9
4809,Shoubra,8533,5,0,0,10,6,4,1,7,4,0,0,0,10
4810,Al Rehab,27583,4,1,0,7,8,8,10,9,3,1,1,0,4
4811,El Obour,41049,4,1,0,10,4,6,8,10,2,0,1,0,8
4812,Madinaty,31821,5,1,1,10,9,9,7,10,5,1,1,1,5
4813,New Cairo,34261,2,1,0,8,7,8,8,8,7,1,1,0,4
4814,6th of October,41536,5,1,0,8,3,8,7,4,4,0,0,0,10
4815,El Shorouk,33945,4,1,1,9,8,2,7,8,4,0,1,0,7
4816,Mokattam,21384,1,1,1,3,3,2,3,8,9,0,1,0,6
4817,Zamalek,32410,5,1,0,8,10,7,10,4,6,0,1,0,5
4818,Haram,16198,2,0,0,7,9,9,4,3,3,0,1,0,8
4819,Helwan,33354,5,1,1,8,3,4,8,7,10,1,0,0,7
4820,6th of October,11169,5,0,0,7,4,9,6,6,2,0,0,0,8
4821,6th of October,44129,3,1,0,4,4,9,2,6,7,1,1,0,6
4822,Madinaty,35909,3,0,0,6,7,2,8,8,6,0,1,1,9
4823,Faisal,7830,4,0,0,4,4,6,7,9,4,0,1,0,6
4824,Downtown Cairo,25404,4,0,1,7,8,10,8,5,2,0,1,0,9
4825,Nasr City,31757,5,0,1,4,6,4,8,6,2,0,1,0,9
4826,Downtown Cairo,39650,1,1,0,3,9,10,8,6,6,0,1,0,5
4827,New Capital,37766,4,1,1,5,9,10,9,10,8,1,1,1,6
4828,Maadi,19942,5,1,0,10,3,2,6,8,9,0,1,0,9
4829,El Obour,36419,5,0,0,2,10,3,1,10,4,0,1,0,6
4830,Shoubra,20668,5,0,1,9,6,4,4,8,8,0,0,1,8
4831,Downtown Cairo,20246,5,1,0,6,10,5,2,7,9,1,1,0,5
4832,Madinaty,28996,5,0,1,3,10,6,9,10,4,0,1,0,6
4833,Mokattam,7065,3,1,0,10,4,6,7,9,9,1,1,0,4
4834,Madinaty,14467,2,1,0,3,3,6,10,8,6,0,1,0,10
4835,Mokattam,48844,2,1,1,4,9,4,5,7,6,1,1,1,7
4836,6th of October,25007,5,0,0,2,5,7,10,3,9,0,1,0,6
4837,Mokattam,6543,4,0,0,2,6,5,8,8,7,1,1,0,6
4838,New Cairo,32702,1,1,0,3,5,10,7,8,7,1,1,0,6
4839,New Capital,32833,5,1,1,3,7,3,9,7,7,0,1,1,9
4840,Shoubra,14033,1,1,0,7,9,2,5,3,2,0,0,0,7
4841,Maadi,38169,3,1,1,9,8,8,1,3,2,0,1,0,8
4842,Madinaty,20829,2,1,0,5,6,10,7,4,4,1,1,0,5
4843,New Cairo,8522,3,1,0,4,9,10,8,6,3,0,1,0,5
4844,Al Rehab,24151,4,0,1,3,3,4,9,7,10,1,1,0,5
4845,Al Rehab,39319,4,1,0,2,9,2,9,3,3,1,1,1,5
4846,El Obour,30543,5,0,0,9,3,10,9,9,5,0,1,1,5
4847,Dokki,41584,4,1,1,8,8,8,3,6,8,0,1,0,4
4848,Helwan,34473,4,1,0,3,5,9,4,8,8,0,1,0,9
4849,Maadi,11699,3,1,0,8,10,7,3,7,7,1,1,0,8
4850,El Shorouk,6629,1,0,1,7,3,7,8,8,6,0,1,1,8
4851,Madinaty,44455,2,1,1,9,8,5,7,10,7,1,1,1,6
4852,Haram,14156,4,1,0,7,6,3,8,6,4,0,1,0,7
4853,Al Rehab,21441,4,1,0,5,4,2,8,10,8,1,1,0,5
4854,Shoubra,34716,3,1,1,9,9,7,10,9,7,0,1,0,5
4855,Helwan,10834,2,0,0,2,4,10,1,3,5,0,1,0,8
4856,Faisal,22179,3,1,0,2,8,3,5,6,3,0,1,0,8
4857,Haram,30219,1,1,0,5,3,2,2,8,2,1,1,0,7
4858,New Cairo,41617,3,0,0,2,7,2,9,5,10,0,1,1,9
4859,Shoubra,19782,2,0,1,6,6,8,9,10,9,0,1,0,7
4860,Heliopolis,19827,2,1,0,10,10,2,3,6,5,0,1,0,7
4861,El Shorouk,13431,4,1,0,10,7,10,1,8,2,1,1,1,5
4862,Al Rehab,40918,1,0,1,10,5,10,10,5,5,0,1,0,8
4863,Downtown Cairo,48057,5,1,1,7,8,4,2,8,6,0,1,0,9
4864,Downtown Cairo,13496,4,1,0,2,9,3,10,7,2,0,0,0,4
4865,Shoubra,27331,3,1,0,6,9,10,6,10,10,0,1,0,9
4866,Madinaty,43238,3,1,1,3,10,4,10,8,8,1,1,0,7
4867,El Shorouk,27563,2,1,1,2,3,3,9,9,8,1,1,1,10
4868,El Obour,7712,2,0,0,6,8,5,8,3,2,0,0,0,9
4869,Sheikh Zayed,32531,2,1,0,6,9,8,8,6,10,0,1,1,9
4870,Dokki,49489,5,1,0,2,5,5,4,6,9,0,1,0,9
4871,Maadi,36664,5,1,0,8,9,9,4,9,7,1,1,0,7
4872,Downtown Cairo,49263,4,0,0,4,9,6,4,8,5,0,1,0,8
4873,Mohandeseen,16420,5,1,1,7,7,3,10,8,7,0,0,1,10
4874,Dokki,9315,2,1,0,3,9,5,2,6,5,0,1,0,4
4875,Downtown Cairo,9381,4,0,0,10,6,8,7,3,3,0,0,1,5
4876,Mokattam,13497,4,0,0,3,7,2,1,8,10,0,1,0,5
4877,Mohandeseen,33040,1,0,0,3,4,8,5,9,3,0,1,1,10
4878,El Shorouk,36375,5,1,0,2,9,4,4,6,8,0,1,0,9
4879,El Obour,17494,3,1,0,2,7,8,2,7,4,0,1,1,4
4880,Al Rehab,35752,3,0,0,5,7,4,7,9,5,0,1,0,5
4881,Helwan,29357,1,0,1,8,9,9,1,7,4,0,1,0,10
4882,Helwan,20950,2,1,1,5,7,5,4,7,4,1,1,1,5
4883,Sheikh Zayed,19752,1,0,0,6,9,2,7,10,7,0,1,0,7
4884,Mohandeseen,41390,2,1,1,7,10,2,4,7,7,0,1,0,6
4885,Nasr City,8132,5,1,0,6,10,5,10,4,3,0,0,1,10
4886,Shoubra,45598,5,1,1,6,7,10,10,4,2,1,0,0,8
4887,Sheikh Zayed,32276,4,1,1,5,6,6,7,7,7,1,1,1,7
4888,Downtown Cairo,43763,4,0,0,10,3,6,2,6,2,0,1,1,8
4889,El Shorouk,24551,4,0,1,6,6,4,10,10,7,0,0,0,6
4890,Nasr City,30975,4,1,0,10,8,6,9,7,7,0,1,0,8
4891,Shoubra,6670,3,1,0,5,5,8,9,4,2,0,0,0,4
4892,Mokattam,13364,4,1,0,10,4,4,1,4,6,0,1,0,7
4893,Madinaty,30296,4,0,1,6,3,6,10,10,5,0,1,1,7
4894,Dokki,28680,4,1,0,9,9,4,8,10,7,0,1,0,6
4895,El Obour,22066,2,1,0,2,8,2,9,9,9,0,0,1,10
4896,New Capital,32892,4,1,0,5,9,7,7,9,2,1,1,1,9
4897,Nasr City,14041,1,1,0,5,10,4,3,3,3,0,0,0,4
4898,New Cairo,13054,4,0,1,3,9,3,8,3,3,1,1,1,5
4899,Downtown Cairo,15637,4,1,0,4,8,4,9,6,10,1,1,1,6
4900,Sheikh Zayed,14757,3,1,0,9,4,6,10,10,7,1,1,1,8
4901,Downtown Cairo,45258,4,1,0,9,4,6,7,9,10,0,1,0,6
4902,Mokattam,31484,2,1,0,2,3,10,2,3,5,0,1,0,9
4903,New Capital,16329,5,1,0,3,8,10,8,5,10,1,1,0,9
4904,Faisal,37538,4,1,1,5,8,3,10,5,10,0,1,1,4
4905,El Obour,31115,4,1,0,7,3,7,6,9,2,0,1,1,7
4906,Madinaty,30038,4,0,0,4,10,10,8,8,10,1,1,0,9
4907,Nasr City,40622,3,1,0,8,8,10,1,3,6,1,1,1,8
4908,New Capital,39886,5,1,0,4,5,7,10,5,8,1,1,0,5
4909,New Capital,13901,3,0,1,9,10,2,10,8,6,1,1,0,5
4910,Heliopolis,21374,3,1,0,7,6,2,7,4,3,0,1,0,5
4911,Sheikh Zayed,36806,3,0,0,9,9,10,8,7,6,1,1,0,4
4912,Maadi,21659,2,0,0,8,9,4,1,9,2,0,0,0,7
4913,Shoubra,27453,5,1,0,6,3,6,4,10,2,1,1,0,7
4914,Haram,34498,2,1,0,6,8,7,5,7,3,0,1,0,6
4915,Nasr City,8857,2,1,0,4,5,2,9,5,5,1,1,0,4
4916,Sheikh Zayed,20312,5,0,0,5,7,2,7,9,10,1,1,1,10
4917,El Obour,5436,2,0,0,9,3,5,6,4,7,0,1,0,4
4918,Faisal,31569,5,1,1,6,6,7,5,9,10,0,1,0,8
4919,Maadi,28949,4,1,1,10,7,9,5,4,6,0,1,0,10
4920,El Obour,11693,3,0,0,4,7,8,2,9,10,0,0,0,5
4921,Al Rehab,49986,2,1,1,4,7,3,9,10,2,1,1,0,5
4922,Sheikh Zayed,41019,5,1,1,9,10,5,7,3,2,1,1,0,6
4923,New Capital,13305,1,1,0,9,9,6,9,9,7,1,1,0,9
4924,New Capital,36646,2,1,1,8,7,9,7,8,3,1,1,1,9
4925,Downtown Cairo,31302,2,0,0,7,4,8,6,8,8,0,1,1,5
4926,Sheikh Zayed,14590,5,1,1,8,6,5,9,4,10,1,1,1,5
4927,6th of October,44430,1,1,0,8,5,9,6,4,8,0,1,0,5
4928,Dokki,7123,1,0,0,7,3,9,8,4,10,0,0,0,7
4929,Faisal,8158,4,1,1,10,10,5,3,8,5,1,1,0,9
4930,Faisal,12700,2,0,0,6,5,3,10,7,8,0,0,0,6
4931,Heliopolis,14531,3,1,0,6,9,4,7,5,2,0,1,0,5
4932,Heliopolis,31738,2,0,1,7,4,6,3,3,7,1,0,0,4
4933,New Capital,13879,3,1,0,5,7,2,8,3,10,1,1,1,9
4934,Downtown Cairo,9543,3,1,1,10,8,6,7,3,7,1,1,0,4
4935,Downtown Cairo,46348,5,0,0,3,10,5,3,6,8,1,0,0,4
4936,New Capital,22581,2,1,0,4,3,6,7,5,2,1,1,0,8
4937,6th of October,40679,5,1,0,10,6,2,3,7,5,0,1,0,4
4938,Sheikh Zayed,17582,4,1,0,2,10,8,7,8,8,1,1,1,5
4939,Haram,47888,3,1,0,6,3,10,5,5,7,0,0,1,4
4940,Haram,34276,1,0,0,4,9,6,7,3,10,1,1,0,4
4941,Nasr City,42003,3,0,0,4,10,4,4,7,5,0,1,0,10
4942,New Capital,8799,4,0,0,2,10,10,7,10,4,1,1,1,6
4943,Al Rehab,29091,3,1,0,9,3,7,7,5,2,1,1,1,8
4944,Nasr City,32234,5,0,0,4,5,7,5,9,9,0,1,1,5
4945,Sheikh Zayed,28605,2,1,0,5,8,4,9,8,2,0,1,1,9
4946,El Shorouk,40534,1,0,0,6,7,2,4,4,6,1,1,1,7
4947,Maadi,35668,5,1,0,6,6,5,8,5,3,1,1,0,5
4948,El Obour,8111,2,0,0,3,3,5,4,8,7,0,1,0,6
4949,Madinaty,28686,1,0,0,8,4,4,10,4,9,0,1,1,5
4950,6th of October,11015,4,0,0,7,4,6,3,3,5,0,1,0,5
4951,Madinaty,10856,3,1,0,8,10,10,8,4,2,1,1,0,10
4952,Dokki,20490,1,1,0,4,9,10,4,6,8,1,0,0,7
4953,Sheikh Zayed,39194,4,0,0,9,8,9,7,7,6,1,1,0,6
4954,Faisal,18497,2,1,0,7,7,7,9,4,3,0,1,0,6
4955,Madinaty,27194,1,1,0,8,9,5,8,7,7,1,1,1,10
4956,New Cairo,48104,4,1,0,10,8,3,10,8,7,1,1,1,5
4957,Faisal,9316,2,1,1,9,3,4,1,4,6,0,1,0,5
4958,Maadi,42130,5,0,0,9,7,10,8,8,7,0,1,0,8
4959,New Capital,8693,3,0,1,4,10,2,9,3,10,1,1,0,9
4960,Madinaty,45758,4,0,0,2,10,8,9,5,10,0,1,0,7
4961,Maadi,33954,5,1,1,2,3,7,9,8,8,1,1,1,4
4962,Maadi,25652,2,1,0,3,6,3,3,10,4,1,0,0,10
4963,Helwan,18178,1,1,0,9,10,6,4,4,10,0,1,0,4
4964,Shoubra,47397,3,0,0,7,4,3,6,9,8,0,0,0,8
4965,Shoubra,18751,2,0,0,7,9,10,3,3,5,1,0,0,4
4966,Mokattam,4425,4,1,0,2,8,6,9,4,2,0,1,1,6
4967,Dokki,7044,3,1,0,3,5,7,3,6,7,0,1,0,5
4968,Al Rehab,15480,5,1,0,6,8,5,8,7,7,1,1,0,4
4969,Zamalek,47874,3,0,0,4,7,2,7,4,7,0,0,0,5
4970,Al Rehab,42997,5,1,0,3,6,4,9,3,5,0,1,0,10
4971,Sheikh Zayed,5239,2,0,1,10,4,6,7,3,10,1,1,1,7
4972,Dokki,10566,1,1,0,8,9,4,1,5,6,0,1,0,9
4973,Downtown Cairo,23775,3,0,0,2,6,9,3,7,2,0,0,0,8
4974,Haram,40981,1,1,0,2,10,3,3,8,5,0,0,0,5
4975,El Shorouk,7006,1,1,0,4,8,3,2,5,4,0,1,0,6
4976,Helwan,11025,3,1,0,7,10,2,1,9,9,0,0,0,6
4977,Zamalek,23423,3,1,1,3,9,2,9,7,7,0,1,1,7
4978,Al Rehab,43326,1,1,0,9,8,5,10,7,8,1,1,1,5
4979,Zamalek,29174,4,1,0,5,5,9,8,4,3,0,1,1,8
4980,Downtown Cairo,30663,4,1,1,9,3,9,7,10,2,0,1,0,8
4981,Madinaty,37952,3,0,1,8,3,9,7,5,3,0,1,1,9
4982,Dokki,31326,1,0,1,3,6,2,1,5,7,0,1,1,8
4983,Maadi,35139,1,1,1,10,6,2,3,5,6,0,1,0,6
4984,Madinaty,12102,2,1,0,6,9,8,7,3,9,0,1,0,6
4985,Sheikh Zayed,11116,1,0,1,7,7,8,10,6,5,1,1,1,7
4986,El Shorouk,16937,4,0,1,3,9,6,1,4,4,0,1,0,6
4987,Faisal,34161,2,0,0,4,6,9,10,8,5,0,1,1,4
4988,Al Rehab,8383,4,1,0,9,9,7,8,5,10,1,1,1,4
4989,Mohandeseen,24320,5,0,0,6,10,2,1,7,9,0,1,0,8
4990,Haram,8507,3,0,0,2,3,8,4,10,9,0,1,1,7
4991,Al Rehab,18735,5,0,0,10,8,9,7,8,7,1,1,1,8
4992,Al Rehab,33713,3,0,1,2,9,9,8,8,6,0,1,0,8
4993,El Obour,20519,4,1,0,10,6,10,6,7,9,0,1,0,10
4994,New Cairo,6025,4,1,1,7,4,4,7,4,5,0,1,1,6
4995,El Shorouk,23919,5,0,0,8,4,3,6,9,7,0,1,0,4
4996,New Cairo,41622,3,0,0,2,3,9,8,3,10,1,1,1,7
4997,Madinaty,42135,3,1,1,2,6,5,10,9,4,1,1,0,4
4998,Helwan,39658,2,1,0,6,9,3,9,5,10,0,1,0,9
4999,Maadi,23141,1,0,1,3,8,3,9,6,9,0,0,1,6
5000,Helwan,33696,2,0,0,6,6,3,2,3,4,0,1,1,6
5001,Shoubra,7773,4,1,0,6,6,6,5,4,8,0,0,1,5
5002,Maadi,28956,5,1,1,7,4,9,2,5,6,1,1,0,9
5003,New Capital,19819,3,1,0,10,3,10,9,10,8,1,1,0,9
5004,Heliopolis,5528,2,0,0,7,10,7,4,4,5,0,1,1,6
5005,Madinaty,24955,5,1,0,2,7,9,7,4,4,1,1,0,10
5006,Madinaty,48588,5,1,1,6,8,7,10,4,8,0,1,0,6
5007,Mohandeseen,9049,1,1,1,3,4,2,4,4,7,0,1,1,4
5008,Zamalek,37616,3,1,0,9,3,10,6,6,6,1,0,0,7
5009,El Obour,24511,5,0,0,8,3,8,1,10,5,1,0,0,10
5010,6th of October,14119,3,1,0,7,7,3,4,4,7,0,1,0,10
5011,Madinaty,14357,2,0,1,3,5,4,10,7,2,0,1,0,4
5012,Downtown Cairo,20167,5,1,0,4,7,3,6,10,9,1,0,1,4
5013,Nasr City,49246,5,1,0,10,7,10,8,4,7,1,1,1,5
5014,Shoubra,26253,2,1,0,10,3,9,4,10,6,0,1,1,4
5015,El Obour,38889,3,0,1,8,5,6,4,6,9,0,1,0,7
5016,New Capital,49678,3,0,0,3,10,5,7,4,5,0,1,1,10
5017,Haram,33798,5,0,0,8,5,8,8,5,3,0,1,0,10
5018,Al Rehab,8681,2,0,0,2,6,10,10,3,6,1,1,0,7
5019,6th of October,18755,4,0,0,10,7,9,4,6,8,0,1,0,5
5020,Shoubra,4472,3,1,0,10,7,9,5,8,6,0,0,0,4
5021,Maadi,36881,4,1,0,7,5,3,2,8,8,0,1,1,6
5022,Maadi,17690,5,1,0,2,5,10,9,5,3,0,1,0,6
5023,El Shorouk,29912,4,1,0,9,8,3,8,6,2,1,1,0,6
5024,Mohandeseen,10473,4,1,1,7,9,9,2,3,4,1,1,0,7
5025,6th of October,45298,3,1,0,10,5,6,8,7,2,0,1,0,6
5026,El Shorouk,22669,5,0,0,10,3,7,6,9,4,1,1,0,7
5027,6th of October,37964,4,0,1,8,3,10,1,3,4,0,0,0,8
5028,Madinaty,20462,3,1,1,5,3,9,8,7,9,1,1,1,5
5029,Maadi,24943,4,1,0,2,9,6,4,4,6,1,0,0,8
5030,Shoubra,42785,3,1,0,4,8,7,5,5,4,0,1,0,9
5031,New Capital,39420,5,1,0,7,7,6,7,6,6,0,1,0,9
5032,Dokki,14832,2,1,0,2,8,10,10,9,9,1,1,1,4
5033,Maadi,9385,3,1,1,5,8,6,5,7,2,0,0,0,6
5034,Zamalek,34362,3,1,0,9,5,7,1,8,8,0,1,1,10
5035,Faisal,18708,4,1,1,9,9,2,2,6,6,0,1,0,9
5036,Sheikh Zayed,27438,5,0,1,7,3,9,9,3,5,1,1,1,7
5037,Maadi,21211,1,0,0,7,6,9,2,4,4,0,0,0,7
5038,Mokattam,18571,1,1,0,4,5,9,2,3,8,1,1,1,7
5039,Maadi,25307,2,1,0,8,8,8,7,7,3,0,1,0,5
5040,Downtown Cairo,15002,5,1,1,9,9,8,7,5,9,0,0,0,4
5041,El Shorouk,40153,3,0,0,3,5,7,7,7,5,0,1,1,5
5042,Nasr City,26440,1,1,0,6,8,8,2,10,3,1,1,1,6
5043,New Capital,5965,2,0,0,7,9,10,10,7,3,1,1,0,9
5044,Dokki,36556,5,1,0,2,5,6,2,9,2,1,1,0,8
5045,Madinaty,6427,2,1,0,6,3,10,8,8,9,0,1,0,10
5046,Mokattam,39609,1,0,0,4,4,10,3,3,9,0,1,0,5
5047,Mokattam,29189,4,0,0,4,6,5,10,7,7,0,0,0,5
5048,Nasr City,29138,4,0,1,7,6,10,6,5,3,1,1,0,6
5049,Haram,10563,5,0,0,2,10,9,6,4,4,0,1,0,8
5050,Mokattam,18387,2,1,0,6,9,6,5,3,10,0,0,0,8
5051,Maadi,9840,3,0,0,6,4,4,2,7,8,1,0,1,5
5052,El Shorouk,19154,1,1,1,6,6,10,8,6,6,0,1,0,7
5053,Heliopolis,28194,4,0,0,4,9,4,6,9,6,0,1,1,7
5054,Sheikh Zayed,26448,4,0,0,7,10,4,8,4,8,1,1,1,6
5055,El Obour,34924,2,1,0,2,3,4,1,3,2,0,1,1,9
5056,Sheikh Zayed,27528,4,1,0,2,9,2,8,9,2,1,1,1,4
5057,Mokattam,33402,2,1,0,3,10,7,2,5,4,0,1,1,9
5058,Shoubra,8352,1,0,0,5,5,4,4,5,10,1,1,1,6
5059,Sheikh Zayed,4184,2,0,1,10,4,4,9,4,9,1,1,1,6
5060,Zamalek,14384,4,0,0,9,5,10,9,5,4,0,1,1,7
5061,El Obour,18319,2,1,0,3,8,8,10,3,9,1,1,1,10
5062,Sheikh Zayed,24449,4,0,0,2,6,9,8,3,5,1,1,0,8
5063,New Capital,45205,5,1,1,5,7,2,7,8,8,1,1,0,6
5064,Haram,14426,4,1,0,6,6,9,9,3,3,0,0,0,4
5065,Heliopolis,11504,4,0,1,3,6,9,6,8,6,0,1,0,9
5066,New Cairo,37368,4,1,0,7,4,9,9,7,6,0,1,0,9
5067,El Obour,44572,5,0,0,9,10,7,10,5,6,0,1,1,4
5068,Shoubra,42305,3,1,0,6,5,6,8,7,10,0,1,0,8
5069,Nasr City,36094,4,1,0,5,4,5,4,5,10,0,1,0,8
5070,Sheikh Zayed,18685,3,0,0,8,3,10,8,8,3,1,1,1,7
5071,Mohandeseen,12724,1,1,1,6,5,8,8,10,10,0,1,0,9
5072,Faisal,9084,2,1,1,9,3,2,3,5,2,0,1,0,9
5073,Mokattam,38810,3,0,0,8,10,2,6,5,6,0,1,0,5
5074,Dokki,20741,1,1,0,6,3,2,4,10,2,0,0,0,5
5075,Mokattam,20761,2,1,0,9,10,5,10,6,4,0,1,0,7
5076,Heliopolis,17336,4,1,0,2,9,10,4,7,7,0,1,0,8
5077,El Shorouk,24872,4,0,0,9,9,4,2,4,10,0,0,0,4
5078,Shoubra,17414,4,1,0,4,4,2,4,7,5,0,1,0,7
5079,Helwan,8797,5,0,1,2,9,2,1,8,3,0,1,0,6
5080,El Obour,7307,5,1,1,10,6,4,1,10,6,1,1,0,9
5081,Mokattam,36568,5,1,0,7,8,8,5,5,2,1,1,0,5
5082,Dokki,6596,5,0,0,9,10,9,1,4,8,0,1,0,8
5083,Mokattam,21167,1,1,0,5,7,5,3,4,3,0,1,0,9
5084,Downtown Cairo,26308,1,1,0,3,8,3,3,4,9,0,0,1,10
5085,El Shorouk,28215,4,1,1,7,6,8,10,10,10,0,1,0,4
5086,Helwan,15795,2,1,1,3,6,10,4,6,3,0,0,0,6
5087,6th of October,18984,5,0,0,2,5,7,1,3,3,0,1,0,6
5088,Downtown Cairo,16134,2,1,0,8,4,3,7,5,10,0,0,0,5
5089,El Shorouk,14782,1,0,0,8,10,10,4,5,9,0,1,0,5
5090,Maadi,46002,5,1,0,7,5,8,7,7,8,0,1,0,9
5091,Nasr City,25651,1,1,0,3,7,10,5,4,2,0,1,1,5
5092,El Obour,28022,1,1,0,6,4,3,1,6,10,0,1,1,4
5093,New Capital,22922,3,0,0,2,8,5,7,9,5,1,1,1,8
5094,Mohandeseen,18618,1,1,0,3,8,7,5,9,7,1,1,0,10
5095,Mokattam,21245,4,1,0,6,8,8,4,9,3,0,1,0,5
5096,Downtown Cairo,22260,1,0,0,6,6,4,7,4,6,0,0,0,8
5097,Al Rehab,14027,5,1,0,8,3,6,8,7,2,0,1,1,4
5098,Zamalek,17986,4,0,0,6,9,5,9,3,6,0,1,0,8
5099,New Cairo,49168,1,0,0,7,6,6,10,5,9,0,1,0,4
5100,Helwan,7526,4,0,0,3,6,7,8,4,6,0,0,1,6
5101,Faisal,30261,1,0,1,6,4,7,8,10,8,1,1,1,4
5102,Mokattam,48361,4,1,0,9,6,8,9,5,9,0,0,0,9
5103,Mohandeseen,5622,2,1,0,2,7,7,5,7,2,0,1,0,10
5104,El Obour,42286,3,1,0,8,10,7,8,8,9,0,1,0,8
5105,New Capital,33533,4,0,0,9,10,5,8,3,2,1,1,1,8
5106,New Cairo,39425,5,0,0,6,9,3,8,9,9,1,1,0,5
5107,Nasr City,22316,3,1,1,5,6,8,10,6,3,0,0,0,6
5108,6th of October,12699,3,0,0,2,3,8,8,3,5,0,1,0,7
5109,Heliopolis,17955,1,1,1,10,4,4,5,8,2,0,1,0,4
5110,Maadi,35543,4,1,1,3,8,6,10,6,2,0,1,0,7
5111,El Obour,39424,3,1,1,6,7,7,8,4,5,0,1,0,10
5112,Nasr City,20673,5,1,0,8,8,10,10,8,5,0,1,0,10
5113,Mohandeseen,27395,5,1,0,9,4,4,3,3,5,0,1,0,9
5114,Zamalek,42626,5,1,0,5,10,4,4,4,9,0,1,0,10
5115,New Capital,27707,1,1,0,2,3,6,7,3,5,1,1,1,4
5116,El Shorouk,23213,2,1,0,8,5,3,5,4,6,1,1,1,9
5117,Al Rehab,14401,4,1,1,10,10,4,9,7,3,1,1,1,9
5118,Dokki,25196,3,1,1,2,7,7,5,7,10,0,1,1,4
5119,Downtown Cairo,29976,4,1,0,2,10,4,2,6,8,0,0,0,6
5120,Al Rehab,12758,3,1,0,8,3,2,8,3,2,1,1,1,5
5121,Shoubra,5473,1,1,0,10,8,8,7,8,5,1,1,0,6
5122,New Cairo,17281,4,1,0,6,5,8,8,3,8,0,1,1,7
5123,New Capital,36548,1,1,0,5,10,3,9,10,10,0,1,0,7
5124,Mokattam,22371,1,1,1,7,8,6,10,8,5,0,0,0,4
5125,New Cairo,32363,4,0,1,10,3,10,9,6,8,1,1,0,5
5126,Zamalek,16057,4,1,1,3,10,4,7,9,9,0,1,0,8
5127,Downtown Cairo,44441,3,0,0,6,5,9,3,8,9,0,1,0,8
5128,Zamalek,23644,5,1,0,5,5,5,5,9,4,0,1,0,5
5129,Helwan,32123,1,1,1,4,10,4,7,4,6,0,1,0,9
5130,Maadi,27874,2,1,1,6,4,3,9,9,8,0,1,0,4
5131,New Capital,27123,3,0,1,8,9,10,10,3,7,1,1,1,9
5132,Heliopolis,18281,3,0,0,4,6,6,1,9,9,0,0,1,8
5133,Mohandeseen,7251,5,1,1,4,10,10,6,6,3,0,1,0,9
5134,Shoubra,26289,5,0,0,7,6,9,6,6,9,0,1,0,9
5135,Faisal,9054,1,0,1,6,3,4,2,9,10,0,1,0,4
5136,Zamalek,38484,3,1,1,4,5,5,10,3,4,0,0,0,10
5137,New Cairo,45972,3,1,0,2,6,7,8,5,6,0,1,0,9
5138,New Cairo,5310,2,1,1,3,3,6,8,8,9,0,1,0,6
5139,Nasr City,33146,1,1,0,4,3,4,9,4,6,1,0,1,7
5140,El Shorouk,33312,1,1,1,5,7,6,4,5,3,0,1,0,5
5141,El Shorouk,34981,5,1,0,6,4,6,5,5,5,0,1,1,6
5142,New Capital,8257,1,1,0,10,4,10,10,8,10,1,1,1,10
5143,El Obour,19846,2,0,0,5,10,5,5,4,10,0,1,0,8
5144,New Capital,26483,1,1,0,10,8,9,9,9,9,1,1,0,9
5145,6th of October,30558,4,1,1,6,9,5,1,7,7,0,1,0,6
5146,Dokki,47188,4,1,0,4,5,3,8,3,6,1,1,0,10
5147,Sheikh Zayed,17012,2,0,1,8,6,4,8,8,6,1,1,1,6
5148,Faisal,37236,5,1,1,9,10,5,1,6,2,0,1,1,8
5149,Faisal,42673,3,1,0,10,5,9,2,3,8,1,1,1,6
5150,Heliopolis,49076,1,1,0,10,6,10,1,5,6,0,1,0,5
5151,El Obour,32931,5,1,0,7,6,7,4,8,4,0,0,0,8
5152,Al Rehab,36076,5,1,0,10,6,9,10,7,6,1,1,0,8
5153,El Obour,18801,1,0,0,4,8,6,9,7,2,1,1,1,4
5154,El Obour,13628,3,1,1,3,6,6,1,3,5,0,0,0,9
5155,New Capital,12728,1,0,1,6,6,9,8,10,3,0,1,0,8
5156,Downtown Cairo,21335,3,1,0,8,7,5,7,8,5,0,1,1,9
5157,El Obour,47773,2,1,1,8,7,4,4,9,5,0,1,0,10
5158,Al Rehab,32570,3,1,0,7,6,3,7,5,9,0,1,1,8
5159,Faisal,26459,5,0,0,4,8,9,7,4,8,0,0,0,7
5160,Mohandeseen,44658,2,0,1,7,3,6,6,6,2,0,1,0,4
5161,New Capital,11077,4,1,0,2,3,7,10,7,4,1,1,1,5
5162,Mohandeseen,5971,2,0,1,4,10,10,2,6,9,0,1,0,6
5163,Madinaty,37959,3,0,0,3,4,4,9,5,4,1,1,1,7
5164,Shoubra,49588,2,1,0,5,6,5,7,3,7,0,0,0,9
5165,Faisal,44533,2,1,0,9,3,3,3,5,3,0,0,0,4
5166,Al Rehab,47022,4,1,0,4,4,7,9,9,3,1,1,1,8
5167,El Obour,7046,3,1,0,7,10,10,7,9,4,0,1,0,10
5168,6th of October,48518,5,0,0,2,9,3,2,10,4,0,1,1,8
5169,New Capital,16703,2,0,0,5,3,6,9,7,9,0,1,0,4
5170,Faisal,12043,1,1,1,6,10,2,4,3,3,0,1,0,4
5171,Shoubra,41676,5,1,0,6,4,5,9,6,3,0,0,1,7
5172,Dokki,47395,2,0,0,2,5,9,1,7,9,1,1,0,10
5173,Faisal,6804,5,1,0,10,10,4,3,3,6,1,1,1,7
5174,El Shorouk,14176,1,1,0,6,10,5,8,3,10,0,0,1,10
5175,Downtown Cairo,7936,5,1,0,10,3,3,7,6,8,0,1,0,7
5176,Mokattam,35174,5,0,1,8,6,10,2,8,8,0,0,0,4
5177,Al Rehab,21096,1,1,0,6,9,6,10,9,8,0,1,0,4
5178,Madinaty,27232,1,1,0,10,6,4,7,5,6,0,1,1,10
5179,Al Rehab,46641,1,0,0,6,7,8,10,10,9,1,1,1,7
5180,Heliopolis,29909,4,0,0,10,5,2,10,8,9,0,0,0,7
5181,Maadi,48158,1,0,1,6,5,10,1,9,4,1,1,0,4
5182,Al Rehab,12366,5,1,1,2,3,8,10,8,9,1,1,0,8
5183,Faisal,23589,1,1,0,8,4,2,10,8,6,0,0,1,7
5184,Heliopolis,10506,2,0,0,6,9,5,3,10,4,0,1,0,7
5185,Mokattam,32842,1,1,0,6,8,8,1,8,10,0,1,0,4
5186,New Capital,21458,1,1,1,7,9,5,10,5,5,1,1,0,5
5187,Heliopolis,25831,3,0,0,7,9,8,4,8,7,0,1,0,5
5188,Helwan,12783,5,1,1,8,7,4,7,5,4,0,1,0,7
5189,Madinaty,15170,5,0,0,9,10,5,8,7,4,1,1,1,9
5190,Zamalek,18609,2,0,0,2,5,4,2,10,6,0,1,1,6
5191,New Cairo,44090,4,1,0,4,10,5,10,3,4,1,1,0,5
5192,Mohandeseen,48942,3,0,0,7,5,4,1,4,2,0,1,0,9
5193,Mohandeseen,27035,2,1,0,2,8,6,2,4,3,0,1,0,7
5194,New Capital,20208,2,1,0,6,6,5,8,6,7,0,1,1,6
5195,Downtown Cairo,39178,5,0,0,6,8,4,9,3,3,0,1,0,4
5196,Dokki,17636,3,0,1,10,6,6,7,7,9,0,0,0,9
5197,Al Rehab,13039,5,1,1,3,10,10,7,3,7,1,1,0,6
5198,Dokki,18990,4,0,1,8,4,2,8,6,7,0,1,0,7
5199,Sheikh Zayed,10441,5,0,0,10,3,5,9,4,7,1,1,1,5
5200,El Shorouk,12685,1,1,0,9,4,8,5,7,6,1,1,0,9
5201,Heliopolis,17778,5,1,0,2,3,5,10,8,3,0,0,0,5
5202,Mokattam,49959,1,0,1,2,7,9,5,8,7,0,1,0,4
5203,El Shorouk,30862,2,1,0,3,10,8,2,4,9,1,0,1,5
5204,Al Rehab,31273,4,1,0,2,8,6,9,10,8,1,1,1,9
5205,Faisal,32413,1,1,0,9,5,5,6,5,4,1,1,0,8
5206,Nasr City,46500,4,1,0,8,9,9,6,6,7,1,1,1,5
5207,Mokattam,7956,5,0,0,7,4,2,1,4,9,1,1,1,9
5208,Shoubra,10553,5,0,0,3,9,3,2,10,8,0,1,0,6
5209,El Obour,27253,2,0,0,10,3,6,4,7,2,0,0,0,5
5210,New Capital,27915,5,0,0,2,8,8,10,3,8,1,1,1,10
5211,Sheikh Zayed,6365,1,1,0,2,7,10,10,6,5,0,1,0,9
5212,Al Rehab,10668,2,1,0,3,10,4,7,4,4,1,1,1,10
5213,Helwan,9000,4,1,0,8,4,6,1,5,9,0,1,0,6
5214,Dokki,7675,2,1,0,2,9,3,8,9,3,0,1,1,8
5215,Mokattam,16907,4,1,0,4,5,7,4,4,8,1,1,0,4
5216,Al Rehab,21336,3,1,0,9,7,7,10,9,7,1,1,1,9
5217,6th of October,23684,1,1,1,8,6,5,10,8,9,0,1,0,8
5218,El Obour,32311,1,0,0,9,5,3,5,10,5,0,0,0,10
5219,Haram,19136,4,0,0,7,9,9,7,7,3,0,0,0,9
5220,Al Rehab,47923,5,0,0,9,6,9,7,10,10,1,1,0,7
5221,Downtown Cairo,16219,5,0,1,6,7,2,5,5,4,0,0,1,6
5222,Faisal,7247,3,0,0,10,7,3,7,8,4,0,1,0,4
5223,Zamalek,8415,4,1,0,2,6,5,6,9,6,0,1,1,8
5224,Sheikh Zayed,10472,3,1,0,8,10,2,8,5,10,1,1,1,10
5225,Mokattam,26380,4,1,0,7,3,7,8,9,2,0,1,0,4
5226,Mokattam,41616,3,1,0,9,8,3,9,10,5,0,0,0,7
5227,New Cairo,31280,4,1,0,3,7,4,7,6,5,1,1,1,7
5228,Helwan,25859,1,0,1,2,4,10,9,7,3,0,0,0,8
5229,New Cairo,37805,3,1,0,2,8,8,10,10,9,1,1,0,6
5230,Shoubra,12262,3,0,1,3,4,5,10,7,2,0,1,0,8
5231,Mokattam,15066,4,1,0,6,7,2,3,5,7,0,1,0,5
5232,New Capital,19554,2,0,0,8,10,5,7,3,8,1,1,0,7
5233,El Obour,11008,2,1,1,10,8,7,2,3,4,1,1,0,4
5234,Downtown Cairo,26315,1,1,1,5,6,9,6,6,6,0,1,0,9
5235,Mokattam,19263,5,1,0,10,6,10,7,6,3,0,0,0,4
5236,Faisal,20238,5,0,0,4,5,5,9,9,7,0,1,0,7
5237,Heliopolis,42410,1,1,1,7,6,7,1,6,4,0,0,0,4
5238,Madinaty,20489,5,1,1,10,3,3,7,10,2,1,1,0,6
5239,Downtown Cairo,21153,4,0,1,2,3,3,5,6,4,1,1,0,8
5240,New Capital,47152,2,1,1,5,4,7,7,5,10,1,1,0,9
5241,Heliopolis,28283,1,1,0,6,7,10,5,6,8,0,1,0,8
5242,Madinaty,15687,4,1,1,7,4,4,8,9,5,1,1,1,5
5243,Dokki,26998,1,0,0,9,7,5,4,8,8,0,1,0,5
5244,Helwan,32887,2,1,0,3,4,10,10,3,7,0,1,1,4
5245,Haram,8355,5,0,1,7,7,10,9,4,3,0,0,0,4
5246,Helwan,37701,4,0,0,8,7,6,1,8,3,1,0,0,10
5247,6th of October,45534,2,0,0,7,4,10,10,8,4,1,1,0,7
5248,Madinaty,9906,1,0,0,5,10,6,8,3,7,1,1,0,9
5249,Madinaty,16572,3,1,1,7,5,6,8,6,5,0,1,0,9
5250,Dokki,16279,4,0,0,5,3,8,2,5,9,0,1,1,9
5251,Shoubra,47491,1,1,0,10,6,7,7,10,8,1,1,1,10
5252,Haram,14611,1,1,0,2,9,8,9,7,7,0,1,0,5
5253,Heliopolis,12261,2,1,0,10,9,3,6,9,9,1,1,1,9
5254,New Capital,8474,1,0,1,5,3,10,7,4,6,0,1,0,9
5255,Zamalek,29878,4,1,0,4,6,7,9,4,10,0,1,1,5
5256,Zamalek,32390,4,1,0,6,7,10,8,8,2,1,1,1,6
5257,El Shorouk,30925,1,0,0,4,8,2,5,6,5,0,1,0,9
5258,Maadi,20638,2,1,0,2,4,3,8,6,3,1,0,0,9
5259,Sheikh Zayed,27471,4,0,0,9,9,8,10,4,7,1,1,1,8
5260,Helwan,8787,3,0,0,10,4,3,8,8,10,1,0,0,4
5261,Sheikh Zayed,11862,5,1,0,7,6,7,8,5,9,1,1,0,10
5262,Al Rehab,47724,2,0,0,3,4,3,8,4,10,0,1,1,7
5263,Sheikh Zayed,14663,2,1,1,7,4,6,10,8,7,0,1,1,5
5264,Zamalek,20120,5,0,0,7,10,7,6,5,10,0,1,0,7
5265,Dokki,26740,5,1,0,7,10,8,7,3,7,1,1,0,5
5266,Haram,40510,4,0,0,10,4,2,5,6,6,0,0,0,6
5267,6th of October,6035,1,0,0,5,10,3,8,8,4,0,1,0,5
5268,New Cairo,38735,1,1,1,3,3,3,9,5,4,1,1,1,4
5269,Mohandeseen,5852,3,1,0,9,4,2,1,10,10,0,1,0,9
5270,Faisal,47315,1,1,0,7,5,4,8,4,10,0,1,0,10
5271,Sheikh Zayed,43386,3,1,1,2,10,7,8,9,4,0,1,0,4
5272,Haram,12303,3,0,0,7,6,10,8,3,4,0,1,0,6
5273,New Capital,48118,2,1,0,3,3,4,10,10,6,1,1,1,10
5274,Al Rehab,4164,2,1,0,5,3,4,10,4,2,1,1,1,10
5275,Mokattam,43726,4,1,0,3,9,3,10,8,2,1,0,0,10
5276,Haram,38905,5,0,0,5,7,3,3,3,3,0,1,1,8
5277,Shoubra,14215,5,1,1,8,7,8,7,10,7,0,1,0,9
5278,New Cairo,34694,3,1,0,9,9,5,10,10,3,1,1,1,7
5279,Downtown Cairo,35253,5,1,1,4,4,7,8,7,3,0,0,1,9
5280,Sheikh Zayed,28230,3,0,1,2,3,9,7,3,7,1,1,0,6
5281,Nasr City,20925,5,1,0,2,8,6,3,10,10,1,1,1,4
5282,Helwan,10033,4,1,0,8,9,4,6,9,5,0,1,0,8
5283,Dokki,6665,2,0,1,2,3,3,6,8,4,1,1,0,9
5284,Shoubra,31025,2,1,0,4,10,7,6,10,3,0,1,0,6
5285,Mokattam,27533,3,1,0,6,4,9,8,5,3,0,0,0,10
5286,Shoubra,49897,5,0,1,6,9,5,1,7,3,0,0,0,6
5287,Dokki,16125,1,0,0,5,6,3,10,8,8,1,1,0,4
5288,6th of October,24998,4,0,0,9,3,4,1,3,7,1,1,0,5
5289,Sheikh Zayed,42957,5,0,0,4,7,4,9,3,8,0,1,0,10
5290,Al Rehab,27057,1,0,1,9,4,10,10,5,4,1,1,0,5
5291,Maadi,17708,4,0,1,7,3,5,3,9,3,0,0,0,8
5292,El Shorouk,22072,4,0,0,5,10,7,8,6,6,0,0,0,6
5293,El Shorouk,9095,2,1,0,4,8,10,3,6,8,0,1,0,9
5294,Sheikh Zayed,35495,3,1,0,3,8,9,10,8,3,1,1,0,10
5295,Haram,44351,5,1,0,7,7,10,1,9,7,0,0,0,10
5296,Dokki,5637,4,1,0,2,5,7,2,8,10,0,0,0,8
5297,Zamalek,18670,5,0,0,9,10,3,7,6,9,0,1,1,6
5298,El Obour,42734,4,1,0,6,3,6,6,7,6,0,1,0,8
5299,Heliopolis,41438,2,0,1,8,9,4,1,8,6,1,0,1,4
5300,Heliopolis,32658,3,1,0,8,8,4,10,6,5,0,0,0,6
5301,El Shorouk,9203,1,0,0,7,4,2,7,7,6,0,1,0,5
5302,Mohandeseen,25518,1,0,0,6,7,5,4,10,6,0,1,0,4
5303,Faisal,12669,2,0,0,3,10,8,1,6,8,0,1,0,4
5304,Nasr City,6366,4,1,0,4,3,4,9,5,3,0,1,0,8
5305,Haram,22910,2,0,0,4,7,8,3,7,6,0,1,0,6
5306,Nasr City,35087,3,0,0,6,4,7,9,9,3,1,1,0,5
5307,Madinaty,4366,1,0,0,3,10,2,10,6,6,1,1,1,9
5308,Zamalek,13907,5,1,0,2,3,6,8,10,9,0,1,0,5
5309,Madinaty,43374,1,1,0,5,9,7,8,4,6,1,1,0,6
5310,Nasr City,34289,3,1,0,4,9,10,10,6,4,1,1,1,8
5311,El Shorouk,36780,4,1,0,4,10,7,9,4,6,0,0,0,6
5312,Dokki,23623,2,1,0,7,8,9,3,4,2,0,1,0,7
5313,6th of October,39085,1,0,0,10,4,3,8,3,3,1,1,0,5
5314,El Shorouk,24426,1,0,1,3,6,2,2,9,2,0,0,0,6
5315,Zamalek,11485,5,1,0,6,3,2,4,8,2,0,0,0,5
5316,Al Rehab,37024,2,1,0,3,3,8,9,6,2,1,1,0,10
5317,Downtown Cairo,29469,5,1,0,7,9,9,4,10,7,0,0,0,7
5318,Maadi,19903,5,1,1,2,9,9,6,3,8,0,1,0,7
5319,New Capital,7212,4,1,0,2,10,4,10,3,6,1,1,0,6
5320,Dokki,42943,1,1,0,10,8,6,1,7,5,0,1,0,7
5321,El Shorouk,31799,2,1,0,6,10,8,10,4,5,0,1,0,5
5322,Haram,20087,4,0,0,10,7,10,8,3,8,0,0,0,8
5323,New Cairo,11446,4,0,0,9,3,6,9,10,5,0,1,1,4
5324,Dokki,33281,4,1,1,10,6,5,7,9,6,0,0,0,4
5325,Al Rehab,18877,3,0,1,10,7,5,9,6,7,1,1,0,4
5326,Haram,28723,3,0,0,9,7,7,6,5,6,0,1,0,9
5327,El Shorouk,16943,4,1,0,4,5,10,3,6,8,0,1,0,4
5328,Heliopolis,14306,3,1,1,8,3,2,9,4,7,0,1,0,6
5329,Nasr City,40784,2,1,0,5,5,2,1,7,7,0,1,1,8
5330,Zamalek,24455,1,1,1,9,8,2,1,10,7,0,1,1,7
5331,El Shorouk,28491,2,0,0,8,6,5,2,6,4,1,1,1,10
5332,Al Rehab,9912,1,1,0,10,3,5,10,6,7,0,1,0,7
5333,Sheikh Zayed,33974,3,1,0,9,5,9,7,8,10,0,1,0,6
5334,Haram,31371,2,1,1,4,5,6,1,3,3,0,1,0,8
5335,Sheikh Zayed,37210,5,1,1,6,10,5,9,8,4,1,1,1,10
5336,Helwan,39712,4,0,1,4,9,9,4,6,4,1,1,0,8
5337,Maadi,7936,1,0,1,10,7,8,1,4,4,1,1,0,10
5338,Maadi,37166,1,1,0,2,5,7,6,5,7,0,1,0,5
5339,El Shorouk,29727,5,1,0,8,5,3,6,3,3,0,0,0,7
5340,Heliopolis,32368,5,0,0,10,8,6,1,9,10,0,1,0,8
5341,Madinaty,6995,4,1,0,4,3,3,9,6,6,1,1,0,8
5342,Shoubra,43097,3,1,1,8,10,7,8,5,4,0,1,1,7
5343,Mokattam,38984,2,1,1,8,9,10,5,6,9,0,1,0,10
5344,Dokki,48291,2,1,1,3,9,10,10,7,8,0,1,0,9
5345,Faisal,30563,2,1,0,6,3,7,7,4,6,0,0,0,5
5346,Helwan,26150,3,1,0,8,7,5,8,7,7,0,0,0,10
5347,6th of October,26061,4,1,0,3,9,10,7,3,2,1,0,0,7
5348,El Obour,33178,2,0,0,3,3,6,3,9,7,0,1,0,10
5349,Nasr City,39336,1,0,0,7,6,9,10,5,9,1,1,0,8
5350,Nasr City,4160,1,0,0,3,7,10,10,10,7,0,0,0,7
5351,Madinaty,19648,1,1,1,2,10,6,8,7,5,0,1,1,8
5352,Madinaty,44835,5,1,0,4,6,7,8,6,2,1,1,1,8
5353,Dokki,40672,5,1,1,2,3,5,5,7,10,0,1,0,4
5354,Downtown Cairo,7573,3,0,0,7,10,2,9,8,6,1,1,0,9
5355,Dokki,38593,2,0,1,5,3,2,4,5,2,0,1,0,9
5356,Downtown Cairo,17786,5,0,0,3,7,6,1,9,4,1,1,0,6
5357,New Cairo,32500,1,0,0,8,9,4,10,6,9,1,1,1,4
5358,Faisal,13815,5,0,1,8,5,8,5,9,10,1,1,0,6
5359,Madinaty,25966,1,0,0,9,4,5,9,3,7,1,1,1,4
5360,Downtown Cairo,17794,2,0,0,8,4,5,9,7,3,0,0,0,7
5361,New Cairo,35423,3,1,1,2,3,5,9,4,7,0,1,1,8
5362,Heliopolis,37944,4,0,0,4,6,7,2,9,6,1,1,0,6
5363,El Shorouk,25302,4,1,0,2,7,10,1,5,8,0,1,0,4
5364,Downtown Cairo,25264,1,1,0,3,5,10,8,4,10,0,1,0,9
5365,Heliopolis,23604,5,0,0,2,8,6,9,8,7,1,0,0,5
5366,El Obour,31835,5,1,0,10,3,9,4,6,6,0,1,0,6
5367,Faisal,11820,1,0,0,8,10,5,1,10,4,1,1,0,5
5368,New Cairo,5499,2,0,1,10,6,9,7,4,4,1,1,0,9
5369,Mohandeseen,27814,1,1,0,9,3,10,5,9,6,0,1,0,8
5370,Mohandeseen,28089,2,1,1,3,8,9,5,5,5,0,0,0,8
5371,New Capital,11626,3,1,0,2,4,9,7,9,3,0,1,1,9
5372,Downtown Cairo,36746,3,1,1,6,3,10,10,5,3,0,1,1,8
5373,Sheikh Zayed,20137,1,1,1,8,6,9,8,4,4,1,1,0,8
5374,Faisal,25260,3,0,1,3,4,5,7,4,9,0,1,0,5
5375,New Cairo,40476,5,1,0,5,8,6,10,6,6,1,1,1,4
5376,El Obour,30283,2,1,0,8,8,7,10,4,6,1,1,0,5
5377,Mohandeseen,5769,4,0,0,10,9,6,9,5,6,1,1,1,9
5378,Shoubra,46278,4,1,0,7,3,10,4,8,3,0,1,0,10
5379,El Obour,19634,3,0,0,8,4,3,5,10,7,0,1,0,10
5380,New Cairo,43499,2,1,1,9,8,7,8,9,2,1,1,0,10
5381,Shoubra,14965,5,1,1,9,7,3,3,8,5,0,0,0,6
5382,6th of October,31566,4,0,0,10,9,9,5,4,9,0,1,0,8
5383,Mokattam,37143,5,1,0,3,6,9,1,3,10,0,1,0,5
5384,El Obour,23420,5,1,1,8,6,6,1,5,7,0,1,1,9
5385,Dokki,29236,4,1,0,3,7,9,1,5,7,0,1,0,9
5386,Downtown Cairo,10218,4,0,0,8,8,6,7,10,5,0,0,1,10
5387,Dokki,12495,3,0,1,10,8,5,10,6,8,0,0,1,5
5388,Heliopolis,37853,2,1,0,5,6,10,4,10,6,0,1,0,5
5389,Maadi,17073,1,0,1,6,6,9,4,6,2,0,0,0,9
5390,6th of October,15371,2,1,1,6,3,5,3,7,10,0,1,0,8
5391,Helwan,21594,1,1,0,3,5,3,2,6,9,0,0,0,8
5392,Nasr City,15226,4,0,0,4,3,3,4,3,2,0,1,1,10
5393,El Shorouk,14046,5,0,1,2,7,3,2,6,2,0,1,0,6
5394,Zamalek,47809,2,1,0,4,7,9,7,9,10,0,1,0,7
5395,Madinaty,41117,5,0,0,6,5,7,7,7,3,1,1,0,6
5396,Al Rehab,8965,2,1,0,10,3,2,9,5,5,1,1,1,4
5397,Shoubra,17336,2,0,0,2,3,5,6,10,2,0,1,0,8
5398,Mokattam,23843,5,0,1,7,3,4,2,6,4,0,1,0,10
5399,Mohandeseen,21373,3,1,0,3,4,8,5,7,7,0,0,1,5
5400,Helwan,49452,4,1,0,7,9,6,10,6,4,0,0,0,7
5401,Haram,10654,3,1,1,7,8,2,8,6,5,1,1,1,8
5402,El Shorouk,35280,3,0,0,2,4,7,2,5,10,0,0,0,10
5403,Helwan,44110,2,1,0,6,10,5,8,7,4,1,1,0,10
5404,Mokattam,26407,4,1,1,3,3,7,9,10,6,0,0,0,5
5405,Shoubra,6358,2,1,0,2,4,8,3,10,9,0,1,0,9
5406,Mokattam,30583,1,1,1,10,3,10,4,10,6,0,0,0,4
5407,6th of October,32706,2,0,0,7,7,2,8,10,8,0,1,1,8
5408,Sheikh Zayed,10360,5,1,0,2,3,7,9,6,7,1,1,0,7
5409,Al Rehab,7743,2,1,0,10,4,9,7,5,9,1,1,0,8
5410,Heliopolis,11159,1,1,1,10,10,5,1,8,7,1,0,0,7
5411,Downtown Cairo,36151,2,1,0,8,5,10,2,7,8,0,1,1,7
5412,Nasr City,4518,1,1,0,10,10,5,9,4,9,1,0,0,9
5413,Al Rehab,20652,4,0,0,2,7,5,7,7,6,0,1,1,7
5414,Haram,16925,2,1,0,4,6,10,4,6,9,0,1,0,6
5415,El Obour,9475,1,0,0,9,10,5,2,10,3,0,0,0,4
5416,Al Rehab,40953,4,1,0,4,10,10,9,6,7,1,1,0,10
5417,Mokattam,41929,5,0,1,9,5,2,6,7,7,0,1,0,9
5418,Haram,46348,3,1,1,4,10,9,7,9,8,0,1,0,8
5419,Faisal,13886,1,1,0,5,5,3,4,5,8,1,1,1,8
5420,Downtown Cairo,15465,5,0,0,5,8,9,7,9,5,1,1,0,9
5421,6th of October,15221,4,1,0,6,6,6,1,9,10,0,1,1,9
5422,Mohandeseen,28395,5,1,1,5,7,2,8,7,4,0,1,0,7
5423,New Capital,6335,2,0,0,8,8,2,9,6,10,1,1,1,5
5424,Zamalek,40442,3,0,0,5,9,7,7,6,10,0,1,0,7
5425,Sheikh Zayed,8576,1,0,0,2,9,2,8,9,4,1,1,1,8
5426,Mokattam,4500,4,0,1,6,10,3,3,3,4,0,1,0,8
5427,Maadi,30675,3,1,0,9,9,4,5,10,2,0,1,0,8
5428,Shoubra,12083,4,1,1,7,6,3,2,5,8,1,0,0,7
5429,New Cairo,45062,5,1,0,5,7,10,9,3,9,1,1,1,7
5430,Mohandeseen,19720,4,1,0,5,7,7,5,8,8,0,0,0,6
5431,Heliopolis,9543,4,1,0,2,8,10,4,6,8,0,1,0,9
5432,Shoubra,7276,5,1,1,2,9,6,10,9,6,0,0,0,9
5433,Shoubra,34635,5,1,0,4,7,5,3,5,8,0,1,0,8
5434,Dokki,28180,3,0,0,5,5,3,1,9,5,0,0,0,10
5435,El Obour,10613,1,0,0,5,7,5,7,5,2,0,0,0,10
5436,El Obour,48497,5,0,0,3,8,9,3,5,5,0,0,0,8
5437,Nasr City,5327,3,1,0,10,6,3,10,8,5,0,1,0,8
5438,New Capital,44540,4,0,0,9,10,9,10,7,5,1,1,1,7
5439,Haram,14666,4,0,0,4,5,3,10,7,7,0,1,0,8
5440,Downtown Cairo,30255,2,1,0,3,7,2,10,9,2,1,1,1,10
5441,Haram,24130,5,1,0,2,4,5,8,6,5,1,1,0,9
5442,Maadi,26068,3,1,0,10,4,8,8,8,2,0,1,0,7
5443,Madinaty,22946,3,1,0,6,10,3,7,5,2,1,1,1,4
5444,El Obour,24547,1,0,0,9,7,4,10,9,6,0,1,0,6
5445,Haram,23701,3,1,0,5,4,7,3,5,10,0,1,0,4
5446,Downtown Cairo,9769,5,0,1,3,3,3,2,5,10,0,1,0,5
5447,El Shorouk,28883,3,1,0,6,9,10,8,7,2,0,0,0,9
5448,Downtown Cairo,17663,2,1,0,9,8,7,9,10,7,0,1,0,4
5449,El Obour,42686,4,1,1,7,5,7,4,6,10,0,1,0,6
5450,Haram,41323,4,1,0,9,10,9,4,5,2,0,1,0,9
5451,Downtown Cairo,39162,3,1,1,4,10,2,5,9,3,0,0,0,5
5452,Al Rehab,26852,3,1,0,6,3,4,7,5,4,0,1,0,9
5453,Faisal,24388,3,1,0,3,5,3,5,9,6,0,1,0,8
5454,New Cairo,37434,3,1,0,4,6,2,8,4,9,1,1,1,8
5455,Dokki,26102,2,1,1,8,10,7,8,10,4,1,1,0,8
5456,Mokattam,25536,5,1,0,2,4,5,5,8,8,0,1,0,6
5457,Mokattam,16355,2,0,1,9,4,7,7,3,2,0,0,0,10
5458,El Obour,6234,2,1,0,6,8,9,4,8,6,0,1,0,5
5459,El Shorouk,43103,2,1,1,3,4,8,2,8,3,1,0,0,10
5460,6th of October,35147,4,1,0,4,7,4,8,8,6,1,1,0,5
5461,Zamalek,27659,2,1,0,5,5,4,4,7,6,0,1,0,5
5462,Faisal,48271,3,0,1,3,7,7,9,10,7,0,1,0,9
5463,Al Rehab,43127,2,0,1,6,4,2,9,4,6,0,1,0,9
5464,Faisal,20560,3,0,0,8,9,4,8,6,2,0,1,0,8
5465,Haram,27088,5,1,0,10,6,9,9,10,3,0,1,0,10
5466,El Shorouk,6928,4,0,0,2,4,4,9,3,8,0,1,0,7
5467,Zamalek,44385,5,1,0,7,9,2,9,6,4,0,1,0,10
5468,Faisal,44382,5,0,1,7,9,10,7,7,9,1,0,0,4
5469,New Capital,32184,4,0,0,2,8,3,9,8,3,1,1,1,7
5470,Helwan,24099,3,0,0,3,7,8,8,6,4,0,1,0,7
5471,Nasr City,8274,3,0,1,9,4,9,7,9,8,0,0,0,6
5472,New Cairo,28970,3,0,0,7,9,4,9,5,2,0,1,0,10
5473,Maadi,29744,4,1,0,2,3,8,5,5,6,0,1,0,4
5474,New Cairo,41739,2,0,0,7,3,5,10,8,8,0,1,1,7
5475,Mohandeseen,12389,1,0,1,8,7,3,2,6,2,0,1,0,7
5476,Shoubra,21352,2,1,0,3,3,5,7,6,2,0,0,0,8
5477,Heliopolis,25148,2,0,0,5,5,9,6,6,5,0,1,0,7
5478,El Obour,35828,5,1,1,8,9,3,6,6,8,0,1,0,7
5479,Shoubra,6504,1,1,0,7,8,7,10,5,2,0,1,0,9
5480,Shoubra,42774,3,1,0,9,5,4,8,8,7,1,0,1,6
5481,New Cairo,32743,2,1,0,7,8,4,10,4,5,0,1,0,9
5482,El Obour,32894,4,0,1,3,10,7,1,4,6,1,1,0,10
5483,Mokattam,34995,2,1,1,2,9,4,4,6,3,1,1,0,10
5484,Mohandeseen,44711,3,1,0,6,8,3,8,6,3,0,1,1,8
5485,El Shorouk,21748,2,0,0,10,7,3,5,3,10,1,1,0,10
5486,Mohandeseen,27100,5,0,0,3,3,4,9,10,7,0,0,0,8
5487,6th of October,37691,5,1,0,8,5,3,3,6,4,0,1,0,9
5488,Zamalek,26981,2,0,1,10,10,7,6,4,3,0,0,0,7
5489,Heliopolis,36708,5,1,0,5,3,5,6,7,10,0,0,0,4
5490,Faisal,14246,4,1,0,5,4,2,4,7,8,0,1,1,10
5491,Al Rehab,49243,1,0,0,6,8,4,7,6,10,1,1,0,9
5492,Al Rehab,36486,2,0,0,7,3,4,9,8,9,1,1,0,10
5493,El Obour,34340,4,0,0,8,3,5,10,6,9,1,0,0,5
5494,Al Rehab,23338,4,1,1,10,7,7,10,7,6,1,1,1,4
5495,Haram,7086,4,0,0,7,10,2,8,3,8,0,0,0,4
5496,Downtown Cairo,29535,3,1,0,4,10,3,2,4,6,1,0,0,4
5497,Zamalek,18860,2,1,0,3,9,4,3,8,8,0,1,1,7
5498,Dokki,21013,2,1,0,7,4,6,9,9,7,0,1,0,8
5499,El Obour,11407,2,0,1,10,9,8,2,10,5,1,1,0,6
5500,El Shorouk,37542,1,1,0,4,5,2,10,6,8,0,1,0,10
5501,Haram,28935,4,0,0,5,8,3,1,6,7,0,1,0,8
5502,Faisal,45477,2,0,0,4,8,5,3,3,8,0,0,1,7
5503,Downtown Cairo,38111,5,0,1,8,8,2,10,4,2,0,1,0,8
5504,Mohandeseen,14161,3,1,1,5,5,2,6,6,10,0,0,0,7
5505,Faisal,27581,1,1,0,7,10,10,8,8,9,0,1,0,4
5506,Madinaty,36277,3,0,1,7,8,7,8,4,4,1,1,0,5
5507,Dokki,25400,4,1,0,10,3,3,5,10,2,1,1,0,10
5508,Haram,15419,5,0,0,6,6,8,2,4,3,0,0,0,8
5509,Shoubra,44565,4,1,1,8,10,7,8,8,7,0,1,0,5
5510,New Capital,23283,2,0,0,2,6,7,9,7,8,1,1,0,10
5511,Heliopolis,4934,3,1,1,9,10,9,4,6,3,0,1,0,10
5512,6th of October,38754,5,1,0,3,8,4,9,10,9,1,1,1,9
5513,El Obour,25380,3,1,0,5,5,3,7,10,7,0,1,0,5
5514,Mohandeseen,18016,1,0,0,8,3,10,3,7,6,1,1,0,10
5515,Shoubra,42233,5,1,1,7,3,6,1,4,6,0,0,0,5
5516,El Obour,26695,1,1,0,5,9,7,6,6,7,1,1,0,7
5517,El Obour,28952,5,0,0,9,9,8,9,5,2,0,0,0,10
5518,Helwan,46734,2,0,1,8,10,3,4,5,4,0,1,0,6
5519,New Capital,19721,3,1,0,7,4,7,9,3,8,1,1,1,8
5520,Nasr City,5505,3,1,0,6,7,2,3,10,7,0,0,0,10
5521,Helwan,9363,4,0,0,6,10,10,1,8,8,0,1,0,4
5522,6th of October,47614,5,1,0,8,6,7,5,7,3,0,1,0,5
5523,Maadi,5010,5,1,1,7,8,8,1,8,7,1,0,0,7
5524,Haram,23861,1,1,1,5,3,6,2,4,6,1,0,0,6
5525,6th of October,28125,5,1,0,8,5,3,7,5,4,0,1,0,6
5526,Heliopolis,13369,3,1,1,6,6,5,1,6,3,0,1,0,5
5527,Al Rehab,7857,5,0,0,8,7,6,9,8,6,1,1,1,7
5528,Heliopolis,30671,4,1,0,8,3,3,7,8,8,0,1,0,10
5529,Heliopolis,13864,4,1,0,3,6,10,4,4,7,0,1,1,8
5530,El Obour,36490,3,1,1,5,3,3,4,8,4,1,1,0,10
5531,Al Rehab,14120,3,0,0,5,8,3,10,3,7,1,1,1,6
5532,Mokattam,24223,3,1,0,8,7,3,5,4,10,0,1,0,9
5533,Maadi,36150,5,1,1,9,4,3,7,9,4,1,0,1,6
5534,Mohandeseen,48138,5,0,0,2,6,6,4,3,3,0,1,0,5
5535,New Cairo,6553,2,1,1,8,7,8,10,9,10,1,1,1,10
5536,New Cairo,19489,1,0,1,7,4,2,8,4,6,1,1,0,7
5537,Zamalek,8389,5,1,0,2,4,10,7,6,2,1,1,0,7
5538,Faisal,25950,2,1,1,9,7,7,3,9,2,0,1,0,7
5539,Haram,15089,2,1,1,6,10,2,10,10,10,0,0,0,7
5540,Helwan,45999,4,1,0,8,5,2,9,7,9,0,1,0,9
5541,New Capital,7051,5,0,1,9,9,10,10,5,3,1,1,1,5
5542,El Obour,42090,2,0,0,8,7,10,10,4,2,0,1,0,5
5543,New Cairo,32805,4,1,0,2,3,2,10,4,10,0,1,0,6
5544,Zamalek,33442,1,1,0,7,5,2,9,6,5,0,1,0,6
5545,Sheikh Zayed,48557,4,1,1,2,10,6,10,6,7,0,1,1,8
5546,El Obour,6555,1,0,0,5,4,6,10,5,5,0,0,0,4
5547,Helwan,16767,3,1,0,5,9,8,10,10,5,0,0,0,6
5548,Al Rehab,4458,3,1,1,9,10,5,8,4,9,1,1,1,5
5549,Maadi,20066,4,0,0,7,9,2,5,6,10,0,1,1,8
5550,Shoubra,8721,3,0,0,8,10,7,7,7,6,1,1,0,6
5551,Maadi,16446,5,1,0,8,9,4,8,3,4,0,1,1,8
5552,Faisal,10304,4,1,0,8,6,8,4,3,8,1,1,0,9
5553,Faisal,46967,2,1,0,3,10,2,7,6,3,1,1,0,9
5554,Shoubra,38688,5,1,0,7,10,5,6,5,3,0,1,0,5
5555,Faisal,17227,4,0,0,9,4,10,9,9,10,0,1,0,7
5556,6th of October,44462,1,1,0,9,6,7,4,6,7,0,1,0,8
5557,Zamalek,10298,3,0,0,5,9,3,4,6,10,1,1,0,7
5558,Madinaty,43397,3,1,0,8,6,7,9,3,6,0,1,0,10
5559,Faisal,49487,3,0,0,10,10,10,8,6,2,0,1,0,4
5560,Zamalek,41914,4,1,1,9,7,2,8,5,3,0,0,0,6
5561,Maadi,14306,5,1,0,3,10,6,4,3,4,0,1,0,5
5562,Shoubra,6589,1,0,0,9,10,9,3,10,9,0,0,0,8
5563,El Shorouk,41078,3,0,0,4,7,8,6,8,4,0,1,0,7
5564,Mohandeseen,39009,5,1,0,5,4,3,9,9,4,0,1,0,9
5565,Haram,17601,2,1,1,4,10,9,8,3,8,0,1,0,5
5566,Maadi,11711,2,1,0,9,7,10,7,3,10,0,1,1,8
5567,El Obour,25364,1,1,0,5,10,9,7,7,5,0,1,0,7
5568,Heliopolis,37706,3,0,0,2,4,7,5,9,5,0,0,0,4
5569,Heliopolis,33610,2,0,0,10,9,10,2,4,10,0,1,1,7
5570,6th of October,41069,5,1,0,10,10,9,9,6,6,0,1,1,9
5571,Shoubra,7970,5,1,0,2,9,5,3,9,7,0,0,0,4
5572,Al Rehab,7999,2,1,0,9,7,7,10,7,8,0,1,0,7
5573,Dokki,25034,3,1,0,3,10,6,10,6,7,0,1,0,10
5574,Madinaty,40176,1,1,0,8,7,10,7,5,3,1,1,0,7
5575,Madinaty,45730,3,0,0,2,9,5,7,8,10,1,1,0,6
5576,New Capital,20632,4,0,1,7,6,2,9,4,3,1,1,0,10
5577,Haram,17385,2,0,0,9,5,10,7,6,10,0,0,0,5
5578,New Capital,9950,4,0,0,7,7,10,10,6,7,1,1,1,4
5579,6th of October,39694,2,1,0,10,8,8,8,9,6,0,1,0,5
5580,Downtown Cairo,11975,1,1,1,2,8,6,3,4,9,0,0,1,9
5581,Sheikh Zayed,25314,3,1,1,10,8,8,7,5,3,1,1,0,10
5582,Mohandeseen,27398,3,1,0,4,7,10,9,5,2,0,1,0,6
5583,6th of October,29277,2,1,0,3,4,4,1,6,8,0,1,0,7
5584,El Obour,30761,5,1,1,9,6,6,7,4,7,0,1,0,4
5585,6th of October,35533,4,1,0,6,8,4,2,3,5,0,1,0,9
5586,Sheikh Zayed,10966,3,0,1,2,9,9,10,9,5,0,1,0,6
5587,Helwan,45901,3,1,0,2,6,2,10,3,7,1,1,0,6
5588,Shoubra,10587,2,0,0,3,5,5,8,8,8,0,1,1,4
5589,Downtown Cairo,26880,5,1,1,8,5,8,3,7,3,1,0,0,9
5590,New Cairo,9091,4,0,1,3,5,10,10,9,8,1,1,0,7
5591,New Capital,45753,5,1,0,10,9,3,10,8,8,1,1,1,10
5592,Nasr City,35130,5,0,1,7,10,10,3,9,7,0,0,1,10
5593,Nasr City,21061,2,1,1,5,7,7,8,4,4,0,0,0,4
5594,New Capital,26293,5,1,0,5,10,8,9,5,9,0,1,1,9
5595,Downtown Cairo,5561,4,1,0,4,4,5,6,7,2,0,1,0,8
5596,Haram,45412,1,1,0,10,8,6,8,5,9,1,1,0,6
5597,Downtown Cairo,7656,1,1,1,3,3,2,4,7,8,0,1,0,8
5598,Maadi,25618,4,1,0,10,8,5,5,9,3,0,1,1,5
5599,El Obour,24530,2,0,0,4,10,9,3,5,2,0,1,1,9
5600,Sheikh Zayed,25872,3,0,0,5,8,7,7,9,9,1,1,0,6
5601,Madinaty,32330,2,0,0,10,4,8,10,9,5,1,1,1,9
5602,El Obour,20139,4,1,0,4,9,2,8,6,10,0,1,0,9
5603,Madinaty,36977,5,1,0,7,6,8,10,5,5,1,1,0,7
5604,6th of October,8983,1,0,1,6,5,7,6,10,9,0,0,1,6
5605,Mohandeseen,43909,5,1,0,7,3,5,5,4,9,0,1,0,8
5606,New Cairo,46886,2,1,0,6,6,3,9,7,2,1,1,0,7
5607,Shoubra,25329,4,0,0,4,5,3,4,3,6,0,0,0,6
5608,Mokattam,40734,1,1,0,3,10,8,3,6,5,0,1,0,9
5609,6th of October,46837,4,0,0,10,8,4,6,8,5,1,1,1,4
5610,Al Rehab,12818,1,1,0,5,3,3,7,5,10,0,1,0,5
5611,New Cairo,14918,1,1,0,7,4,4,9,3,4,1,1,0,8
5612,Nasr City,46418,1,0,0,10,8,3,6,10,9,0,0,0,6
5613,Madinaty,5250,2,1,0,6,6,4,7,8,10,1,1,1,9
5614,El Obour,8758,4,0,0,8,7,6,2,8,9,0,1,1,8
5615,Sheikh Zayed,41131,3,0,1,6,10,6,8,10,5,1,1,1,5
5616,El Obour,6163,3,1,0,10,8,8,10,8,3,0,1,0,8
5617,El Shorouk,46583,3,0,1,3,3,4,3,7,8,0,1,1,4
5618,Nasr City,38621,4,0,1,4,3,4,6,10,4,1,0,1,5
5619,Madinaty,21137,5,0,0,6,8,8,9,6,7,1,1,1,4
5620,6th of October,36103,4,1,1,3,10,7,3,8,4,0,1,1,7
5621,New Capital,25832,1,0,0,7,8,7,8,6,5,1,1,1,9
5622,Dokki,5868,5,1,0,4,4,5,2,6,3,1,0,0,4
5623,Maadi,45862,1,0,1,6,4,5,4,8,6,0,1,0,8
5624,Dokki,23728,1,0,0,6,6,3,10,10,8,0,1,1,8
5625,Mohandeseen,42006,4,1,0,9,7,7,3,3,3,0,1,0,5
5626,Dokki,32029,3,0,1,10,5,4,7,10,6,0,1,0,7
5627,Mokattam,43857,5,1,0,5,8,7,4,8,7,0,1,0,10
5628,Faisal,32183,2,1,0,2,3,4,4,10,7,0,1,0,10
5629,Nasr City,26785,3,1,0,6,9,4,1,7,3,0,1,0,10
5630,Haram,22940,2,0,0,5,3,2,10,5,3,0,0,0,4
5631,New Capital,9280,4,1,0,6,6,6,8,7,3,1,1,0,8
5632,El Shorouk,41012,5,0,1,10,5,3,5,6,4,0,1,0,8
5633,Helwan,6164,4,1,1,9,9,3,5,7,3,0,0,1,6
5634,El Obour,31188,2,1,0,9,5,10,4,5,10,0,0,1,6
5635,Maadi,18088,1,1,0,9,8,3,7,8,6,1,1,0,5
5636,El Obour,22405,4,0,1,2,5,3,10,8,10,1,1,0,5
5637,Dokki,6821,5,0,0,8,6,7,10,8,9,0,0,0,10
5638,Madinaty,26516,4,1,0,5,10,2,9,7,6,1,1,0,6
5639,Heliopolis,14473,3,0,0,7,9,9,7,9,8,1,1,0,8
5640,New Cairo,46530,4,1,0,5,3,2,8,9,3,0,1,0,7
5641,New Cairo,42737,2,0,0,6,4,10,8,8,8,0,1,1,7
5642,Haram,16178,4,1,0,6,3,5,5,8,6,0,1,0,9
5643,Al Rehab,42936,5,1,0,2,4,4,8,8,7,1,1,1,5
5644,New Capital,31018,4,0,0,7,4,8,10,6,10,0,1,1,5
5645,Nasr City,21097,4,1,0,9,6,9,9,6,9,0,1,0,9
5646,Faisal,18096,5,0,0,6,8,6,6,5,3,0,1,0,10
5647,Faisal,43971,4,0,0,7,5,4,5,4,7,0,0,0,6
5648,Downtown Cairo,7545,5,0,0,6,8,5,1,9,2,0,1,0,6
5649,Shoubra,28798,2,0,1,2,6,7,3,7,9,1,1,0,7
5650,6th of October,4863,5,0,0,6,10,6,8,6,2,0,1,0,4
5651,Sheikh Zayed,20148,2,1,0,3,8,5,8,8,3,1,1,1,10
5652,Downtown Cairo,25009,2,1,0,5,8,4,1,7,5,0,1,0,8
5653,El Shorouk,21809,5,0,0,3,4,7,8,5,3,0,1,0,4
5654,New Cairo,22688,4,1,0,9,3,8,8,3,6,1,1,0,8
5655,Mokattam,4653,3,1,0,8,9,3,2,10,8,0,1,1,7
5656,Helwan,12129,5,1,1,10,4,7,6,3,8,0,1,1,10
5657,Faisal,30418,4,1,0,5,9,4,9,8,6,1,0,0,4
5658,Heliopolis,27118,2,0,1,6,6,9,8,8,4,0,0,1,5
5659,Sheikh Zayed,4443,1,1,0,10,9,3,9,6,6,0,1,0,5
5660,Dokki,31041,3,1,1,10,8,6,2,9,5,1,1,1,7
5661,Faisal,27843,4,0,0,3,10,9,3,5,7,0,1,0,7
5662,Helwan,25053,3,1,1,2,8,10,3,9,2,0,1,1,4
5663,Shoubra,34848,1,0,0,4,9,8,9,5,2,0,1,0,5
5664,Downtown Cairo,41874,1,1,0,2,9,10,9,7,9,0,1,0,5
5665,Mohandeseen,41204,1,0,1,7,3,10,5,9,7,1,0,1,9
5666,Faisal,46240,5,1,0,9,5,9,5,6,10,0,1,0,4
5667,Mohandeseen,39807,3,1,1,5,6,8,8,3,2,0,1,0,10
5668,Haram,32213,5,0,0,5,8,7,3,5,8,0,1,0,9
5669,Shoubra,12291,1,0,0,2,9,4,9,8,2,1,1,1,5
5670,New Capital,47046,4,1,0,10,8,9,9,5,8,0,1,0,4
5671,Faisal,20285,1,1,0,9,7,4,9,3,8,0,1,0,10
5672,Madinaty,30886,5,1,0,4,8,10,7,7,9,0,1,1,4
5673,Helwan,17944,1,1,0,4,4,10,9,7,6,1,0,0,7
5674,El Obour,39505,1,1,0,5,5,10,4,10,9,0,1,0,10
5675,El Obour,27340,5,0,0,5,5,5,2,7,6,1,0,0,10
5676,Dokki,34025,5,1,1,3,8,10,7,10,10,0,0,0,6
5677,Madinaty,5607,4,0,0,5,3,3,8,10,9,1,1,0,7
5678,Maadi,6953,5,0,0,3,10,2,7,10,8,0,1,0,4
5679,Sheikh Zayed,48941,4,1,0,8,6,9,8,7,8,1,1,0,4
5680,Heliopolis,9933,2,1,1,6,10,7,5,6,4,1,0,1,9
5681,Haram,15386,2,0,0,8,10,10,1,7,7,0,0,0,5
5682,Heliopolis,8682,5,1,0,7,8,10,8,7,7,1,0,0,10
5683,Helwan,48052,1,1,0,3,8,4,1,9,6,0,1,0,5
5684,Mokattam,15154,3,0,1,3,4,3,6,9,3,0,1,1,10
5685,Al Rehab,13047,1,1,0,2,8,8,9,6,8,0,1,1,7
5686,Faisal,26993,5,1,0,2,7,6,2,5,6,0,0,0,7
5687,Maadi,14338,4,1,0,6,4,7,4,4,3,1,1,1,6
5688,New Cairo,18323,1,1,0,6,8,6,10,7,5,0,1,1,8
5689,Al Rehab,41693,2,0,0,8,8,5,7,9,2,1,1,1,6
5690,Heliopolis,27634,5,1,0,2,9,2,8,4,9,0,1,0,4
5691,Mokattam,30292,1,1,0,6,6,5,7,8,6,0,1,0,10
5692,Faisal,42551,1,1,0,3,5,4,6,10,9,1,1,0,7
5693,Shoubra,49111,4,0,1,2,7,4,10,3,2,0,1,0,7
5694,Dokki,13917,4,1,0,8,3,6,1,4,9,0,1,0,6
5695,Mohandeseen,14145,4,1,0,4,10,2,6,9,6,0,0,0,6
5696,Faisal,33717,3,1,0,10,6,7,6,3,8,0,1,1,5
5697,New Capital,43491,5,0,1,6,4,3,8,9,4,1,1,1,10
5698,Shoubra,20905,5,1,0,6,6,2,8,9,4,0,1,0,9
5699,Dokki,34273,2,1,1,6,3,9,6,4,10,0,1,0,6
5700,6th of October,30234,2,1,0,10,4,4,2,10,8,1,1,0,4
5701,El Obour,17349,5,0,0,2,7,7,10,7,7,0,1,0,5
5702,Zamalek,5002,1,1,0,6,9,3,3,10,5,0,1,0,9
5703,Mohandeseen,43034,5,1,1,7,4,6,2,8,6,1,1,0,10
5704,Sheikh Zayed,36573,3,0,1,10,4,10,10,10,9,1,1,0,5
5705,New Cairo,31803,2,0,1,4,9,8,8,4,2,1,1,1,5
5706,New Cairo,15330,2,0,1,2,3,5,10,9,3,1,1,0,6
5707,El Obour,30504,2,0,0,9,10,4,5,5,4,0,1,0,8
5708,Mohandeseen,18980,5,1,0,10,4,10,9,8,6,0,0,1,8
5709,Dokki,11017,2,0,0,7,6,5,7,9,9,0,1,1,7
5710,Zamalek,45353,2,0,1,6,5,6,1,4,6,0,1,0,9
5711,Shoubra,20011,5,1,0,9,3,7,1,3,6,0,0,0,7
5712,Heliopolis,22001,1,1,0,7,3,6,2,9,7,0,1,0,7
5713,Dokki,21044,2,0,0,7,3,10,7,5,10,0,0,0,9
5714,El Shorouk,42292,2,1,1,10,6,2,7,8,10,0,0,0,4
5715,6th of October,9250,2,0,1,10,10,7,9,4,10,0,1,0,8
5716,Al Rehab,44280,3,0,0,2,6,5,7,9,6,1,1,0,9
5717,Madinaty,27289,5,1,1,3,6,5,9,3,7,1,1,0,7
5718,Zamalek,37087,2,1,0,2,8,4,8,9,8,0,1,0,6
5719,Haram,14416,3,1,0,3,6,6,6,8,4,0,0,0,6
5720,Sheikh Zayed,29159,1,1,1,4,9,9,8,3,2,0,1,1,4
5721,Nasr City,40368,1,1,0,3,4,5,8,7,3,0,0,0,10
5722,6th of October,9279,3,1,0,7,3,8,3,3,5,0,1,0,8
5723,Helwan,29157,1,1,0,5,10,9,6,10,10,0,1,0,5
5724,New Cairo,19494,4,1,0,6,10,6,7,10,2,1,1,0,5
5725,Shoubra,49166,1,1,0,10,8,2,4,8,7,0,0,0,8
5726,Nasr City,29574,4,0,0,3,3,9,6,9,5,0,0,0,5
5727,Shoubra,29333,3,0,1,4,7,4,5,5,7,0,1,1,8
5728,New Cairo,37050,4,0,1,2,5,5,8,6,3,1,1,0,6
5729,New Capital,36263,1,1,0,3,4,8,10,3,3,1,1,1,4
5730,Downtown Cairo,36539,2,1,0,2,5,10,1,10,8,0,0,0,6
5731,New Cairo,18030,4,1,1,10,4,5,7,5,6,1,1,1,7
5732,New Capital,26721,1,0,0,4,4,5,7,8,7,1,1,1,7
5733,Mokattam,9166,2,1,0,4,4,7,10,9,5,0,1,0,9
5734,Shoubra,11121,3,0,0,8,3,10,4,6,2,1,1,0,10
5735,Helwan,18677,3,1,1,2,5,5,3,4,9,0,1,0,4
5736,New Capital,35241,5,1,0,10,5,9,9,3,2,1,1,1,4
5737,Haram,20373,3,1,1,8,6,4,6,7,9,0,1,0,4
5738,Haram,25873,5,0,0,10,5,3,6,4,2,1,1,0,10
5739,Mokattam,41664,3,0,0,9,10,5,10,7,5,0,1,0,6
5740,Haram,5293,3,0,0,6,6,5,3,9,7,1,0,0,4
5741,Downtown Cairo,26443,3,0,0,4,7,8,6,5,2,0,0,0,6
5742,Downtown Cairo,43725,5,1,0,10,6,8,3,5,10,1,0,1,9
5743,Heliopolis,22595,5,0,0,6,8,10,7,8,8,0,1,0,9
5744,Downtown Cairo,13740,4,1,0,10,4,3,2,6,2,0,0,0,7
5745,Haram,16559,1,1,1,4,3,5,9,9,3,0,1,1,5
5746,Sheikh Zayed,46741,1,1,0,7,8,4,10,7,6,0,1,0,5
5747,Mohandeseen,43044,1,0,0,3,4,4,2,5,4,0,0,0,6
5748,Downtown Cairo,25747,3,1,0,4,9,8,1,9,2,0,1,1,7
5749,New Cairo,44920,1,1,0,3,7,7,8,8,6,0,1,0,9
5750,Downtown Cairo,11973,5,1,1,3,8,4,8,7,9,0,0,0,8
5751,El Obour,19333,4,0,0,6,3,9,7,5,2,0,1,1,8
5752,6th of October,34129,2,1,0,5,7,9,6,7,7,1,1,0,9
5753,Maadi,4037,4,0,1,5,8,8,10,8,2,0,1,0,9
5754,Mohandeseen,42758,1,1,0,9,4,10,7,6,9,0,0,0,8
5755,New Capital,36311,1,1,0,7,10,4,9,4,6,1,1,0,7
5756,Helwan,42206,5,0,1,3,3,6,8,9,4,0,0,0,10
5757,El Obour,32207,4,0,0,2,7,7,4,9,9,0,1,1,7
5758,Zamalek,47624,5,1,0,6,8,10,10,3,9,0,1,0,4
5759,Maadi,37241,5,0,0,8,6,5,8,5,4,1,1,0,8
5760,Downtown Cairo,4058,2,1,0,6,5,6,5,8,8,0,1,0,9
5761,El Shorouk,6636,5,1,1,5,4,10,9,8,2,0,0,1,5
5762,Mokattam,34635,5,0,1,6,6,5,7,8,4,1,0,0,5
5763,Maadi,18834,2,0,1,9,7,3,10,8,8,1,0,0,8
5764,Haram,19577,3,0,0,6,7,10,10,8,4,0,1,0,9
5765,Dokki,31190,3,1,1,10,8,4,6,9,8,0,1,0,6
5766,Heliopolis,11296,2,1,0,8,10,7,2,7,4,1,1,0,5
5767,Mokattam,25383,5,1,0,3,8,10,6,5,4,0,1,0,7
5768,Mohandeseen,49438,1,1,1,10,3,4,1,5,3,0,0,1,9
5769,Maadi,28660,4,1,0,3,6,9,2,3,6,0,0,1,9
5770,Helwan,46493,1,0,0,7,10,10,5,6,2,0,1,0,8
5771,Nasr City,6674,1,1,0,9,7,4,7,9,5,0,1,0,5
5772,Mokattam,47833,5,0,1,3,3,4,1,3,5,1,1,0,9
5773,New Capital,26820,4,0,0,7,5,5,9,4,4,0,1,1,10
5774,New Cairo,23504,4,1,0,6,5,2,9,4,6,1,1,0,4
5775,Nasr City,29666,3,1,1,8,3,3,9,4,5,0,0,0,4
5776,Shoubra,47794,2,0,0,6,6,2,8,4,9,0,1,0,10
5777,Haram,6076,5,1,0,4,3,4,10,4,9,1,0,0,9
5778,Helwan,41555,4,1,1,7,8,7,9,7,2,0,1,0,7
5779,Al Rehab,36406,5,1,0,8,3,9,7,5,9,1,1,0,6
5780,Helwan,44262,3,0,0,2,6,6,7,7,10,0,0,0,4
5781,Shoubra,29784,1,0,0,9,5,9,3,10,5,1,1,0,9
5782,Maadi,25125,4,1,0,9,7,7,8,7,9,0,1,0,9
5783,Sheikh Zayed,27216,3,1,1,5,5,2,8,3,10,1,1,0,9
5784,Dokki,6581,5,1,0,9,8,4,8,3,3,0,1,0,6
5785,Maadi,19600,3,1,1,4,6,3,9,7,10,0,1,0,6
5786,Heliopolis,34284,3,1,0,6,9,7,6,10,7,0,1,0,4
5787,Helwan,24171,3,1,0,4,4,9,4,4,10,0,1,0,5
5788,Dokki,29091,3,1,0,3,6,7,3,6,9,0,1,0,9
5789,Nasr City,18333,3,1,0,6,10,5,3,5,5,0,1,1,6
5790,Nasr City,34535,3,1,0,9,5,5,6,4,8,0,0,0,5
5791,New Capital,27487,2,0,0,10,5,10,9,3,4,1,1,0,8
5792,Shoubra,14404,5,1,1,6,9,2,8,9,2,0,1,0,8
5793,Faisal,47934,1,1,0,4,6,3,8,7,5,1,1,1,6
5794,6th of October,37700,5,0,0,4,6,5,9,10,5,0,1,0,4
5795,Nasr City,22047,4,1,0,9,6,4,1,8,6,0,0,0,7
5796,Mohandeseen,45516,4,0,0,4,5,10,7,10,5,1,1,0,4
5797,6th of October,19577,5,0,0,10,9,6,10,8,10,0,0,0,5
5798,Nasr City,28298,3,1,0,2,8,9,9,3,6,0,0,0,5
5799,Madinaty,19015,2,0,0,2,3,5,8,5,6,1,1,1,7
5800,Maadi,29568,1,1,1,6,4,5,4,7,9,0,1,0,6
5801,6th of October,30204,3,0,0,5,3,4,6,9,8,1,1,0,10
5802,Al Rehab,35748,5,1,0,4,8,10,8,10,3,1,1,1,8
5803,Sheikh Zayed,30267,5,0,0,2,5,3,7,6,2,1,1,0,6
5804,Maadi,25236,2,1,0,8,10,4,10,10,2,0,0,0,7
5805,Heliopolis,36615,2,1,1,2,3,4,1,7,2,0,1,1,6
5806,Mokattam,5104,5,0,0,7,6,4,9,9,7,1,0,0,10
5807,Zamalek,21654,3,0,1,3,7,5,10,3,6,0,0,0,4
5808,Haram,49704,3,1,0,5,6,6,1,10,10,0,0,0,4
5809,Dokki,46369,3,0,0,9,4,7,1,4,7,0,1,0,7
5810,Zamalek,7646,1,0,1,4,6,6,5,3,6,0,1,1,4
5811,Zamalek,25471,1,0,1,10,7,10,1,9,8,0,1,0,4
5812,Zamalek,29906,3,1,0,6,5,8,10,5,6,0,1,0,10
5813,Sheikh Zayed,25107,5,1,1,7,3,8,9,10,2,1,1,0,9
5814,Sheikh Zayed,18878,2,1,0,3,6,8,8,6,10,1,1,1,8
5815,Haram,13145,4,1,0,2,8,8,9,8,5,0,0,0,7
5816,Al Rehab,27042,2,0,0,6,3,3,7,9,6,1,1,0,10
5817,Zamalek,22226,2,1,1,2,4,9,6,5,5,0,1,0,5
5818,Madinaty,6802,4,0,0,5,9,2,7,10,7,0,1,0,6
5819,6th of October,28119,3,1,1,9,8,7,9,5,10,0,1,0,9
5820,Sheikh Zayed,31185,2,0,0,3,8,4,7,4,2,1,1,0,10
5821,Heliopolis,10105,4,1,0,7,3,7,5,3,5,1,1,0,5
5822,Shoubra,6749,5,1,0,6,4,7,8,4,4,0,0,1,5
5823,Maadi,46949,5,0,0,2,4,9,5,4,4,0,1,1,10
5824,Haram,38129,5,1,0,9,8,5,10,7,9,0,1,0,8
5825,Madinaty,28512,3,0,0,6,6,4,7,9,9,0,1,0,8
5826,Helwan,40541,2,1,1,10,8,3,4,3,8,0,1,0,4
5827,El Obour,17495,2,1,1,3,8,7,5,8,6,0,1,0,5
5828,Haram,6064,1,0,0,7,8,4,3,7,3,0,1,0,7
5829,El Obour,34078,5,0,0,8,7,5,10,8,6,1,1,1,6
5830,Helwan,34011,3,1,0,2,3,10,4,3,5,0,1,0,4
5831,Nasr City,9616,4,1,0,5,4,8,5,4,9,0,1,0,7
5832,Al Rehab,11975,3,1,0,3,4,2,9,6,7,1,1,0,4
5833,Dokki,14960,2,1,0,8,10,5,3,9,2,0,1,1,10
5834,Madinaty,31992,5,0,1,4,4,9,9,7,6,1,1,0,7
5835,Helwan,25387,1,1,0,10,5,5,2,3,9,0,1,0,4
5836,Downtown Cairo,19324,3,1,1,9,8,2,9,7,2,0,1,0,6
5837,Haram,10243,1,0,1,8,3,3,10,10,2,0,0,0,7
5838,Faisal,36628,2,0,0,9,3,6,2,9,4,0,0,0,4
5839,Maadi,13560,4,1,1,2,4,7,2,3,2,0,1,0,6
5840,Sheikh Zayed,45098,3,1,0,7,3,2,8,7,7,1,1,0,10
5841,New Cairo,8923,2,0,1,8,10,6,10,6,6,0,1,0,10
5842,Dokki,43235,5,1,0,8,3,9,9,3,6,0,1,1,9
5843,Haram,25325,3,1,0,10,5,9,3,6,4,0,0,0,6
5844,Madinaty,31949,1,0,0,8,4,3,10,8,3,0,1,1,6
5845,Dokki,26821,3,1,0,8,3,10,4,6,2,0,1,0,4
5846,Mohandeseen,10076,2,0,0,7,7,3,3,8,3,0,1,1,7
5847,Heliopolis,26032,2,0,0,4,4,5,5,6,10,0,1,0,8
5848,Zamalek,12001,1,1,0,7,3,5,7,7,6,0,0,0,8
5849,Sheikh Zayed,19303,2,1,0,10,5,5,8,5,9,1,1,1,7
5850,Mokattam,20457,3,1,0,4,8,8,2,4,4,0,1,0,6
5851,Helwan,45443,1,1,0,4,7,9,7,5,6,0,0,1,4
5852,New Capital,16303,2,0,0,8,6,9,10,5,8,1,1,1,5
5853,Haram,19128,2,1,0,8,6,5,2,9,3,0,1,0,5
5854,Al Rehab,22280,3,1,1,6,8,5,10,10,4,0,1,0,6
5855,Mokattam,43427,2,0,0,9,7,7,9,7,4,0,1,0,7
5856,6th of October,35644,3,1,0,9,6,10,8,9,10,0,1,0,4
5857,Downtown Cairo,42014,5,1,0,3,9,6,2,5,2,0,0,0,7
5858,El Shorouk,10967,3,1,1,7,7,3,6,5,10,1,0,0,6
5859,Madinaty,10661,4,1,1,6,9,10,10,7,2,1,1,0,10
5860,Faisal,16416,2,1,0,5,10,10,9,4,8,0,1,0,4
5861,Faisal,4510,5,1,0,8,8,2,1,4,5,1,1,1,9
5862,Heliopolis,45382,1,0,0,5,9,10,7,5,9,0,1,0,8
5863,New Capital,39200,4,1,0,6,10,8,9,4,2,0,1,0,7
5864,Heliopolis,5906,1,1,0,9,8,2,5,10,2,0,1,0,7
5865,Mohandeseen,29534,4,0,1,6,3,3,9,10,7,1,1,1,6
5866,Zamalek,20448,5,1,0,10,6,3,9,7,6,0,1,1,7
5867,Helwan,41696,5,0,0,3,6,9,3,6,6,0,0,0,6
5868,Helwan,8710,5,1,1,3,7,2,10,3,3,1,1,1,9
5869,Downtown Cairo,48308,4,1,0,10,3,4,7,7,3,0,1,0,9
5870,Dokki,42892,3,0,1,3,3,2,3,4,5,0,0,0,9
5871,Faisal,44605,1,0,1,4,4,6,4,9,3,0,0,0,10
5872,New Cairo,19583,3,1,0,7,4,5,7,5,5,1,1,1,8
5873,Al Rehab,21184,3,0,0,5,3,4,8,9,6,1,1,0,6
5874,New Capital,28853,2,1,1,9,8,9,10,8,5,1,1,0,6
5875,Faisal,10109,1,0,1,9,10,8,4,9,7,0,0,0,4
5876,6th of October,46677,4,0,0,3,8,5,3,4,4,1,1,1,10
5877,Madinaty,10659,2,0,0,3,10,2,7,8,3,1,1,0,9
5878,Maadi,5238,2,0,1,4,10,8,8,10,2,0,1,0,9
5879,Zamalek,19064,5,1,1,3,8,4,6,5,6,0,1,1,7
5880,Shoubra,35115,4,1,0,6,7,6,2,3,5,0,1,0,6
5881,Haram,35952,3,1,0,2,5,9,8,9,10,0,1,0,6
5882,Helwan,9620,3,1,0,8,5,10,8,6,2,0,0,0,4
5883,Heliopolis,38254,3,1,0,9,4,8,7,6,10,1,1,0,4
5884,Mokattam,41449,5,0,0,5,6,7,8,10,9,0,1,0,9
5885,Downtown Cairo,48258,3,0,0,8,5,6,9,7,5,0,0,0,7
5886,Mokattam,8470,1,0,0,10,10,6,3,10,3,0,0,0,4
5887,New Cairo,26003,3,1,0,8,6,5,10,10,4,0,1,1,7
5888,Faisal,31571,3,1,0,3,10,8,7,3,10,0,1,0,9
5889,El Shorouk,28668,1,1,0,3,6,2,2,7,3,0,1,0,7
5890,Maadi,15723,5,1,0,7,9,4,3,8,9,1,0,1,5
5891,New Cairo,35040,2,0,1,9,8,7,10,8,2,1,1,1,5
5892,Haram,43945,4,1,0,4,8,2,9,3,5,0,1,1,6
5893,Zamalek,49969,5,1,0,2,10,8,9,3,4,0,1,0,7
5894,New Capital,36046,3,0,1,2,10,3,9,6,3,1,1,0,10
5895,Heliopolis,9441,2,1,0,3,8,8,2,3,4,1,1,1,7
5896,Nasr City,15719,4,1,0,7,3,5,1,9,4,0,0,0,5
5897,Zamalek,9397,4,1,0,3,10,10,6,3,10,0,1,0,9
5898,Faisal,38389,4,1,0,7,5,6,7,4,4,0,1,0,4
5899,Zamalek,21945,1,1,0,2,5,2,8,10,10,0,1,0,4
5900,Shoubra,26233,1,1,0,10,6,5,4,3,5,0,0,0,4
5901,El Shorouk,21800,2,1,0,8,6,5,7,6,2,1,1,0,7
5902,Mohandeseen,8190,3,0,0,2,8,5,9,10,9,1,1,0,5
5903,Shoubra,41822,2,0,0,10,3,4,1,6,6,0,0,0,9
5904,Zamalek,5130,3,0,0,10,8,4,3,6,3,0,1,0,10
5905,Sheikh Zayed,18071,5,0,0,7,7,6,10,5,10,1,1,0,10
5906,Madinaty,23981,4,1,1,3,5,6,9,9,8,1,1,0,10
5907,Al Rehab,48704,4,1,0,3,8,3,8,7,7,0,1,0,8
5908,Helwan,6118,1,1,1,9,8,10,1,3,3,0,1,1,5
5909,Dokki,4663,5,1,1,10,10,4,1,5,7,0,1,1,6
5910,El Shorouk,19735,5,1,0,5,10,5,1,6,8,0,1,0,4
5911,Dokki,23158,3,0,1,3,5,3,8,6,6,1,1,1,4
5912,El Shorouk,35087,5,1,1,6,3,9,7,6,6,0,0,0,9
5913,Downtown Cairo,26578,1,0,1,8,3,8,3,3,5,1,1,0,7
5914,Maadi,23874,3,1,0,5,9,4,4,5,2,0,1,0,6
5915,Mokattam,46531,2,1,1,10,7,6,8,5,8,0,1,0,9
5916,El Obour,21907,3,0,0,5,6,2,7,4,4,0,1,0,5
5917,Sheikh Zayed,44821,2,0,1,9,5,7,7,7,6,1,1,1,9
5918,Mokattam,26787,3,1,0,4,6,7,6,6,9,1,1,0,7
5919,Mokattam,25705,4,0,1,7,5,6,9,8,3,1,1,0,8
5920,Shoubra,7845,2,1,0,7,9,10,6,4,5,0,1,0,4
5921,Dokki,43069,1,1,1,4,3,5,1,10,10,0,0,0,8
5922,Faisal,48653,2,1,1,3,8,3,5,3,3,0,1,0,9
5923,Maadi,20482,2,1,0,7,9,8,8,10,9,0,1,0,4
5924,Madinaty,39056,3,1,0,8,3,6,10,4,10,0,1,1,4
5925,Haram,30090,4,0,0,8,9,8,5,6,4,0,0,0,6
5926,Helwan,24681,3,1,1,2,3,8,9,4,6,0,0,1,6
5927,Nasr City,36252,3,1,1,7,9,8,7,6,5,1,0,0,7
5928,El Shorouk,11796,4,0,0,10,7,4,7,4,9,1,1,1,6
5929,Heliopolis,11263,3,0,1,10,9,6,1,6,9,0,1,0,4
5930,6th of October,16777,4,0,0,3,5,2,2,5,6,1,1,0,10
5931,New Capital,45538,1,1,0,5,9,7,9,4,6,0,1,1,5
5932,Zamalek,24343,4,0,0,7,3,5,5,5,2,1,1,1,4
5933,Downtown Cairo,44153,5,1,0,5,8,3,3,7,6,0,1,0,5
5934,Heliopolis,18862,4,0,0,10,9,4,8,9,2,0,0,0,9
5935,Faisal,45232,4,1,1,3,7,4,4,7,5,1,1,0,9
5936,Haram,41649,5,1,0,7,6,2,7,10,8,0,1,0,9
5937,Heliopolis,19691,4,0,1,2,7,8,5,7,3,1,1,0,6
5938,El Obour,29028,2,0,0,10,7,4,6,4,2,1,1,0,8
5939,Zamalek,46135,3,0,1,2,4,8,7,7,3,0,1,0,8
5940,El Obour,35066,3,1,1,9,10,10,8,5,8,0,0,0,6
5941,Dokki,37181,1,1,0,10,6,7,3,5,4,0,1,0,9
5942,Downtown Cairo,21934,1,0,0,2,4,9,3,8,6,0,0,0,8
5943,El Shorouk,24910,5,1,1,2,8,2,2,8,2,0,1,0,9
5944,Zamalek,11141,2,0,0,8,9,9,6,8,9,0,1,0,5
5945,Downtown Cairo,49950,1,1,0,6,5,9,2,7,5,0,1,1,8
5946,Sheikh Zayed,20225,3,0,0,4,7,4,9,7,3,0,1,1,5
5947,El Obour,38714,1,1,1,10,7,7,1,3,9,1,1,1,6
5948,Nasr City,25587,1,1,1,3,9,7,9,3,6,0,1,0,6
5949,Maadi,36959,4,1,1,7,10,8,1,4,3,1,1,0,8
5950,Zamalek,18175,1,0,1,5,7,4,7,3,10,0,1,0,10
5951,Shoubra,14051,5,0,0,6,7,2,5,5,7,0,1,0,10
5952,Heliopolis,9892,3,1,1,3,4,10,6,5,9,1,1,0,4
5953,Shoubra,7449,5,1,0,2,5,7,10,4,3,0,1,1,7
5954,Mokattam,45095,5,0,0,10,4,6,9,4,6,1,1,0,8
5955,New Cairo,42677,2,1,0,4,7,3,7,9,4,1,1,1,6
5956,Downtown Cairo,16393,4,1,0,7,5,5,6,10,9,0,1,1,6
5957,New Cairo,33190,5,0,1,10,10,6,10,6,2,1,1,1,6
5958,Maadi,38709,2,1,0,2,6,5,2,3,10,0,0,0,7
5959,Zamalek,35533,3,1,0,6,4,5,6,6,7,1,1,1,7
5960,6th of October,30141,3,0,0,5,9,7,6,7,2,0,1,0,4
5961,6th of October,40989,2,1,0,4,3,5,5,8,4,1,1,0,7
5962,Dokki,27908,5,1,0,3,6,10,7,8,9,1,1,0,6
5963,New Cairo,43311,5,1,1,4,10,3,7,5,9,1,1,1,8
5964,Haram,36322,4,0,0,2,6,6,7,9,4,0,0,0,7
5965,Al Rehab,18012,4,1,1,2,7,4,8,4,9,1,1,1,6
5966,Dokki,38889,3,0,0,9,7,9,4,7,7,0,0,0,8
5967,6th of October,21412,4,1,0,6,6,4,1,9,8,1,1,0,10
5968,Zamalek,34614,2,0,0,3,9,9,2,6,3,0,0,0,7
5969,Mokattam,48494,3,0,0,4,9,9,9,10,2,1,0,0,7
5970,New Capital,28657,5,1,0,3,4,3,9,7,2,1,1,1,5
5971,Heliopolis,9656,3,1,0,3,5,8,8,7,4,0,1,0,9
5972,Dokki,12967,1,0,0,5,4,7,8,4,8,0,1,0,7
5973,Madinaty,23422,3,0,0,5,4,2,7,10,10,1,1,1,7
5974,Dokki,19764,4,0,0,8,6,3,5,3,3,0,0,0,4
5975,Maadi,19873,2,0,0,3,4,5,1,4,7,0,0,0,9
5976,Sheikh Zayed,32949,5,0,1,10,9,3,7,4,9,1,1,1,6
5977,Helwan,47847,5,0,0,8,5,6,5,10,10,0,1,0,5
5978,Zamalek,6271,4,0,0,5,9,4,1,10,4,1,1,0,7
5979,Madinaty,5607,4,1,1,8,6,7,7,10,6,1,1,0,6
5980,Faisal,23523,4,1,1,2,4,10,9,3,6,0,1,0,10
5981,Downtown Cairo,31990,1,0,0,8,7,8,1,9,9,0,1,0,7
5982,Madinaty,7665,2,0,0,7,8,6,8,3,2,1,1,0,4
5983,Faisal,20308,1,1,0,10,4,2,1,4,4,1,0,0,4
5984,El Shorouk,9852,4,0,0,9,10,2,7,3,7,0,0,1,6
5985,Shoubra,9462,2,1,0,3,8,2,10,5,7,0,1,0,10
5986,6th of October,35795,4,1,0,4,9,4,3,7,5,0,0,1,8
5987,Downtown Cairo,8270,2,1,0,4,8,8,9,10,6,0,0,0,10
5988,Helwan,28491,5,1,0,7,10,10,9,7,4,0,1,0,10
5989,Mokattam,40230,1,1,0,3,8,7,7,10,5,0,1,1,7
5990,Haram,4347,4,0,0,3,6,8,3,6,2,1,1,0,8
5991,Maadi,36830,4,1,0,5,10,4,10,4,7,0,1,1,10
5992,Sheikh Zayed,5783,3,1,0,2,6,9,9,7,6,0,1,1,6
5993,Haram,32390,5,1,0,2,8,7,6,7,6,0,1,0,5
5994,Dokki,12417,4,1,0,2,7,4,4,7,5,0,1,0,5
5995,El Obour,10566,1,0,1,6,10,3,8,9,10,0,1,0,7
5996,Downtown Cairo,21426,5,0,1,10,6,10,3,3,10,0,1,0,7
5997,Zamalek,34750,4,0,0,5,9,8,1,3,6,0,1,0,5
5998,Al Rehab,14872,1,1,0,9,10,10,9,7,8,0,1,0,4
5999,Madinaty,32695,3,0,0,8,8,5,8,5,4,1,1,0,9
6000,Nasr City,5234,3,0,0,7,8,5,7,3,2,0,1,0,7
6001,Shoubra,38752,1,1,1,10,3,7,1,10,2,0,1,0,6
6002,Al Rehab,32832,5,0,0,2,9,3,10,10,4,0,1,0,7
6003,Heliopolis,21978,1,1,1,8,6,2,1,7,4,0,1,0,10
6004,6th of October,26641,1,0,0,10,4,4,6,6,6,0,0,0,6
6005,El Obour,31127,3,1,0,3,5,6,10,7,9,0,1,0,5
6006,Mohandeseen,38720,3,0,0,5,4,3,10,9,7,0,1,0,10
6007,Mokattam,22079,3,1,0,6,6,10,9,8,9,0,1,0,7
6008,Zamalek,21338,4,1,1,6,8,2,3,10,8,1,1,0,4
6009,Helwan,7291,4,1,1,8,9,4,3,8,2,0,1,0,6
6010,Nasr City,12548,2,1,0,9,3,6,7,4,9,1,0,0,10
6011,Maadi,48555,4,1,0,10,10,2,6,7,2,0,1,1,10
6012,6th of October,37736,5,0,0,6,4,5,9,9,6,0,1,0,4
6013,Sheikh Zayed,32022,5,1,0,3,5,2,7,4,4,1,1,0,10
6014,Helwan,8234,3,0,0,3,8,8,7,6,8,0,1,0,6
6015,Helwan,30720,1,0,0,6,4,2,7,9,6,0,1,0,10
6016,Haram,45106,3,0,1,6,7,4,9,10,3,0,1,0,10
6017,Shoubra,44117,1,0,1,6,3,5,6,6,2,1,1,1,8
6018,Mohandeseen,17368,3,1,0,7,6,5,9,5,7,0,0,0,9
6019,Al Rehab,12734,3,0,0,9,10,8,10,10,7,1,1,1,4
6020,Haram,45651,5,0,1,6,10,6,2,7,9,0,1,1,9
6021,Madinaty,37793,1,1,1,4,10,9,7,3,10,0,1,1,4
6022,El Obour,16197,2,0,0,10,9,4,5,5,3,0,1,0,9
6023,Helwan,7359,2,1,1,5,10,9,6,10,6,1,0,0,4
6024,Haram,42025,3,1,1,9,10,10,9,8,6,0,1,1,10
6025,Madinaty,39719,3,0,0,10,4,10,7,5,9,0,1,0,4
6026,Shoubra,11389,5,0,1,8,4,10,5,4,10,0,1,0,4
6027,New Capital,18952,1,0,0,4,9,2,7,5,6,1,1,0,5
6028,Nasr City,33075,3,1,1,7,4,10,3,8,6,1,1,1,10
6029,El Obour,22939,2,0,0,8,4,9,5,8,4,1,1,1,7
6030,Haram,19624,1,1,0,8,5,3,5,5,7,1,0,0,10
6031,Helwan,5735,3,1,0,9,7,4,10,9,8,0,1,0,10
6032,6th of October,28315,1,1,0,6,8,8,3,9,4,0,1,0,4
6033,Mokattam,21422,5,0,1,6,7,4,7,5,3,1,1,0,9
6034,Helwan,43137,2,0,0,3,3,3,8,10,3,0,0,0,10
6035,Sheikh Zayed,11127,1,1,0,3,3,5,7,9,10,1,1,0,8
6036,Haram,39680,2,1,1,5,5,10,2,8,7,0,1,0,6
6037,New Capital,16606,3,0,0,8,10,3,10,4,3,0,1,0,9
6038,Downtown Cairo,36743,4,1,1,9,9,2,1,6,6,0,1,0,5
6039,Al Rehab,38010,1,1,1,4,9,8,7,5,8,0,1,1,10
6040,El Shorouk,19636,2,0,0,2,10,2,10,10,2,0,1,1,9
6041,6th of October,29348,1,1,0,5,7,7,4,10,9,0,0,0,7
6042,El Obour,14108,3,1,0,7,10,6,6,10,7,0,1,0,5
6043,Downtown Cairo,12098,3,1,0,7,3,9,9,6,2,0,0,0,9
6044,Downtown Cairo,40180,2,1,0,10,6,4,9,10,9,1,1,0,5
6045,Nasr City,22883,5,1,0,8,7,4,6,10,6,0,0,1,9
6046,Faisal,48400,1,1,0,10,4,2,9,6,8,0,1,0,10
6047,New Capital,49999,1,1,0,6,7,5,8,8,5,1,1,1,9
6048,Mokattam,11160,3,1,1,6,6,7,7,8,3,0,1,1,8
6049,Helwan,23929,1,0,0,6,4,6,6,8,9,1,1,0,7
6050,Haram,21597,2,0,0,6,7,8,3,8,5,1,0,1,8
6051,New Cairo,15123,4,0,1,5,4,2,9,4,9,1,1,0,8
6052,Maadi,32357,3,1,0,7,4,4,4,6,10,0,1,0,7
6053,Zamalek,8960,4,1,1,2,5,5,1,10,5,0,0,0,5
6054,Madinaty,37556,1,1,0,3,6,7,9,8,9,1,1,0,10
6055,Faisal,22255,5,1,0,10,5,5,1,9,5,0,0,0,5
6056,Helwan,17350,2,0,1,7,10,8,5,4,9,0,0,0,5
6057,El Shorouk,34881,1,0,1,7,7,4,8,10,2,1,0,0,8
6058,Zamalek,22409,2,0,0,5,9,9,1,5,3,0,0,1,7
6059,El Shorouk,36635,1,0,0,6,8,8,5,3,4,1,1,0,5
6060,Helwan,6446,1,1,1,10,9,4,8,4,3,0,0,0,6
6061,New Cairo,34657,1,1,1,3,9,10,9,9,9,1,1,1,8
6062,Al Rehab,25207,3,0,0,4,4,6,9,8,10,1,1,0,4
6063,Helwan,12752,4,1,0,9,10,3,7,3,10,0,1,1,10
6064,New Cairo,17440,5,1,1,10,7,10,7,5,2,1,1,1,5
6065,Mohandeseen,48864,4,0,0,6,7,9,8,3,10,1,1,0,8
6066,New Capital,10499,4,1,1,4,8,9,10,7,9,1,1,1,7
6067,Sheikh Zayed,25139,2,0,0,2,10,2,8,7,9,1,1,1,7
6068,Dokki,18767,3,1,0,3,10,5,10,8,4,0,0,0,10
6069,Mokattam,26343,3,0,0,5,5,8,8,5,9,0,1,1,4
6070,Mokattam,31712,1,1,0,5,7,7,4,6,3,0,1,0,5
6071,Sheikh Zayed,23673,4,1,1,6,6,10,8,6,3,1,1,0,4
6072,Shoubra,33488,5,1,0,10,4,9,1,4,5,0,1,0,7
6073,Zamalek,30520,2,1,1,3,3,10,6,8,8,0,1,0,5
6074,Helwan,48105,3,0,1,3,8,5,1,7,5,0,1,0,6
6075,Madinaty,19784,1,1,0,6,6,9,9,4,3,1,1,1,6
6076,Shoubra,42079,5,1,0,3,9,7,8,5,6,0,1,1,6
6077,Shoubra,48220,4,1,0,6,3,10,3,10,9,0,1,0,4
6078,Mohandeseen,24491,5,1,0,6,10,2,6,9,8,0,1,0,9
6079,Dokki,39268,3,1,0,8,10,7,6,3,8,1,0,0,5
6080,Heliopolis,18718,2,1,0,5,8,3,5,8,10,0,1,0,9
6081,Shoubra,39597,4,0,0,3,3,4,3,8,6,0,1,0,6
6082,New Capital,36815,2,0,0,9,10,10,9,7,5,1,1,1,9
6083,Shoubra,39132,5,1,1,2,5,6,1,6,10,1,0,0,9
6084,Dokki,30832,5,1,0,2,3,6,4,4,2,0,1,1,4
6085,6th of October,35862,1,0,0,8,4,2,8,3,7,0,1,0,10
6086,Mokattam,16864,4,1,1,5,5,3,6,6,4,1,1,0,5
6087,Al Rehab,26842,5,1,1,4,6,10,7,6,7,1,1,1,7
6088,Mokattam,12177,3,1,0,2,6,8,6,8,8,0,1,0,9
6089,Dokki,44699,3,1,0,9,10,5,1,5,2,0,1,0,6
6090,Zamalek,49609,2,0,1,9,6,8,3,6,7,1,1,0,6
6091,El Obour,15844,3,1,0,5,8,3,7,6,9,0,1,0,4
6092,New Capital,12594,5,0,1,3,9,6,7,6,6,1,1,1,9
6093,New Cairo,17418,3,1,0,5,7,10,10,3,6,1,1,0,10
6094,New Capital,38854,4,1,0,8,10,3,7,10,8,0,1,1,4
6095,Sheikh Zayed,27108,2,1,1,5,9,4,10,3,9,0,1,0,9
6096,Al Rehab,14419,4,1,0,4,5,6,7,6,8,1,1,1,10
6097,Maadi,26539,5,1,0,2,5,6,9,8,4,1,1,0,6
6098,Mokattam,48370,5,1,0,10,5,9,1,5,7,0,1,0,9
6099,El Shorouk,47950,3,1,1,6,4,8,4,9,10,0,0,0,7
6100,Helwan,16835,1,0,1,3,5,4,4,6,3,1,0,0,4
6101,El Shorouk,21533,1,1,1,7,4,6,6,7,10,0,1,0,4
6102,El Shorouk,33515,5,0,0,3,8,9,1,7,4,0,1,0,6
6103,Zamalek,39921,5,1,0,7,6,6,9,9,4,1,1,1,10
6104,El Obour,45968,2,0,1,10,7,3,1,4,3,1,0,0,4
6105,Mokattam,26322,5,1,0,3,3,3,10,7,4,0,0,0,6
6106,Maadi,14223,5,0,0,2,9,2,1,4,8,0,0,0,6
6107,El Shorouk,14273,2,1,0,8,9,7,3,10,4,1,1,0,5
6108,Shoubra,37519,4,0,1,9,7,2,1,4,2,0,0,1,4
6109,Sheikh Zayed,28160,4,0,0,3,7,9,10,4,5,0,1,1,6
6110,Mohandeseen,12849,2,1,0,5,8,2,7,9,8,0,1,0,4
6111,Maadi,29656,2,0,1,9,9,9,9,4,7,1,0,0,9
6112,Madinaty,14348,4,1,0,5,7,7,7,6,4,1,1,0,8
6113,6th of October,21924,4,1,0,10,3,10,6,8,2,0,0,0,8
6114,Downtown Cairo,42935,4,1,1,2,4,4,2,3,9,1,1,1,10
6115,El Obour,43132,4,0,0,8,6,8,7,7,3,0,1,0,8
6116,Helwan,5983,3,0,0,4,8,3,8,9,6,0,0,0,5
6117,Shoubra,28890,2,0,0,4,3,6,3,10,4,0,1,0,5
6118,Maadi,18629,1,0,0,8,9,2,1,7,5,1,1,0,8
6119,New Capital,15273,3,0,0,7,6,6,8,7,4,1,1,0,7
6120,New Capital,35739,1,1,0,4,4,9,9,4,4,1,1,0,9
6121,Mokattam,44416,1,1,0,3,6,4,6,5,4,0,1,1,4
6122,New Cairo,11894,5,0,0,7,10,7,10,9,9,1,1,0,5
6123,El Shorouk,49693,2,0,1,8,4,5,5,3,2,0,1,0,6
6124,Mohandeseen,28343,3,1,1,10,9,9,10,5,3,0,1,0,9
6125,Maadi,47095,2,0,1,10,3,3,1,5,3,0,0,0,4
6126,Sheikh Zayed,35174,4,1,0,10,3,6,8,7,10,0,1,0,6
6127,Mokattam,48179,2,0,0,2,9,7,8,5,8,0,1,0,10
6128,Shoubra,10900,1,1,1,5,10,9,10,6,8,1,1,0,7
6129,Faisal,7800,4,1,0,5,9,3,2,5,9,1,1,0,10
6130,Maadi,39246,2,1,1,9,6,10,8,5,3,0,0,1,5
6131,El Shorouk,46735,2,0,0,4,8,8,6,7,2,0,1,0,6
6132,Mokattam,46926,1,0,0,2,6,5,1,10,7,0,1,0,8
6133,Heliopolis,11054,4,1,0,4,7,3,10,10,4,1,0,0,5
6134,El Obour,42827,1,1,0,7,7,9,9,5,3,0,1,0,6
6135,Sheikh Zayed,46727,2,1,0,8,6,3,9,4,4,0,1,1,10
6136,Haram,48775,3,1,0,10,7,3,5,8,5,0,1,0,5
6137,El Shorouk,45201,3,0,0,6,9,10,4,3,6,1,1,1,6
6138,New Capital,33373,5,0,1,6,6,5,9,6,5,1,1,0,8
6139,Faisal,31525,3,0,0,4,5,8,2,3,9,0,1,0,9
6140,Mohandeseen,42977,4,1,1,4,7,5,5,4,7,1,1,0,8
6141,Dokki,11115,5,0,0,10,9,6,5,5,8,0,0,0,6
6142,Shoubra,35107,4,0,0,4,6,2,8,7,5,0,0,0,6
6143,Faisal,34486,3,1,1,4,5,2,5,3,8,1,0,0,5
6144,Heliopolis,17068,3,1,1,10,9,4,5,5,6,0,1,0,6
6145,New Capital,22640,2,1,0,5,7,7,7,3,3,0,1,1,10
6146,Al Rehab,36158,4,1,0,7,3,2,7,5,10,1,1,0,8
6147,Nasr City,40136,1,1,0,2,6,5,6,7,3,0,0,0,6
6148,Shoubra,20128,2,0,0,3,10,10,5,10,3,0,1,0,5
6149,Dokki,28942,4,0,1,4,3,3,2,8,4,1,1,0,5
6150,Nasr City,6827,5,1,0,3,8,3,4,4,5,0,1,0,9
6151,Al Rehab,19990,4,1,0,4,7,3,9,3,8,1,1,1,6
6152,Downtown Cairo,39255,5,1,0,6,8,8,7,10,6,0,0,1,7
6153,New Cairo,23987,5,0,0,2,5,8,9,6,8,1,1,0,4
6154,Nasr City,24901,3,1,0,2,6,7,3,9,2,0,1,0,8
6155,Nasr City,20277,1,1,0,8,5,3,7,4,5,0,0,0,5
6156,6th of October,5643,4,0,0,10,9,6,9,8,3,0,1,0,5
6157,Downtown Cairo,27729,1,1,0,10,3,7,5,7,7,0,0,0,7
6158,New Cairo,25087,5,0,1,8,6,7,7,8,3,1,1,0,7
6159,Heliopolis,25818,3,1,0,3,8,7,8,6,5,1,0,1,5
6160,Helwan,4019,1,1,1,8,3,7,7,9,6,1,1,0,6
6161,Mohandeseen,37443,2,1,0,10,3,2,1,10,9,0,0,0,6
6162,Al Rehab,13457,5,1,0,8,5,5,8,5,6,1,1,1,8
6163,Heliopolis,37922,2,0,1,3,8,2,10,8,3,1,1,0,4
6164,Mohandeseen,13820,1,1,0,8,7,4,9,3,9,1,1,0,7
6165,Madinaty,36750,1,1,1,5,10,3,7,9,9,1,1,0,5
6166,New Cairo,46586,1,1,1,9,8,3,9,9,2,0,1,1,10
6167,Mokattam,40484,4,0,0,4,3,7,8,9,10,0,0,0,9
6168,Mokattam,42010,5,1,1,6,9,2,4,8,9,0,1,0,10
6169,Madinaty,41790,5,0,0,4,3,5,9,10,2,1,1,1,9
6170,El Shorouk,26869,5,0,0,8,4,10,2,9,10,0,0,0,8
6171,Heliopolis,38421,4,1,1,4,5,4,2,9,10,0,1,0,8
6172,El Shorouk,6502,1,1,0,6,3,9,7,10,9,0,0,0,4
6173,Mokattam,20665,1,1,1,2,8,10,4,6,8,0,1,0,7
6174,Maadi,29600,2,1,0,5,4,3,4,8,7,0,1,0,10
6175,6th of October,33394,4,0,0,7,9,6,2,4,6,1,1,0,6
6176,Madinaty,18086,3,1,0,3,5,7,7,8,7,1,1,0,6
6177,Helwan,40171,4,0,0,7,6,6,2,6,2,0,1,1,7
6178,Helwan,38003,2,1,0,8,10,7,9,7,2,0,1,0,8
6179,New Cairo,17149,2,1,0,9,7,6,10,6,10,0,1,0,8
6180,Faisal,34394,2,1,0,4,10,8,5,10,7,1,0,1,8
6181,Zamalek,18396,1,1,1,4,10,6,7,3,4,0,1,0,5
6182,El Shorouk,27324,3,1,0,6,5,6,5,8,10,0,1,0,6
6183,Dokki,21169,2,1,0,4,3,8,6,3,4,0,0,1,5
6184,Sheikh Zayed,48277,5,0,0,10,4,4,7,5,10,0,1,0,4
6185,Madinaty,30243,1,0,0,8,9,8,7,6,6,1,1,0,9
6186,El Obour,35016,3,1,0,6,4,9,3,6,2,0,1,0,6
6187,Maadi,7194,5,0,0,6,10,6,1,7,6,0,0,0,7
6188,Madinaty,36398,3,1,0,2,10,5,8,3,3,0,1,1,8
6189,Sheikh Zayed,8789,3,0,0,10,6,3,9,9,3,1,1,0,4
6190,Haram,24159,5,0,0,3,4,6,6,4,2,0,1,0,7
6191,Nasr City,47406,4,1,1,8,3,7,4,5,5,0,0,1,10
6192,Faisal,9350,3,1,1,8,5,10,3,9,5,0,1,0,10
6193,Maadi,37301,4,1,0,3,10,7,8,10,6,0,0,1,5
6194,El Shorouk,28977,3,0,0,9,6,7,5,6,5,0,1,0,5
6195,Helwan,40431,5,0,0,9,7,7,3,10,3,0,1,0,8
6196,Madinaty,4129,3,1,1,10,9,9,10,10,6,1,1,1,7
6197,Maadi,49331,2,1,1,3,7,7,4,5,9,0,1,0,6
6198,Heliopolis,38626,2,1,0,2,3,2,3,6,7,0,1,0,8
6199,Mohandeseen,31549,3,0,0,10,6,2,9,8,6,0,1,0,6
6200,Faisal,16342,5,1,1,4,6,3,4,6,8,0,1,0,9
6201,Al Rehab,40417,5,1,0,3,3,2,7,7,2,1,1,1,9
6202,El Shorouk,14978,1,1,1,3,8,4,9,6,7,0,0,1,4
6203,6th of October,41628,5,0,0,3,6,4,7,10,3,1,1,0,8
6204,Maadi,46180,4,1,1,9,9,5,3,5,6,0,1,0,7
6205,Mohandeseen,12833,3,1,1,4,10,7,1,5,5,0,1,0,6
6206,Al Rehab,37491,2,1,0,2,4,8,8,7,8,1,1,1,8
6207,Sheikh Zayed,33473,5,1,0,9,4,10,8,7,10,1,1,0,6
6208,Madinaty,4737,2,1,1,3,3,9,7,5,10,1,1,1,10
6209,New Capital,33429,1,1,1,7,3,7,10,5,2,1,1,0,10
6210,Shoubra,5299,3,1,0,9,4,10,10,6,8,0,1,0,4
6211,Mohandeseen,4339,5,1,0,10,5,5,9,9,8,0,1,0,4
6212,Sheikh Zayed,36920,2,1,1,2,3,7,9,3,6,1,1,0,4
6213,Madinaty,46381,5,1,0,10,4,8,10,5,9,1,1,1,7
6214,El Shorouk,23435,1,0,0,9,5,3,7,4,5,0,0,0,4
6215,Mokattam,37194,2,0,1,7,5,2,8,3,2,1,0,0,10
6216,Shoubra,28509,2,1,0,6,8,9,8,4,5,1,0,0,4
6217,Haram,46095,3,0,1,7,4,9,8,3,3,0,1,0,9
6218,El Shorouk,48289,3,1,1,3,9,8,2,5,4,0,1,0,10
6219,Haram,5373,2,1,1,4,9,10,2,7,5,1,0,0,10
6220,Dokki,11082,3,1,0,10,8,10,2,7,8,1,1,0,8
6221,New Capital,29532,2,1,1,4,4,4,8,5,10,0,1,0,9
6222,Dokki,46661,4,1,0,8,6,2,8,3,5,0,0,0,5
6223,6th of October,22866,5,0,0,5,5,10,10,5,3,0,0,0,8
6224,Zamalek,11593,4,0,0,10,7,2,1,10,5,0,1,0,10
6225,Heliopolis,13495,4,1,0,5,6,2,8,9,9,0,1,0,7
6226,Heliopolis,11837,5,1,0,7,6,6,8,3,3,0,1,0,7
6227,El Shorouk,15172,2,1,1,3,5,3,5,8,9,0,0,1,9
6228,El Shorouk,22680,2,0,1,8,9,3,3,9,6,1,1,1,4
6229,Madinaty,34346,3,0,1,4,10,6,7,5,3,1,1,1,7
6230,Heliopolis,47085,1,1,1,2,5,8,4,9,9,0,1,0,10
6231,Helwan,27412,2,1,0,8,5,7,7,9,3,0,1,1,6
6232,Faisal,26863,5,1,0,6,3,6,7,8,5,0,1,0,6
6233,Haram,34804,1,1,0,8,4,4,5,9,3,0,1,0,6
6234,Heliopolis,14934,5,1,0,2,10,10,6,4,7,0,1,0,8
6235,Faisal,34723,5,0,0,6,9,9,9,8,4,1,1,0,5
6236,Madinaty,24405,5,0,0,3,8,4,8,5,8,1,1,1,10
6237,Mohandeseen,22748,1,1,0,2,4,8,2,3,7,0,1,0,5
6238,Heliopolis,9230,4,1,0,7,4,4,2,6,2,1,1,0,9
6239,Dokki,26354,5,0,0,6,5,7,2,8,10,0,0,1,5
6240,Zamalek,12954,3,0,0,5,10,4,2,7,8,0,1,1,8
6241,Haram,27139,2,1,0,2,6,9,5,6,2,1,1,0,8
6242,New Capital,49022,2,0,0,6,5,4,9,5,5,1,1,1,6
6243,El Shorouk,21388,2,1,0,8,5,6,5,3,5,0,1,0,4
6244,Shoubra,43825,1,1,0,2,10,4,8,10,7,0,0,0,9
6245,Madinaty,40523,3,0,0,5,10,9,10,7,4,1,1,1,8
6246,Madinaty,39614,3,1,0,7,6,10,8,5,3,1,1,0,7
6247,Mokattam,39732,3,0,0,9,7,7,6,6,4,0,0,0,9
6248,New Capital,45646,3,0,0,8,8,5,8,7,5,0,1,0,10
6249,Madinaty,25021,3,0,0,8,3,5,9,10,9,1,1,0,10
6250,Madinaty,31702,4,1,0,9,7,6,8,5,9,1,1,1,10
6251,Al Rehab,49416,3,1,0,8,5,4,8,7,2,1,1,1,4
6252,Maadi,39523,3,0,1,5,4,5,3,4,10,0,1,0,9
6253,New Capital,23116,1,1,0,7,4,5,9,10,5,1,1,1,7
6254,Mohandeseen,10473,1,0,0,3,6,2,5,10,5,1,0,0,7
6255,Dokki,26735,3,1,0,9,5,2,8,10,5,0,1,0,7
6256,Mohandeseen,38461,4,1,1,4,9,10,4,10,8,1,1,0,5
6257,Zamalek,15084,3,1,1,5,6,4,3,10,3,0,1,0,4
6258,Maadi,48771,3,0,0,3,6,6,6,10,8,1,0,0,8
6259,Haram,32756,3,0,1,10,3,3,6,9,3,0,0,0,5
6260,Downtown Cairo,21068,5,1,0,3,10,2,6,7,4,0,0,0,8
6261,Zamalek,32916,4,0,1,7,6,8,2,4,6,1,0,0,8
6262,Nasr City,6919,2,1,0,4,5,10,6,10,2,0,1,0,4
6263,Maadi,27550,3,0,0,7,3,5,5,8,9,0,0,0,10
6264,New Capital,40524,2,1,0,5,4,5,9,7,7,0,1,1,9
6265,New Cairo,7283,4,1,1,9,3,4,8,7,5,1,1,0,5
6266,Faisal,8691,3,1,1,4,5,4,5,7,4,0,1,0,6
6267,Haram,27212,2,1,0,9,8,3,10,4,8,1,1,0,7
6268,Haram,44118,2,1,0,4,7,4,1,5,7,1,1,1,6
6269,Mokattam,32602,4,0,0,6,10,6,1,6,10,0,0,0,7
6270,Mohandeseen,21540,3,1,1,3,3,9,7,7,3,0,1,0,10
6271,El Shorouk,39829,5,0,0,7,8,9,10,8,7,0,1,0,7
6272,Madinaty,9919,4,1,0,8,7,6,8,6,2,1,1,0,10
6273,New Capital,26277,5,1,0,9,3,2,9,6,5,0,1,0,10
6274,Helwan,21676,3,0,0,5,3,3,9,7,5,0,1,0,6
6275,Al Rehab,46844,2,1,0,10,6,9,9,4,10,1,1,1,8
6276,Maadi,13752,4,0,0,3,9,10,10,3,10,0,1,0,10
6277,Sheikh Zayed,20012,4,1,0,9,9,8,9,3,9,1,1,0,9
6278,Zamalek,13175,4,1,0,7,9,10,10,3,9,0,0,0,5
6279,Downtown Cairo,44670,1,0,0,5,7,10,9,7,6,0,1,0,7
6280,El Obour,6067,3,0,1,3,8,7,3,6,4,0,1,0,9
6281,Mohandeseen,35478,1,1,0,5,7,7,4,10,6,0,1,0,5
6282,Sheikh Zayed,30439,4,0,1,4,3,8,8,10,8,0,1,0,4
6283,Madinaty,38747,4,0,0,5,5,2,8,3,9,1,1,1,5
6284,Faisal,33810,5,1,0,5,5,10,8,10,9,0,0,0,4
6285,Haram,22302,1,1,1,8,10,2,9,9,3,0,1,0,7
6286,Nasr City,4700,2,0,0,2,7,9,9,8,8,0,0,0,8
6287,Faisal,40814,3,0,0,10,6,3,9,7,5,0,1,0,8
6288,Shoubra,38841,2,1,0,6,10,8,1,7,5,0,1,0,9
6289,Zamalek,48713,2,0,1,4,6,6,8,10,10,0,1,0,8
6290,El Shorouk,7048,3,1,0,8,5,9,5,7,8,0,0,0,9
6291,Maadi,37290,4,1,0,8,6,8,3,4,6,0,1,1,4
6292,Mohandeseen,15101,5,0,0,9,3,9,6,10,6,0,1,1,5
6293,Haram,33778,4,1,1,5,10,3,4,8,8,0,0,0,7
6294,Shoubra,31425,4,1,0,10,9,10,1,5,10,0,1,1,8
6295,Nasr City,45509,1,1,0,3,3,7,3,4,7,1,1,1,7
6296,El Obour,21852,2,1,0,7,7,7,2,6,8,0,0,0,7
6297,Faisal,28500,2,1,1,4,8,7,1,7,5,0,1,0,7
6298,New Cairo,16674,2,1,0,9,9,2,8,4,10,1,1,1,4
6299,Mohandeseen,27195,5,0,0,9,4,8,9,3,9,0,1,0,5
6300,El Shorouk,28371,5,0,0,7,5,3,3,9,10,0,0,0,10
6301,Maadi,37053,5,0,0,5,9,3,1,9,6,1,0,1,8
6302,Al Rehab,15957,3,1,1,9,5,6,9,5,2,1,1,0,5
6303,El Shorouk,11108,5,1,1,7,4,7,1,9,9,0,1,0,8
6304,Haram,21829,1,0,0,10,6,2,1,7,9,0,1,0,4
6305,El Obour,9837,1,1,0,8,9,2,9,4,8,1,1,0,6
6306,Nasr City,19032,4,0,1,10,3,2,1,10,8,0,1,0,4
6307,El Shorouk,38234,4,1,0,9,3,8,5,3,6,1,0,0,5
6308,Maadi,30352,4,0,0,5,5,2,5,9,9,0,1,0,8
6309,Nasr City,34215,4,1,0,7,9,10,1,3,4,0,1,1,5
6310,Dokki,13106,1,0,0,8,5,4,9,9,6,1,1,1,10
6311,El Shorouk,45247,4,0,0,5,6,3,5,4,10,0,1,1,9
6312,Shoubra,32766,1,0,0,5,9,7,2,4,9,0,1,1,5
6313,Mohandeseen,47048,5,1,1,4,10,3,7,10,10,0,1,0,4
6314,6th of October,42700,5,1,1,7,6,6,9,9,9,1,1,0,5
6315,Downtown Cairo,13996,3,0,0,3,9,6,4,8,7,0,1,0,4
6316,Nasr City,5178,4,0,1,5,5,10,5,8,8,0,0,0,5
6317,El Obour,39319,5,1,1,9,6,5,9,8,7,1,1,0,6
6318,Nasr City,20025,5,1,0,4,4,9,2,8,3,0,1,1,9
6319,Al Rehab,13780,2,1,0,9,10,8,9,6,2,1,1,1,9
6320,Madinaty,26706,2,1,0,8,3,8,7,7,2,1,1,0,7
6321,New Capital,46916,1,0,0,8,5,2,7,10,8,0,1,0,6
6322,El Obour,13967,3,1,0,10,4,7,10,8,9,0,1,0,8
6323,6th of October,34856,2,1,0,5,4,7,9,3,2,1,1,0,10
6324,Mokattam,41630,3,0,0,9,9,9,10,9,2,0,1,0,4
6325,Haram,13179,5,1,0,3,8,7,8,6,8,0,1,0,7
6326,Downtown Cairo,42623,1,0,0,4,7,9,4,3,6,0,1,1,5
6327,Madinaty,21587,3,0,1,5,5,7,7,10,10,0,1,0,9
6328,Dokki,27733,2,0,0,10,10,9,8,10,10,0,1,1,4
6329,Mohandeseen,26770,5,0,0,2,9,6,10,4,8,0,1,0,8
6330,New Cairo,37887,4,0,1,8,7,10,9,3,8,1,1,0,6
6331,Downtown Cairo,7975,5,1,0,3,4,5,1,9,3,1,1,0,9
6332,Shoubra,16919,2,1,1,6,5,7,8,3,3,0,1,0,5
6333,Sheikh Zayed,13602,2,1,0,2,7,3,7,7,2,1,1,1,8
6334,Heliopolis,49463,4,0,0,7,10,4,7,4,8,0,1,0,10
6335,Zamalek,38060,5,0,1,4,3,5,4,3,6,1,0,1,4
6336,Sheikh Zayed,46154,3,1,0,7,5,4,7,5,2,0,1,0,8
6337,Al Rehab,14140,3,1,1,9,7,8,8,6,8,1,1,0,7
6338,El Shorouk,25170,5,1,0,9,6,10,10,8,8,0,1,0,7
6339,Nasr City,32830,3,1,0,5,5,7,4,8,4,0,1,0,5
6340,Shoubra,48540,5,1,0,8,8,4,10,3,4,0,1,0,8
6341,El Obour,10590,5,0,1,7,9,10,10,3,5,0,1,1,5
6342,El Obour,34609,2,1,1,3,6,2,2,6,8,0,0,0,4
6343,Helwan,21401,1,0,0,7,10,6,1,3,8,1,1,0,8
6344,Dokki,31729,2,0,0,3,5,6,4,4,9,0,1,0,4
6345,Mohandeseen,41944,3,1,1,5,10,3,7,3,10,0,1,0,4
6346,El Obour,49167,1,1,0,6,7,6,8,4,6,0,1,0,9
6347,Shoubra,32645,5,1,1,10,7,2,3,9,9,0,1,0,10
6348,Sheikh Zayed,33047,3,0,0,4,8,2,8,4,2,1,1,1,10
6349,Mohandeseen,26560,4,1,0,6,5,5,5,4,3,1,0,0,8
6350,Shoubra,10647,3,1,0,3,4,7,10,8,9,0,1,0,4
6351,Madinaty,25106,1,0,1,4,7,3,10,6,9,1,1,1,7
6352,El Shorouk,10015,1,1,1,6,8,6,7,9,10,1,1,1,5
6353,El Shorouk,25506,5,1,1,8,10,6,4,4,8,0,1,0,5
6354,Nasr City,28067,4,1,0,7,5,4,7,3,9,0,1,0,5
6355,Shoubra,6056,5,1,1,3,5,5,2,7,3,0,1,0,5
6356,Zamalek,35719,4,1,1,10,9,3,1,4,9,0,1,0,10
6357,6th of October,33328,4,1,0,9,3,8,6,3,4,0,1,0,7
6358,El Shorouk,16176,5,1,1,10,6,4,4,3,5,0,1,1,8
6359,Nasr City,46771,3,1,0,10,3,7,7,10,8,0,0,0,8
6360,New Capital,35885,2,1,0,6,6,10,9,5,8,0,1,1,4
6361,New Cairo,25269,4,0,0,8,6,8,10,3,7,0,1,0,4
6362,Nasr City,7114,1,1,0,8,9,5,5,5,2,1,0,0,10
6363,Maadi,17442,5,0,0,10,3,3,1,3,10,0,1,0,7
6364,Mokattam,44151,3,1,0,10,8,8,2,4,4,0,1,0,6
6365,Maadi,5629,4,1,0,7,4,9,3,8,5,0,1,0,8
6366,El Obour,21927,3,1,1,4,5,4,1,5,3,1,1,0,4
6367,Dokki,35317,5,1,0,9,7,8,8,5,6,0,1,0,7
6368,Madinaty,27896,1,1,0,2,10,2,8,9,7,1,1,0,9
6369,El Obour,32155,4,1,0,5,5,9,2,5,7,0,1,0,9
6370,Shoubra,22288,4,1,0,3,8,8,8,4,2,0,1,0,8
6371,Mokattam,25415,3,0,0,6,8,7,7,7,5,0,0,1,7
6372,Al Rehab,40085,5,0,0,8,10,4,8,4,5,1,1,1,10
6373,Madinaty,15251,2,1,0,2,3,5,10,9,4,1,1,1,8
6374,Heliopolis,40884,4,1,0,5,4,9,3,10,8,0,1,1,7
6375,Sheikh Zayed,29574,1,0,0,4,7,2,10,7,5,0,1,0,10
6376,Zamalek,13623,4,0,0,5,7,3,9,4,8,0,0,0,5
6377,Dokki,24936,4,0,0,7,8,2,3,10,4,1,0,0,9
6378,6th of October,10123,2,0,1,7,4,5,3,3,5,0,1,1,6
6379,Mohandeseen,7061,2,0,0,2,9,7,1,4,4,0,1,1,10
6380,Nasr City,44857,5,0,1,4,7,6,5,7,5,0,1,0,6
6381,Faisal,40499,4,0,0,2,9,7,3,6,5,0,1,0,8
6382,Madinaty,43095,4,1,1,2,7,3,8,9,5,0,1,0,7
6383,Al Rehab,32451,3,0,1,2,4,6,7,3,4,0,1,0,9
6384,Downtown Cairo,20361,3,1,0,4,3,2,2,5,7,1,1,1,10
6385,Heliopolis,19907,1,1,0,3,9,7,2,4,6,0,1,1,8
6386,Downtown Cairo,38814,1,0,0,5,3,5,8,8,7,1,0,0,10
6387,Nasr City,23605,3,0,0,8,8,10,3,3,8,1,1,1,7
6388,Faisal,36256,1,1,0,3,9,4,4,7,5,1,1,0,5
6389,Faisal,15332,4,0,1,3,7,4,2,10,10,0,1,0,8
6390,Madinaty,41832,2,1,1,8,3,10,7,5,2,1,1,0,7
6391,El Shorouk,33476,4,1,0,10,3,5,9,7,9,0,1,0,7
6392,Sheikh Zayed,13445,3,1,0,4,7,8,7,3,3,0,1,1,10
6393,Haram,37490,5,1,0,9,10,3,8,3,4,0,0,0,10
6394,Shoubra,33767,5,1,0,7,7,2,9,3,3,0,1,0,6
6395,Mohandeseen,19210,3,1,1,7,8,2,9,3,7,0,1,0,4
6396,Sheikh Zayed,28159,4,1,0,4,8,7,8,7,6,1,1,0,4
6397,El Shorouk,11564,1,1,1,10,9,5,10,6,8,1,1,0,10
6398,Maadi,45043,1,1,0,10,3,3,2,3,10,0,1,0,4
6399,Sheikh Zayed,25219,5,0,0,5,10,8,10,10,8,0,1,0,9
6400,Nasr City,31946,3,0,0,7,10,9,4,9,10,0,0,1,5
6401,New Cairo,40587,3,0,0,6,8,8,7,5,6,1,1,0,9
6402,6th of October,7364,2,1,1,5,6,10,6,10,4,0,1,0,7
6403,Haram,8318,5,0,0,3,4,2,2,7,4,0,1,0,4
6404,Al Rehab,15479,3,0,0,5,3,7,8,4,5,0,1,0,10
6405,New Cairo,11398,2,1,0,8,9,9,9,4,3,1,1,0,8
6406,Maadi,6452,1,0,0,4,3,10,4,7,4,0,1,0,5
6407,6th of October,25672,5,1,0,4,6,9,6,7,10,0,1,1,8
6408,Mokattam,37193,5,1,1,4,5,7,10,3,10,0,0,0,5
6409,Sheikh Zayed,17865,3,1,0,10,9,9,8,9,9,1,1,1,9
6410,6th of October,29345,3,1,0,2,8,9,6,7,3,1,0,0,8
6411,El Obour,24359,4,1,1,6,5,2,9,5,10,0,0,0,4
6412,Haram,12799,1,1,0,10,8,9,9,10,6,1,0,1,5
6413,Downtown Cairo,27053,1,0,0,8,10,8,1,4,9,0,0,0,7
6414,Madinaty,38892,2,1,0,2,4,9,7,5,7,0,1,0,5
6415,Shoubra,21684,2,0,0,5,7,9,8,9,3,1,1,1,10
6416,El Shorouk,9015,4,1,0,7,10,7,5,8,2,1,0,0,4
6417,New Capital,35665,1,1,1,6,3,10,7,9,5,1,1,0,6
6418,Nasr City,12657,2,0,0,3,6,4,5,5,5,0,1,0,7
6419,Maadi,25951,1,1,1,2,9,2,6,3,8,0,1,0,9
6420,Madinaty,36063,1,1,0,5,10,10,7,8,3,0,1,0,4
6421,Zamalek,36743,2,0,1,6,7,3,3,9,5,0,0,0,5
6422,Dokki,30521,3,0,1,5,10,4,9,10,2,0,1,0,4
6423,Helwan,14731,3,1,0,4,7,5,3,7,8,0,1,0,5
6424,Shoubra,22744,2,1,0,9,5,9,1,8,4,0,1,0,5
6425,New Cairo,22423,4,1,1,7,3,10,8,10,9,0,1,0,7
6426,Mokattam,21568,5,1,0,4,4,4,7,4,2,0,0,0,10
6427,Madinaty,7934,1,1,0,7,6,3,10,4,2,1,1,0,10
6428,Dokki,15409,5,1,0,9,3,3,1,4,10,1,0,0,5
6429,Helwan,35410,2,0,1,8,7,10,4,5,6,1,1,0,6
6430,Heliopolis,34808,1,1,0,2,7,9,7,8,5,0,1,0,4
6431,Sheikh Zayed,12172,5,1,0,7,4,3,8,4,5,1,1,1,4
6432,Helwan,31358,3,1,1,2,5,9,7,4,9,0,0,0,10
6433,6th of October,4777,4,1,0,5,4,5,4,5,10,0,0,0,5
6434,Sheikh Zayed,23763,5,0,0,4,9,7,8,3,8,1,1,1,5
6435,Dokki,39186,4,1,0,8,4,6,9,5,9,1,1,0,7
6436,Maadi,35170,3,0,1,3,3,6,10,9,3,1,1,0,7
6437,Helwan,24461,5,0,0,5,8,8,5,5,8,0,1,0,5
6438,Mohandeseen,49222,2,1,1,6,10,9,3,8,5,0,0,0,8
6439,Downtown Cairo,6439,1,0,1,3,5,6,1,3,9,0,1,0,9
6440,Downtown Cairo,11804,3,0,0,10,7,5,3,6,9,0,1,0,5
6441,Mohandeseen,49791,4,1,0,3,5,3,4,8,3,0,0,0,9
6442,Shoubra,17212,4,1,1,7,3,6,2,10,10,0,1,1,9
6443,Faisal,25653,3,1,0,9,3,9,4,6,7,0,0,1,10
6444,Al Rehab,25971,2,1,0,8,10,2,9,7,6,0,1,1,6
6445,Maadi,5989,2,1,0,7,8,7,8,7,10,0,1,0,4
6446,Helwan,11868,4,1,1,9,10,3,5,9,4,0,1,0,8
6447,Shoubra,46026,3,1,0,6,9,3,2,10,6,1,1,0,8
6448,Downtown Cairo,37712,3,0,0,10,4,9,1,5,6,0,0,0,8
6449,El Obour,28604,1,1,0,3,9,7,9,10,9,0,1,0,4
6450,Downtown Cairo,26135,4,0,0,7,8,7,4,9,10,0,1,1,7
6451,Sheikh Zayed,34544,2,1,0,8,10,7,7,7,10,1,1,1,8
6452,Shoubra,41918,5,1,0,10,3,10,9,6,6,1,1,0,9
6453,El Shorouk,34847,2,1,0,6,9,4,1,10,3,0,1,0,6
6454,Sheikh Zayed,47774,2,1,0,7,5,3,10,7,7,1,1,1,5
6455,New Cairo,14680,5,1,0,10,10,6,9,10,5,1,1,0,8
6456,Helwan,34083,4,1,0,7,10,7,2,9,10,0,0,1,4
6457,Haram,38433,1,0,1,2,4,10,10,9,9,0,1,1,4
6458,Haram,49579,2,1,0,5,9,10,4,6,7,0,1,1,10
6459,Helwan,30309,2,0,0,5,10,3,5,6,3,0,1,0,9
6460,El Shorouk,45719,4,1,0,4,4,10,5,5,4,0,1,0,6
6461,Sheikh Zayed,14349,4,0,1,9,4,10,8,7,3,1,1,0,10
6462,El Shorouk,13543,3,0,1,7,5,7,10,7,7,0,0,0,8
6463,New Capital,13460,4,0,0,8,4,2,9,9,5,1,1,1,7
6464,Downtown Cairo,38553,4,1,1,10,6,9,3,3,2,1,1,0,4
6465,Shoubra,32525,2,1,0,9,10,9,2,3,10,0,0,0,4
6466,Nasr City,9948,1,0,0,4,6,9,7,6,7,1,1,0,6
6467,Downtown Cairo,18498,2,1,0,5,5,9,7,8,3,0,1,1,9
6468,Helwan,22991,4,1,0,2,10,6,9,5,4,0,1,0,8
6469,Haram,28974,3,1,0,5,7,3,4,4,9,0,1,1,6
6470,Nasr City,39398,1,1,1,10,8,10,4,9,10,1,1,0,7
6471,El Obour,11660,3,1,0,6,7,7,6,7,10,1,1,0,4
6472,Faisal,30245,5,0,0,4,4,4,3,7,6,0,1,0,5
6473,El Obour,4238,3,0,0,3,5,2,3,6,5,1,1,0,5
6474,Haram,23920,3,1,0,7,10,6,9,6,6,0,1,0,5
6475,Mokattam,13338,4,0,1,5,4,5,7,7,2,0,1,1,6
6476,Sheikh Zayed,46517,4,1,0,7,4,5,7,6,4,1,1,0,7
6477,Sheikh Zayed,14349,4,0,0,4,6,10,7,10,10,0,1,1,5
6478,New Capital,15643,4,0,1,4,9,7,10,5,9,1,1,1,4
6479,New Capital,32274,4,0,1,2,3,9,8,10,5,1,1,1,8
6480,Faisal,49013,3,1,1,10,5,10,9,7,2,0,1,0,6
6481,El Obour,44667,5,1,0,8,10,2,3,7,4,0,1,1,7
6482,El Shorouk,43913,4,0,1,10,3,8,8,3,5,0,0,0,7
6483,Dokki,42629,5,1,0,2,6,8,8,10,5,0,0,1,5
6484,El Shorouk,49819,5,1,0,9,3,10,3,6,2,0,1,0,5
6485,Sheikh Zayed,20632,2,1,1,3,8,2,7,8,7,1,1,1,4
6486,Maadi,31144,2,0,0,4,10,3,6,3,10,0,1,0,7
6487,Maadi,16321,1,0,0,2,6,7,9,6,9,1,1,1,8
6488,Nasr City,41091,2,1,1,8,8,5,1,4,3,0,1,0,7
6489,Madinaty,33256,4,1,0,6,10,6,9,7,8,0,1,1,9
6490,Madinaty,27485,5,1,0,4,7,6,9,3,4,0,1,0,10
6491,6th of October,6860,1,1,0,5,6,2,10,7,7,0,0,0,6
6492,El Obour,18919,2,0,1,7,5,2,8,9,3,0,0,0,6
6493,Dokki,37337,3,1,0,7,7,8,8,3,9,0,1,0,7
6494,Nasr City,12411,1,1,0,3,10,4,10,3,5,0,1,0,5
6495,Madinaty,13586,4,0,0,8,4,6,9,4,7,1,1,0,5
6496,Madinaty,28312,5,1,0,3,5,9,7,7,4,0,1,1,5
6497,Heliopolis,27055,4,1,1,10,5,6,6,5,2,0,1,1,10
6498,Faisal,38890,4,1,0,3,8,10,10,6,3,0,1,1,9
6499,Mohandeseen,32807,3,0,0,6,9,5,8,7,9,0,1,1,5
6500,Zamalek,24384,3,0,1,9,5,8,8,6,7,0,1,0,5
6501,Helwan,32925,5,1,0,9,3,9,4,5,5,0,1,0,9
6502,Dokki,7089,2,1,1,5,10,8,8,8,10,0,1,1,4
6503,Mokattam,18242,4,0,0,8,3,5,8,8,8,1,0,0,10
6504,Helwan,43978,2,0,0,9,4,9,1,10,2,0,1,0,8
6505,6th of October,20433,5,1,0,9,3,5,5,10,7,0,1,0,7
6506,Helwan,37282,4,1,0,6,5,9,7,10,5,0,1,0,6
6507,Nasr City,14983,2,0,1,3,8,9,8,5,7,0,0,0,6
6508,New Capital,47738,4,1,1,3,6,5,10,6,9,0,1,0,9
6509,Mohandeseen,47578,3,0,0,6,4,6,6,6,10,0,1,0,8
6510,Heliopolis,46797,3,1,1,5,4,6,10,6,4,0,1,1,9
6511,Al Rehab,8671,1,1,0,5,5,6,10,5,3,1,1,0,7
6512,Faisal,28133,5,0,0,4,7,4,8,5,8,0,1,0,4
6513,Sheikh Zayed,47209,2,1,1,10,9,3,10,5,8,1,1,1,6
6514,Haram,4414,4,0,0,9,9,2,2,9,4,0,0,0,6
6515,Zamalek,25242,1,0,0,5,3,4,9,9,6,0,1,0,4
6516,El Obour,39184,5,1,0,8,7,10,9,7,9,0,1,1,10
6517,Mokattam,42379,5,1,0,9,5,8,1,6,4,1,0,0,8
6518,Zamalek,19231,5,1,0,7,10,3,9,9,9,1,1,0,6
6519,Al Rehab,25849,2,0,1,3,7,9,10,7,4,0,1,0,7
6520,Helwan,45163,3,1,1,9,10,9,9,10,5,0,1,0,7
6521,Sheikh Zayed,35676,1,0,0,4,5,8,7,4,4,1,1,1,6
6522,El Shorouk,26056,2,0,0,5,3,7,10,5,6,0,1,0,5
6523,Madinaty,45028,4,1,0,5,9,3,10,8,9,1,1,0,4
6524,Heliopolis,23947,2,1,0,8,3,5,9,7,6,0,0,0,7
6525,Zamalek,49416,4,1,0,9,4,2,7,5,8,0,1,0,4
6526,Dokki,30040,4,1,1,10,7,8,4,10,5,0,1,0,8
6527,Shoubra,29282,5,0,0,2,9,3,6,3,3,0,1,1,6
6528,Mokattam,30201,2,1,0,2,7,7,8,6,7,1,0,1,6
6529,New Capital,10833,3,0,0,8,7,10,7,9,6,1,1,0,5
6530,New Capital,8752,4,0,1,5,9,6,8,9,9,0,1,1,10
6531,Heliopolis,28507,5,1,1,9,7,6,7,5,9,0,0,0,9
6532,Nasr City,24169,3,1,0,6,8,5,3,10,2,0,1,0,6
6533,Haram,48746,2,1,0,2,10,2,4,9,9,1,1,1,10
6534,Downtown Cairo,45495,3,1,1,3,6,5,7,6,4,0,0,0,10
6535,Heliopolis,28930,2,1,0,4,4,10,5,7,3,0,1,0,5
6536,Faisal,9023,4,1,1,3,4,10,1,3,5,0,1,0,6
6537,Zamalek,4982,1,1,0,10,6,8,6,6,9,0,1,0,5
6538,Zamalek,18305,1,0,1,8,8,5,9,10,6,0,1,0,8
6539,El Obour,20146,4,0,0,3,7,10,10,10,8,1,1,0,9
6540,New Cairo,15201,3,0,1,8,6,6,7,4,9,1,1,1,7
6541,Madinaty,20910,2,1,1,2,10,3,10,5,4,0,1,0,4
6542,New Cairo,27031,1,1,0,6,10,10,8,6,8,1,1,1,10
6543,6th of October,27636,2,1,0,6,8,7,2,8,8,0,0,0,8
6544,Mohandeseen,21314,4,0,0,10,7,6,3,8,10,0,0,1,9
6545,New Cairo,31332,3,0,1,5,6,9,10,4,4,0,1,0,8
6546,El Obour,22330,2,1,0,5,4,3,6,6,7,0,0,0,7
6547,Heliopolis,19365,3,0,0,7,6,6,2,7,8,1,1,0,7
6548,El Obour,47501,1,1,0,3,8,9,2,8,10,0,1,0,6
6549,New Capital,14108,2,0,0,7,5,5,10,9,5,0,1,0,8
6550,New Capital,7360,5,1,0,8,7,10,7,10,5,1,1,0,5
6551,El Shorouk,46553,1,1,0,5,6,8,2,5,6,0,1,1,4
6552,El Obour,44880,3,1,1,10,7,8,4,5,6,1,1,0,10
6553,Maadi,7625,4,1,0,6,10,10,1,4,2,0,1,1,5
6554,Shoubra,42237,5,1,0,4,3,4,5,8,9,0,0,1,9
6555,Heliopolis,5223,2,1,0,10,9,4,3,8,9,1,1,0,5
6556,Faisal,43878,1,1,0,2,7,8,10,10,10,1,1,0,6
6557,El Obour,13157,2,1,0,9,9,3,1,9,4,0,1,0,6
6558,Helwan,41760,2,0,0,2,6,4,4,3,7,1,1,1,8
6559,6th of October,17646,5,1,0,9,7,7,1,8,10,0,1,0,9
6560,Helwan,48638,5,1,0,6,8,10,2,3,5,0,0,0,5
6561,Maadi,33024,5,1,0,8,10,5,10,4,10,0,1,0,5
6562,Faisal,8787,5,0,0,9,9,6,7,6,7,1,0,1,6
6563,Faisal,27202,4,0,0,2,5,7,1,10,5,1,1,0,9
6564,Dokki,47908,3,1,1,2,5,4,6,3,7,0,1,0,8
6565,Madinaty,40067,5,1,0,8,6,3,8,9,7,1,1,0,10
6566,Madinaty,13360,1,1,0,2,6,5,7,5,5,1,1,1,9
6567,New Capital,36692,2,0,0,5,7,7,9,4,6,1,1,1,8
6568,6th of October,43219,5,0,0,7,4,5,6,4,2,0,1,0,4
6569,Helwan,16941,1,0,0,3,5,9,5,5,10,0,1,1,9
6570,Downtown Cairo,19993,4,1,0,6,5,10,2,3,8,0,1,1,7
6571,Maadi,18620,1,0,0,7,3,9,10,7,6,0,0,0,10
6572,Sheikh Zayed,24193,1,1,0,6,3,8,8,9,6,1,1,0,6
6573,Faisal,25248,4,0,1,9,4,3,7,4,7,0,0,0,10
6574,Helwan,49852,4,1,0,5,5,3,4,8,9,0,1,0,6
6575,Nasr City,9027,2,1,1,9,10,6,5,6,4,0,0,1,5
6576,Dokki,8260,5,1,0,4,10,5,2,4,9,0,0,1,7
6577,Haram,41596,1,1,0,8,6,5,3,9,4,0,1,0,10
6578,Dokki,45540,3,1,1,6,5,5,5,8,6,0,1,0,5
6579,Helwan,13012,3,1,0,6,10,8,4,8,6,0,1,0,10
6580,Dokki,29823,2,1,0,7,9,4,3,7,3,0,1,0,6
6581,Sheikh Zayed,12315,3,0,0,6,6,3,10,10,2,0,1,1,7
6582,Mohandeseen,16631,2,0,0,2,9,6,9,5,4,0,0,0,10
6583,El Obour,22258,5,1,1,10,9,7,2,8,5,0,1,0,10
6584,Sheikh Zayed,29099,2,1,0,5,6,9,9,9,8,1,1,0,6
6585,Heliopolis,39891,4,1,1,6,10,4,4,10,8,0,1,0,9
6586,Nasr City,40992,4,1,1,2,4,5,10,3,10,1,1,1,10
6587,El Shorouk,35376,4,0,0,4,5,5,9,10,5,1,1,0,4
6588,Sheikh Zayed,14977,4,1,0,4,7,5,9,5,4,0,1,0,6
6589,6th of October,30694,4,1,0,9,9,8,10,5,4,0,0,0,8
6590,Sheikh Zayed,37978,4,1,0,9,10,5,7,3,2,1,1,1,4
6591,Faisal,13218,4,1,0,10,5,8,7,5,7,1,1,0,4
6592,Mokattam,25788,4,1,0,8,9,5,4,8,5,1,0,0,7
6593,Nasr City,24501,4,0,1,7,5,9,10,5,6,0,1,0,7
6594,Haram,16453,5,1,1,9,9,6,4,4,3,1,1,0,7
6595,Madinaty,42197,4,1,0,4,8,3,9,6,9,1,1,0,8
6596,Faisal,19210,2,1,1,9,3,10,10,3,4,0,0,0,9
6597,El Shorouk,12689,5,1,1,4,4,10,9,4,8,0,0,0,7
6598,Haram,49489,3,1,0,3,7,2,10,8,10,0,0,1,4
6599,Helwan,31381,1,1,0,10,7,6,8,7,10,1,1,0,7
6600,Al Rehab,33508,5,1,0,2,7,4,10,4,9,0,1,0,7
6601,New Cairo,46653,4,1,0,3,6,6,8,4,4,1,1,1,9
6602,Helwan,25142,5,0,0,8,9,5,2,5,6,1,1,0,7
6603,Zamalek,44950,1,1,0,2,4,4,8,10,2,0,1,0,8
6604,Downtown Cairo,12916,1,1,1,6,3,8,8,6,8,1,1,1,4
6605,6th of October,4375,4,0,0,10,6,6,1,4,5,0,1,0,5
6606,Downtown Cairo,35449,4,1,1,10,7,2,10,7,10,1,1,0,4
6607,New Cairo,27797,2,0,1,5,6,5,10,5,9,1,1,0,10
6608,Faisal,24782,1,0,1,3,6,2,6,9,8,0,1,0,5
6609,El Obour,31028,4,1,0,10,9,4,5,4,5,1,1,1,6
6610,El Shorouk,24243,1,0,0,5,9,6,6,9,3,1,0,1,7
6611,New Capital,33379,2,1,1,4,8,7,8,7,4,0,1,1,4
6612,Zamalek,41780,3,1,0,4,7,2,10,3,9,1,1,0,6
6613,Helwan,34740,1,0,1,8,7,10,6,8,7,0,1,0,7
6614,El Obour,23984,2,1,1,3,3,10,3,4,4,0,1,0,10
6615,Zamalek,4050,2,0,0,6,10,2,6,3,3,0,0,0,6
6616,Madinaty,10590,2,1,0,3,4,8,7,3,9,1,1,1,10
6617,Downtown Cairo,44205,5,1,0,8,5,5,6,10,10,0,1,0,10
6618,Dokki,19162,4,1,1,8,5,3,6,7,8,0,1,0,9
6619,Haram,17105,1,1,0,4,8,3,5,5,6,1,1,0,5
6620,Shoubra,41499,5,1,0,4,5,7,1,6,9,1,0,0,6
6621,Mokattam,40641,1,1,0,9,3,7,5,6,4,0,0,0,10
6622,Haram,15628,5,0,1,8,6,6,1,4,5,1,1,0,6
6623,Dokki,46032,4,1,0,5,7,4,8,8,4,1,0,0,5
6624,Helwan,42516,2,1,0,3,4,8,1,7,4,0,1,1,6
6625,Haram,25621,1,1,0,4,5,4,8,3,9,0,1,0,10
6626,El Shorouk,5476,2,1,0,4,8,8,4,4,4,1,0,0,7
6627,Mohandeseen,44800,4,1,1,6,4,3,3,5,7,0,0,0,7
6628,Maadi,39788,1,1,0,8,9,9,4,8,8,1,0,0,9
6629,Dokki,28437,3,0,0,5,4,3,2,8,2,0,1,0,6
6630,Sheikh Zayed,30240,3,0,0,2,7,3,10,6,9,1,1,1,8
6631,Haram,49452,3,0,1,4,8,5,4,8,9,1,1,1,10
6632,Heliopolis,14922,4,0,0,4,10,2,9,10,5,1,1,0,6
6633,6th of October,12066,3,0,0,2,3,8,10,6,9,0,1,0,10
6634,6th of October,16089,1,0,0,9,7,3,2,3,7,0,1,0,7
6635,Mokattam,36600,3,0,0,5,8,7,3,10,8,0,1,0,9
6636,Mohandeseen,12167,1,1,0,6,3,6,4,8,4,0,1,0,6
6637,Faisal,16816,4,0,0,4,8,6,3,4,4,0,1,0,6
6638,New Cairo,25164,2,0,1,5,6,5,9,8,10,1,1,0,7
6639,Haram,24429,5,1,0,2,4,6,9,4,10,0,1,0,6
6640,Nasr City,39001,3,1,0,5,5,10,5,6,4,0,0,0,4
6641,Mokattam,35415,5,0,1,3,4,2,9,10,10,0,1,0,9
6642,Sheikh Zayed,12117,2,0,0,7,7,3,7,9,4,0,1,1,6
6643,Dokki,10359,4,0,0,3,8,8,10,5,5,0,1,0,8
6644,New Capital,18364,4,0,1,10,8,10,7,7,4,1,1,1,5
6645,El Shorouk,40965,2,0,1,3,9,4,1,8,6,1,1,1,7
6646,Maadi,32794,5,1,1,5,9,7,8,3,5,0,1,1,5
6647,Al Rehab,14293,3,1,0,5,3,6,9,6,10,1,1,0,5
6648,Mokattam,13332,1,1,0,2,6,10,9,6,3,0,1,0,7
6649,Shoubra,4615,4,1,1,8,6,10,3,4,9,0,1,0,5
6650,New Capital,49612,2,0,0,2,3,4,10,3,4,1,1,1,4
6651,Heliopolis,16401,5,1,1,9,3,3,8,6,10,1,1,0,9
6652,Sheikh Zayed,45936,3,1,1,4,3,5,10,6,3,1,1,0,8
6653,Downtown Cairo,33372,5,1,1,9,6,10,1,10,8,0,1,0,7
6654,Zamalek,46276,3,1,0,9,10,4,7,8,7,0,1,1,9
6655,Dokki,6339,1,0,1,6,10,5,2,9,9,0,1,0,6
6656,El Shorouk,20246,1,1,0,4,9,3,2,9,4,0,1,0,7
6657,Madinaty,12109,2,1,0,10,4,2,9,6,7,1,1,0,7
6658,Nasr City,27758,2,0,1,2,9,6,9,8,3,0,1,0,7
6659,El Shorouk,27091,3,0,0,2,9,5,1,3,8,0,1,1,10
6660,Haram,47056,3,0,0,3,9,3,7,10,4,0,1,0,8
6661,Madinaty,17317,3,1,0,7,4,7,10,8,6,1,1,1,8
6662,Heliopolis,20762,3,0,0,3,10,6,6,6,4,1,1,1,6
6663,El Shorouk,7465,1,0,0,5,8,2,1,6,2,0,1,0,10
6664,Dokki,29622,2,1,0,7,9,4,6,8,2,1,1,1,9
6665,Haram,10800,2,0,0,3,8,5,1,4,5,1,1,1,4
6666,Maadi,39539,4,0,0,5,6,2,4,10,6,1,1,1,7
6667,Madinaty,40651,2,1,0,8,5,9,10,5,2,0,1,0,8
6668,Downtown Cairo,6600,2,1,0,2,9,4,2,7,4,0,1,1,6
6669,El Shorouk,9518,5,0,0,10,7,6,1,9,4,0,0,0,4
6670,Helwan,23627,5,0,0,8,6,4,7,8,3,0,1,0,7
6671,Sheikh Zayed,33369,4,1,1,10,5,5,8,3,7,1,1,1,6
6672,Dokki,35445,3,1,0,8,9,10,7,7,3,1,1,0,10
6673,6th of October,20689,4,1,1,2,10,4,2,6,5,0,1,0,6
6674,Faisal,19923,4,0,0,8,9,9,7,5,6,0,0,0,9
6675,Dokki,42469,1,1,0,10,7,7,4,4,4,0,0,0,6
6676,Maadi,34403,2,1,0,9,4,7,9,4,2,0,0,0,8
6677,Heliopolis,4958,1,1,0,5,3,2,1,3,2,0,1,1,10
6678,Haram,44363,2,1,1,6,8,8,3,9,2,0,1,0,5
6679,Heliopolis,7538,4,1,1,4,7,5,5,5,7,1,1,0,7
6680,El Obour,27404,2,0,1,3,8,9,7,8,5,1,1,0,5
6681,Faisal,13983,3,0,0,4,3,10,7,9,7,1,0,0,4
6682,Maadi,39371,3,1,0,8,5,3,6,3,2,0,1,0,9
6683,El Shorouk,28642,4,0,1,9,8,9,5,4,6,0,0,0,9
6684,Downtown Cairo,17467,5,1,0,3,6,9,5,6,2,0,0,1,9
6685,Mokattam,4205,3,0,1,10,6,7,4,10,5,1,1,0,8
6686,Heliopolis,31409,4,1,0,5,3,4,9,3,10,0,1,0,4
6687,Haram,16442,1,0,0,3,7,6,8,5,7,0,1,1,8
6688,Nasr City,30290,5,1,1,8,7,3,9,8,5,0,1,1,7
6689,Haram,30108,3,1,1,3,8,7,7,3,8,0,1,0,9
6690,New Cairo,9691,4,0,1,8,5,4,10,8,2,0,1,1,10
6691,New Cairo,42909,4,0,0,9,6,5,9,4,2,0,1,0,8
6692,Madinaty,23504,1,1,1,10,3,10,9,3,6,0,1,0,5
6693,Faisal,34162,1,0,0,2,4,6,4,6,8,1,1,0,10
6694,New Cairo,43496,5,0,0,3,8,8,8,8,10,0,1,1,6
6695,El Shorouk,42798,3,0,0,3,6,10,8,4,10,1,1,0,8
6696,Shoubra,25551,4,1,1,8,6,6,5,8,9,0,1,1,7
6697,Helwan,17383,5,0,0,7,5,2,9,3,3,0,0,0,6
6698,Dokki,20496,5,1,0,10,6,3,4,7,2,1,1,0,10
6699,El Obour,45716,1,1,0,4,5,4,6,10,4,0,1,0,7
6700,Maadi,13088,4,1,0,9,5,4,4,8,2,0,1,1,5
6701,Sheikh Zayed,31444,2,0,0,6,4,2,10,7,2,1,1,1,7
6702,Madinaty,28734,1,1,0,6,8,10,10,4,9,1,1,1,9
6703,Dokki,45745,4,1,1,6,9,10,3,6,4,1,0,0,5
6704,Helwan,38571,5,1,0,9,7,5,8,9,3,0,1,1,9
6705,New Capital,30415,5,1,1,8,9,10,8,9,7,0,1,1,10
6706,Heliopolis,19389,3,0,0,8,6,5,7,5,2,1,0,0,6
6707,Faisal,31744,2,1,0,5,5,9,10,6,3,1,0,0,6
6708,Nasr City,22682,1,1,0,7,9,4,8,3,5,0,1,1,6
6709,Madinaty,49038,3,1,0,2,5,10,7,4,8,1,1,0,7
6710,6th of October,38310,3,0,0,7,7,5,2,7,3,0,1,0,6
6711,El Obour,11259,2,1,0,6,7,9,3,5,5,0,1,0,4
6712,Faisal,49168,1,0,0,2,5,3,9,9,5,0,0,0,7
6713,Heliopolis,16546,1,0,1,2,6,8,7,4,9,0,1,0,10
6714,Sheikh Zayed,6154,5,1,1,4,8,3,10,4,8,0,1,0,10
6715,New Cairo,12766,1,1,1,5,6,6,7,10,8,0,1,1,7
6716,New Cairo,15230,3,1,0,2,8,10,7,4,10,0,1,0,10
6717,Sheikh Zayed,21765,5,1,0,8,6,6,10,3,4,0,1,1,5
6718,Nasr City,9902,1,0,0,3,7,5,10,7,4,0,0,0,8
6719,Mohandeseen,5222,2,1,0,5,6,9,9,8,10,0,1,0,6
6720,Shoubra,31050,3,0,1,10,9,6,4,7,3,0,1,0,5
6721,New Cairo,38269,4,1,0,9,8,10,9,7,4,1,1,1,7
6722,El Shorouk,13050,2,0,0,3,6,10,9,9,10,0,1,1,6
6723,Mohandeseen,7574,2,0,0,10,6,3,5,5,7,0,1,1,10
6724,El Obour,40497,1,1,1,2,10,10,6,8,6,0,1,0,6
6725,Sheikh Zayed,15157,5,0,1,7,7,9,7,8,10,1,1,1,8
6726,Mokattam,23575,5,1,0,4,3,8,5,8,8,0,1,0,8
6727,Mokattam,44244,3,0,0,2,10,7,1,9,3,1,1,0,5
6728,El Obour,21945,1,0,0,9,3,5,3,3,10,1,0,0,7
6729,Heliopolis,18962,5,1,0,7,6,8,1,6,7,1,1,0,9
6730,Helwan,39290,4,1,0,5,3,7,1,7,4,0,0,0,10
6731,Sheikh Zayed,39159,1,1,0,4,6,9,9,6,2,0,1,0,9
6732,Mohandeseen,28852,1,1,0,3,9,2,6,9,5,0,1,0,10
6733,Helwan,34684,5,1,0,6,7,4,8,10,9,0,1,0,7
6734,New Cairo,48842,2,1,1,9,6,9,10,4,6,1,1,1,9
6735,Helwan,15796,1,1,0,9,4,3,9,8,6,0,0,1,8
6736,6th of October,28450,2,1,1,4,5,10,4,4,3,1,0,0,10
6737,Maadi,38846,3,1,1,10,7,3,10,4,5,1,1,0,9
6738,El Obour,49037,3,1,1,6,10,10,8,7,5,1,1,0,4
6739,New Capital,21504,5,1,1,8,8,8,8,8,10,1,1,0,7
6740,Maadi,49728,3,0,0,10,4,5,10,10,8,0,0,0,6
6741,New Capital,34041,5,0,0,8,4,4,7,9,8,1,1,1,8
6742,Al Rehab,14715,5,0,0,4,9,9,8,4,10,0,1,0,10
6743,Downtown Cairo,25803,2,0,0,3,5,8,3,3,10,0,1,0,5
6744,Al Rehab,7370,2,0,0,8,4,2,7,8,6,1,1,0,5
6745,New Cairo,5908,3,1,0,9,5,8,9,4,2,0,1,0,9
6746,New Cairo,41075,2,0,0,5,6,2,10,7,3,1,1,1,7
6747,El Shorouk,25134,1,1,0,2,7,2,9,9,9,0,0,0,4
6748,Nasr City,48065,4,1,1,7,7,6,10,3,7,0,1,0,4
6749,New Capital,7587,1,0,1,10,7,6,10,10,9,1,1,0,5
6750,Dokki,34023,1,0,0,5,9,3,5,7,4,0,0,0,4
6751,Dokki,49153,5,0,0,4,10,8,9,10,4,0,1,0,10
6752,El Obour,6413,4,1,0,7,10,4,1,4,7,0,0,0,5
6753,6th of October,29038,5,1,0,7,5,2,5,3,5,0,1,0,6
6754,El Obour,26555,2,1,0,5,5,8,4,4,5,0,0,0,6
6755,El Shorouk,14952,2,0,1,8,10,5,1,3,5,0,1,0,9
6756,El Obour,7457,4,1,0,3,10,5,1,6,3,0,1,0,9
6757,Madinaty,12464,3,1,0,2,4,4,10,3,8,0,1,0,10
6758,Zamalek,5150,2,0,0,7,7,8,6,6,6,0,1,1,4
6759,Mohandeseen,36264,1,1,0,4,4,3,1,4,6,0,1,0,7
6760,Shoubra,44222,4,1,1,4,6,8,4,3,8,1,0,0,7
6761,El Obour,48349,4,0,0,2,4,9,7,7,6,0,1,0,7
6762,New Cairo,36786,2,1,1,3,7,3,7,8,2,1,1,0,10
6763,New Cairo,13808,2,0,0,4,5,9,9,3,3,0,1,1,8
6764,Nasr City,42345,5,0,0,2,4,8,2,10,6,0,1,0,6
6765,Al Rehab,8081,5,0,0,9,4,9,10,3,8,1,1,0,8
6766,Dokki,43222,1,0,0,7,5,4,10,8,3,1,1,0,8
6767,Madinaty,12933,4,0,0,10,5,7,8,3,9,1,1,1,7
6768,Madinaty,6671,3,1,1,2,7,2,7,5,6,1,1,1,10
6769,New Capital,47739,3,1,1,5,6,8,8,7,10,1,1,1,8
6770,Maadi,35217,4,1,0,5,8,5,3,3,7,0,0,0,10
6771,New Cairo,43155,1,1,0,6,7,5,10,3,4,1,1,1,10
6772,Mohandeseen,43601,5,1,0,3,4,10,10,4,7,1,0,1,7
6773,Al Rehab,23008,5,0,0,2,7,8,7,8,10,1,1,1,10
6774,El Obour,25883,5,0,0,10,7,9,2,10,2,1,0,0,7
6775,Dokki,37282,3,1,0,6,5,7,9,9,2,1,1,0,10
6776,El Obour,36974,3,1,0,9,6,3,1,8,9,0,0,0,9
6777,Maadi,37715,1,0,0,4,8,4,1,9,8,0,1,0,10
6778,Heliopolis,47401,3,1,0,5,6,5,9,7,2,0,1,0,4
6779,6th of October,19380,2,0,1,5,7,3,3,3,9,0,0,0,6
6780,New Capital,22212,3,1,0,7,5,2,9,3,6,1,1,1,7
6781,Maadi,32174,5,1,0,5,10,10,3,3,10,0,0,0,8
6782,Haram,10861,1,1,0,6,5,3,2,9,4,0,0,1,4
6783,Shoubra,10094,4,1,1,6,9,6,3,6,6,0,0,0,7
6784,El Shorouk,43113,4,1,1,9,4,8,10,5,8,1,1,0,4
6785,Dokki,28363,1,0,0,10,3,3,4,7,9,0,1,0,5
6786,Dokki,26310,2,1,0,9,4,7,1,6,4,0,1,0,9
6787,Helwan,43300,4,0,1,6,8,9,3,10,2,1,1,0,7
6788,El Obour,9943,5,1,1,7,10,8,7,3,7,1,0,0,6
6789,Al Rehab,18569,4,1,1,5,9,7,8,10,6,0,1,0,4
6790,Heliopolis,46616,4,1,1,3,4,9,7,8,6,0,1,0,9
6791,Mokattam,12793,5,1,0,6,4,3,4,7,7,0,1,0,6
6792,Heliopolis,42207,3,1,1,2,3,5,7,6,4,0,1,0,9
6793,Heliopolis,29287,2,0,1,2,10,5,3,5,6,0,0,0,4
6794,Maadi,37971,5,1,0,2,10,8,7,6,2,0,0,1,10
6795,New Capital,46351,5,1,1,5,5,8,9,9,9,0,1,1,6
6796,Downtown Cairo,35369,1,1,0,6,5,4,7,4,10,0,0,0,9
6797,Helwan,27023,2,0,0,5,6,5,3,3,5,0,1,0,8
6798,Mohandeseen,49885,3,1,0,7,6,2,6,6,6,1,1,0,8
6799,Nasr City,27897,5,1,1,3,7,9,9,8,8,1,1,0,8
6800,Helwan,27010,3,1,0,6,8,5,7,5,6,1,0,0,7
6801,New Capital,44154,5,0,0,7,7,6,9,8,5,1,1,1,5
6802,Zamalek,39899,5,1,0,6,7,6,1,8,9,1,1,0,6
6803,Haram,24114,1,1,0,7,6,2,8,9,7,1,1,0,9
6804,Downtown Cairo,23050,4,1,0,9,6,2,4,3,3,0,1,0,7
6805,Nasr City,25125,2,0,0,3,4,8,2,4,5,0,1,1,5
6806,Dokki,32558,1,1,0,8,5,2,9,8,4,0,1,1,5
6807,Haram,48846,3,1,1,7,6,10,3,9,3,0,0,0,5
6808,Heliopolis,24396,5,1,1,9,3,7,6,9,7,0,1,0,9
6809,Nasr City,31125,5,1,0,10,4,2,3,4,2,0,0,0,10
6810,Faisal,26580,2,1,0,9,9,2,7,6,5,1,1,0,7
6811,Madinaty,42973,1,1,0,6,3,6,9,9,9,0,1,1,10
6812,Downtown Cairo,27574,1,1,0,5,3,4,4,3,6,0,1,0,10
6813,Madinaty,28619,3,1,0,4,5,9,7,6,4,1,1,0,8
6814,Shoubra,17869,1,0,0,10,3,9,9,10,3,0,1,0,9
6815,El Shorouk,4658,1,0,0,8,3,9,8,4,7,0,0,0,8
6816,Haram,16122,4,0,0,2,8,7,8,7,5,0,1,0,9
6817,Zamalek,47827,2,1,0,4,3,6,8,6,8,0,1,0,10
6818,Shoubra,17335,1,1,0,4,3,6,7,9,9,0,1,0,4
6819,Heliopolis,25677,3,1,0,7,4,7,6,7,10,1,1,0,5
6820,New Cairo,32223,5,1,0,3,4,7,7,3,8,1,1,0,8
6821,Maadi,33814,1,0,0,5,5,10,7,4,10,1,1,0,7
6822,Maadi,22075,1,1,0,3,9,8,1,10,5,0,1,1,6
6823,El Obour,47185,5,1,0,6,5,7,6,9,2,0,1,0,8
6824,6th of October,15258,4,0,0,5,8,8,8,6,8,0,1,0,6
6825,Shoubra,34527,2,1,1,5,3,4,5,6,3,0,0,1,10
6826,Nasr City,14139,4,0,0,5,7,3,6,9,10,0,0,0,10
6827,Dokki,46325,3,0,0,5,3,8,2,6,7,0,1,0,10
6828,El Obour,44503,1,0,0,6,3,4,2,3,10,1,0,1,7
6829,New Capital,23514,4,1,1,3,8,5,7,8,9,1,1,1,5
6830,El Obour,24917,2,1,0,7,10,3,6,8,10,0,1,1,6
6831,Dokki,33097,3,1,0,2,5,6,5,3,8,0,1,0,9
6832,Madinaty,21788,4,1,1,3,6,6,9,10,4,0,1,1,6
6833,Downtown Cairo,29061,1,0,0,4,9,2,6,10,6,0,0,0,10
6834,Heliopolis,13947,2,0,1,3,5,5,4,8,4,0,1,1,7
6835,Nasr City,19544,1,0,0,4,4,4,7,8,4,0,1,0,5
6836,Maadi,24014,1,0,0,9,5,8,9,9,8,1,1,0,8
6837,Downtown Cairo,18795,3,1,1,4,8,6,7,5,7,0,0,0,8
6838,Shoubra,36632,2,1,0,2,6,7,6,9,6,0,1,0,9
6839,Faisal,23352,5,0,0,9,3,3,3,9,6,0,0,0,5
6840,6th of October,27653,1,0,0,9,6,2,6,8,9,0,1,0,5
6841,Faisal,5579,2,1,0,8,10,4,8,6,2,0,0,1,9
6842,Dokki,35758,1,1,0,5,8,4,8,3,5,0,1,1,7
6843,Sheikh Zayed,47755,4,1,0,6,8,8,10,4,6,0,1,0,8
6844,New Cairo,42760,4,0,1,7,5,8,7,3,10,1,1,0,9
6845,New Capital,36818,2,1,0,7,7,7,10,3,2,1,1,1,8
6846,Al Rehab,10452,3,0,0,8,10,5,10,10,10,0,1,0,9
6847,Zamalek,41921,5,1,1,5,10,9,5,6,7,0,0,0,4
6848,Heliopolis,19340,4,0,1,9,8,3,1,7,4,0,1,0,9
6849,Al Rehab,6787,3,0,0,3,4,8,10,4,4,1,1,1,10
6850,Zamalek,19839,5,1,1,10,8,2,7,7,5,0,1,0,9
6851,Dokki,6155,4,0,1,7,6,9,5,10,6,0,0,0,6
6852,Heliopolis,11019,5,1,1,2,8,6,10,5,10,0,0,0,4
6853,Mokattam,24614,1,0,0,2,9,7,8,6,7,0,1,0,7
6854,Maadi,30190,2,0,0,9,9,7,6,10,6,0,1,0,4
6855,Sheikh Zayed,44375,4,1,0,8,5,2,8,8,7,1,1,1,5
6856,Al Rehab,14928,4,0,0,4,3,8,8,7,7,1,1,0,9
6857,Downtown Cairo,12598,1,0,0,9,5,4,8,3,10,0,1,1,9
6858,Haram,48339,4,0,1,9,8,3,9,3,8,0,1,1,9
6859,Zamalek,24581,4,1,0,8,8,8,8,5,8,0,1,0,6
6860,New Cairo,48655,4,1,1,6,10,10,9,9,5,0,1,1,9
6861,New Cairo,17919,4,1,0,9,3,5,10,9,6,0,1,1,6
6862,Dokki,42180,4,1,0,6,7,8,2,9,8,0,1,0,7
6863,Zamalek,8499,3,1,0,2,4,6,6,5,9,0,1,1,7
6864,Al Rehab,41677,4,1,0,9,6,8,10,10,7,0,1,0,6
6865,Heliopolis,47862,1,1,0,8,5,2,9,4,9,0,0,0,7
6866,New Capital,29602,4,1,0,8,5,10,10,4,10,0,1,0,6
6867,New Cairo,33692,5,1,0,3,6,7,10,6,2,1,1,1,6
6868,Faisal,44422,5,1,0,4,10,9,8,5,5,0,1,0,8
6869,Maadi,25760,1,1,0,4,8,10,4,6,10,0,0,1,10
6870,Haram,6920,3,0,0,7,3,2,5,10,6,0,1,0,5
6871,El Shorouk,28085,1,1,0,7,10,6,2,10,5,0,1,1,6
6872,Madinaty,26925,3,1,0,4,4,8,10,7,10,1,1,0,4
6873,Nasr City,9615,2,1,1,6,7,9,7,4,3,0,0,0,9
6874,6th of October,41083,5,1,0,10,9,4,8,10,3,0,1,1,6
6875,Maadi,49228,5,1,0,8,6,9,6,9,9,0,1,0,9
6876,Maadi,6783,5,0,0,10,9,6,9,6,9,0,0,0,9
6877,Heliopolis,13605,3,1,0,3,4,2,3,9,6,1,1,0,8
6878,Madinaty,49557,1,1,0,2,5,5,10,5,7,1,1,0,10
6879,Haram,48608,3,1,1,3,4,3,9,7,6,0,1,0,9
6880,El Shorouk,23192,5,1,1,7,8,6,9,4,9,0,1,0,10
6881,Sheikh Zayed,7331,5,0,0,8,7,5,10,6,7,0,1,1,6
6882,Helwan,35856,5,0,0,9,4,3,9,8,7,0,1,0,6
6883,Downtown Cairo,6846,5,0,0,7,8,8,7,5,8,0,1,0,8
6884,Heliopolis,37697,2,0,0,7,5,3,8,10,3,0,0,0,5
6885,Shoubra,41586,5,1,0,4,7,3,8,10,10,0,0,0,9
6886,Helwan,39030,3,0,0,10,7,5,8,6,4,0,0,0,10
6887,New Cairo,16775,5,0,0,3,7,6,8,4,10,1,1,1,7
6888,Madinaty,11549,4,1,0,6,5,4,7,10,6,1,1,1,8
6889,Nasr City,26437,2,1,0,4,3,10,7,7,2,0,1,0,9
6890,Mokattam,27958,5,0,1,2,5,7,4,3,5,0,0,0,7
6891,El Obour,28243,4,1,1,3,3,9,4,8,7,1,0,0,9
6892,Heliopolis,46177,3,0,0,7,8,6,7,10,4,0,1,0,7
6893,El Shorouk,46424,2,1,0,2,10,9,2,7,7,0,0,0,4
6894,Mohandeseen,32984,5,1,0,3,3,7,8,10,2,1,1,0,9
6895,Nasr City,40942,3,1,1,6,9,8,6,9,10,0,1,0,10
6896,Downtown Cairo,41538,4,0,1,2,10,3,9,9,10,0,0,0,10
6897,Shoubra,9833,2,0,0,5,5,7,5,10,5,0,1,0,6
6898,Zamalek,27386,5,1,0,6,8,6,10,6,3,0,0,0,9
6899,Shoubra,38813,3,0,1,6,4,9,10,6,9,0,1,0,7
6900,Nasr City,37805,2,1,0,6,5,6,1,9,8,0,1,0,10
6901,New Cairo,10242,4,0,0,10,10,8,8,3,2,1,1,1,10
6902,New Capital,32704,5,1,1,10,10,5,8,9,7,1,1,1,7
6903,Downtown Cairo,46419,2,1,0,6,7,3,10,6,6,1,0,0,7
6904,El Obour,28832,4,1,0,7,4,4,4,8,3,0,1,0,9
6905,Shoubra,16321,4,1,0,9,6,5,3,7,6,0,1,0,4
6906,Al Rehab,42930,3,0,1,8,8,4,8,4,7,1,1,0,9
6907,Maadi,36407,4,1,0,7,6,8,6,9,7,0,1,0,10
6908,Heliopolis,8073,4,1,0,5,6,6,3,7,3,0,1,0,8
6909,Heliopolis,21667,1,1,1,4,7,4,8,7,2,0,0,0,7
6910,Mokattam,20035,4,1,1,5,9,4,2,8,5,0,0,0,5
6911,Al Rehab,10732,5,1,0,4,8,10,10,8,5,0,1,1,9
6912,Mohandeseen,7487,2,1,0,9,8,10,1,8,10,1,1,0,4
6913,Mohandeseen,38952,5,1,0,7,9,6,9,8,2,1,1,0,5
6914,Zamalek,33425,5,1,0,7,7,3,9,7,2,1,1,1,8
6915,Dokki,23571,3,1,0,2,3,6,5,9,9,1,1,0,5
6916,Heliopolis,33075,1,1,0,6,8,5,2,4,6,0,1,0,6
6917,Mohandeseen,46185,1,1,0,9,9,7,6,6,10,0,1,0,5
6918,Faisal,9495,5,1,1,3,7,7,10,7,7,0,0,0,5
6919,New Capital,22681,2,1,1,4,9,7,7,4,4,1,1,0,5
6920,Mohandeseen,18781,1,0,0,10,10,8,4,6,2,0,0,0,4
6921,Mokattam,43865,1,0,0,5,8,3,2,9,7,0,0,0,8
6922,Haram,12469,5,0,0,6,3,5,5,9,4,0,0,0,6
6923,Shoubra,49167,1,1,0,8,6,10,8,4,5,0,0,0,8
6924,6th of October,20202,3,1,0,6,5,6,2,10,4,0,0,0,5
6925,Downtown Cairo,23928,5,1,1,3,5,2,7,4,8,0,1,0,5
6926,Madinaty,14985,1,1,1,8,8,7,7,7,10,0,1,1,9
6927,Shoubra,43599,1,1,1,7,10,6,6,3,6,0,1,0,5
6928,Sheikh Zayed,20775,1,0,1,10,7,3,9,7,7,1,1,0,9
6929,New Capital,4968,5,1,0,3,8,4,7,4,6,1,1,0,7
6930,El Obour,14382,2,0,1,3,6,4,2,4,4,0,1,1,8
6931,Nasr City,9151,4,1,0,9,8,8,10,4,4,0,0,0,6
6932,Dokki,30804,1,1,1,2,6,6,5,9,5,1,1,0,10
6933,6th of October,47586,4,1,0,9,3,10,2,5,6,0,1,0,5
6934,Mohandeseen,36259,4,1,0,6,9,2,8,10,8,0,1,0,6
6935,Shoubra,24748,1,0,0,2,9,4,9,8,10,0,1,0,4
6936,Heliopolis,23691,1,0,0,2,9,9,8,7,6,0,1,0,7
6937,Shoubra,36020,4,0,0,7,3,4,1,3,3,0,1,0,8
6938,Heliopolis,47560,2,1,1,3,6,4,5,8,10,0,1,0,8
6939,Mokattam,31256,4,1,0,3,8,9,4,6,6,0,1,0,9
6940,Zamalek,10125,2,1,0,2,9,4,4,3,7,1,0,1,6
6941,6th of October,8370,3,1,0,2,9,3,7,10,10,1,1,0,5
6942,El Obour,8838,2,1,0,5,7,4,10,8,5,0,0,1,7
6943,Faisal,7134,5,1,0,6,7,3,10,9,4,0,1,0,6
6944,Helwan,49459,1,0,0,5,10,9,4,3,5,0,1,1,9
6945,Al Rehab,47199,3,1,0,7,6,6,10,10,9,1,1,0,4
6946,Mohandeseen,15556,4,1,1,9,10,4,3,5,8,0,0,0,6
6947,Nasr City,37822,2,1,1,3,8,9,8,10,8,1,1,0,10
6948,Madinaty,31977,3,1,0,2,10,9,8,9,2,1,1,1,9
6949,Dokki,24113,5,1,1,3,10,5,7,4,3,0,1,0,5
6950,Madinaty,34566,2,1,0,7,8,10,10,9,4,1,1,0,6
6951,Sheikh Zayed,6669,4,1,1,5,5,2,9,3,2,0,1,0,8
6952,6th of October,20081,4,1,0,8,5,8,2,8,10,0,1,0,5
6953,Mokattam,16938,2,1,0,3,3,6,6,4,10,0,1,0,6
6954,Maadi,9717,5,1,0,2,8,8,8,7,6,0,1,0,6
6955,6th of October,16282,1,0,1,6,6,9,3,9,5,0,1,1,6
6956,Zamalek,46065,1,1,0,10,5,4,3,4,4,0,1,0,8
6957,Madinaty,18201,4,0,0,7,7,4,9,8,10,1,1,0,8
6958,Madinaty,20289,5,1,1,7,4,2,10,4,3,1,1,0,6
6959,New Capital,28406,4,0,0,2,4,6,9,10,9,1,1,1,10
6960,New Cairo,35286,1,0,0,2,8,9,7,7,8,1,1,1,9
6961,Heliopolis,16873,4,0,1,5,10,2,1,7,3,0,0,1,7
6962,Heliopolis,20512,2,1,1,3,6,3,3,8,4,0,1,0,4
6963,Maadi,32927,2,1,1,4,10,3,10,8,3,0,1,0,7
6964,Haram,27461,5,0,0,7,3,3,7,3,4,1,1,0,9
6965,Maadi,24710,1,1,0,2,4,6,2,5,5,1,1,0,4
6966,El Shorouk,23952,5,1,1,3,7,8,9,8,6,1,0,1,6
6967,Nasr City,17448,5,1,1,5,7,4,9,6,3,0,1,0,5
6968,New Capital,19198,1,1,0,7,7,2,10,7,8,1,1,0,10
6969,Dokki,11622,3,1,1,4,10,10,6,9,5,0,1,0,9
6970,Shoubra,44848,3,1,1,10,4,10,2,9,2,0,0,0,8
6971,New Capital,6402,4,1,0,5,5,5,10,7,5,1,1,1,10
6972,Zamalek,40324,3,1,0,8,10,6,10,6,10,0,1,0,7
6973,Zamalek,32467,2,1,0,6,10,5,9,4,6,0,1,0,8
6974,Helwan,38961,5,0,0,7,9,9,5,7,3,1,1,0,9
6975,Zamalek,47007,4,0,0,10,7,2,1,6,7,0,0,0,8
6976,New Capital,24739,5,1,0,10,3,5,10,3,8,1,1,1,8
6977,El Obour,22518,1,0,0,7,6,5,3,9,3,1,1,1,4
6978,6th of October,30547,3,1,0,3,6,4,6,8,3,0,1,0,5
6979,Downtown Cairo,32936,1,0,0,10,6,5,4,5,4,0,1,0,6
6980,New Cairo,24287,4,1,0,3,5,8,8,7,5,1,1,0,7
6981,Mokattam,45351,2,1,0,3,6,6,6,6,6,0,1,1,5
6982,Al Rehab,29476,3,0,0,3,6,4,9,7,4,1,1,0,9
6983,El Shorouk,16875,1,0,0,8,4,7,6,4,5,1,1,0,10
6984,El Obour,14686,3,0,0,5,5,10,6,7,8,0,1,0,8
6985,El Obour,21536,5,1,0,9,5,4,5,7,7,1,1,0,4
6986,Zamalek,38062,2,1,0,9,4,3,5,9,3,1,1,0,8
6987,Madinaty,29041,3,1,0,2,3,10,10,4,8,1,1,0,4
6988,New Cairo,35653,2,0,1,2,9,6,10,7,3,1,1,1,8
6989,Sheikh Zayed,25673,5,1,0,5,6,6,7,8,4,1,1,0,10
6990,Shoubra,14367,5,0,0,3,10,8,6,4,2,0,1,0,5
6991,Mohandeseen,23629,1,1,0,4,3,3,7,10,7,1,1,1,7
6992,Shoubra,27100,4,0,0,3,4,6,9,6,5,1,1,0,7
6993,Helwan,10654,1,1,0,10,4,9,8,5,10,0,0,1,9
6994,Faisal,29063,2,0,1,7,4,9,4,5,5,0,1,0,4
6995,Downtown Cairo,23322,1,0,0,8,10,8,7,6,7,0,0,0,8
6996,Shoubra,23010,3,0,1,7,4,6,3,3,9,0,1,1,6
6997,Downtown Cairo,16693,1,1,1,2,8,5,5,3,6,0,1,0,6
6998,Maadi,13241,4,1,0,6,10,3,3,8,4,0,1,0,8
6999,Al Rehab,33778,4,1,0,4,7,3,8,5,10,0,1,1,9
7000,Zamalek,40843,2,0,1,9,10,4,3,6,4,0,0,0,10
7001,Downtown Cairo,16651,5,0,0,8,4,4,8,7,10,0,1,0,7
7002,Faisal,29966,4,0,0,10,3,8,10,6,3,0,1,0,7
7003,Sheikh Zayed,13275,2,0,0,2,4,7,9,4,9,1,1,1,7
7004,Al Rehab,49606,4,0,0,3,10,2,9,6,7,1,1,0,8
7005,Nasr City,5658,4,0,0,3,10,7,9,8,10,0,1,0,8
7006,New Cairo,32963,5,1,1,2,3,6,7,9,6,1,1,0,7
7007,El Obour,10932,3,1,1,9,4,7,6,3,5,0,1,1,8
7008,Madinaty,18248,2,1,0,5,4,9,7,7,3,0,1,1,7
7009,Al Rehab,28437,4,0,0,8,7,2,10,7,2,1,1,0,8
7010,Haram,43727,4,1,1,2,9,7,1,5,5,0,1,0,8
7011,Maadi,22201,1,1,0,9,10,5,4,4,9,0,1,0,5
7012,Dokki,45150,3,0,0,9,10,10,10,7,10,0,1,1,8
7013,6th of October,28355,5,1,0,4,4,9,4,5,2,1,0,0,5
7014,Madinaty,18999,2,1,0,10,6,8,7,7,3,0,1,1,8
7015,Haram,10376,4,1,0,6,7,4,10,3,4,0,1,1,9
7016,Dokki,7476,2,1,1,6,10,10,6,9,9,0,0,0,6
7017,Dokki,8366,5,1,1,6,7,4,6,7,10,0,1,0,8
7018,New Cairo,29733,3,1,0,2,6,7,8,3,4,0,1,0,10
7019,El Shorouk,16458,1,0,0,3,9,3,5,10,5,1,1,0,10
7020,Dokki,36795,3,1,1,2,8,9,8,10,9,0,1,0,6
7021,Helwan,24615,1,1,1,3,9,2,3,8,4,0,1,0,9
7022,Zamalek,15164,2,1,0,10,7,2,6,9,7,1,0,0,8
7023,Nasr City,43316,3,0,0,10,4,9,1,6,2,0,0,0,10
7024,Shoubra,7024,3,0,0,6,10,10,10,10,8,1,1,0,5
7025,Downtown Cairo,33559,3,1,1,5,6,10,6,3,6,0,1,0,8
7026,Maadi,5264,5,1,1,3,9,9,9,10,5,0,1,0,10
7027,6th of October,13047,2,0,0,7,4,9,8,8,9,0,1,0,4
7028,Dokki,48985,1,1,1,10,10,5,5,3,9,0,1,0,4
7029,Sheikh Zayed,10587,3,0,1,9,7,9,8,3,8,1,1,1,4
7030,New Capital,10577,2,1,0,5,5,8,10,8,2,1,1,0,6
7031,Haram,21635,5,1,0,7,6,10,3,7,7,1,0,0,6
7032,Sheikh Zayed,49564,5,0,0,10,3,9,10,8,4,1,1,1,9
7033,El Obour,7870,2,1,1,5,7,3,7,4,9,0,1,1,10
7034,Zamalek,38094,1,0,0,10,9,9,8,8,4,0,1,0,9
7035,New Cairo,13217,2,1,0,9,9,9,10,10,9,1,1,0,7
7036,Shoubra,21602,2,0,1,4,5,10,7,3,6,0,0,1,5
7037,Sheikh Zayed,4605,4,1,0,10,7,4,10,9,6,1,1,0,8
7038,Shoubra,26343,5,0,0,6,4,9,8,10,9,0,1,0,9
7039,Faisal,17003,1,1,0,2,8,9,6,5,4,0,1,0,4
7040,Zamalek,47257,4,1,0,9,8,5,4,7,5,0,1,1,6
7041,Nasr City,36089,2,0,0,6,4,6,5,4,2,1,1,0,8
7042,Faisal,21661,5,0,0,6,8,3,6,9,10,0,1,1,9
7043,Al Rehab,20782,4,0,1,3,4,7,7,10,4,1,1,0,9
7044,El Obour,34029,4,0,1,10,10,10,5,4,9,1,1,1,10
7045,New Capital,17487,1,1,1,7,10,4,9,9,2,1,1,0,8
7046,Nasr City,43042,2,1,1,4,5,7,9,7,2,1,1,0,5
7047,Sheikh Zayed,26065,1,0,0,8,4,9,9,5,7,1,1,0,9
7048,Sheikh Zayed,14844,4,1,0,3,10,3,7,6,7,0,1,0,6
7049,Sheikh Zayed,23323,4,1,0,8,7,2,8,7,8,1,1,0,10
7050,Sheikh Zayed,29397,1,1,0,3,7,7,7,4,2,1,1,0,4
7051,New Capital,49957,4,0,1,6,8,4,9,6,4,1,1,1,7
7052,Haram,21328,3,0,0,10,7,3,3,4,5,0,0,0,10
7053,Haram,47739,5,1,0,10,6,9,9,3,10,0,1,0,9
7054,Shoubra,42733,2,0,0,7,7,10,4,9,9,0,1,0,10
7055,6th of October,49389,5,0,0,4,4,8,7,6,5,0,1,1,4
7056,Haram,33715,2,0,0,5,9,10,6,8,8,0,0,0,10
7057,Maadi,43116,4,0,0,5,9,8,6,7,10,0,1,0,9
7058,Sheikh Zayed,21580,1,1,1,10,6,4,9,7,9,1,1,1,8
7059,El Shorouk,4823,1,1,1,5,6,2,1,5,6,0,1,1,6
7060,Dokki,30472,4,0,1,5,6,2,3,6,10,0,1,0,4
7061,Downtown Cairo,11084,2,1,0,6,6,6,5,5,6,0,1,0,7
7062,Dokki,16455,4,1,0,7,8,10,2,7,4,1,1,0,5
7063,Helwan,14607,2,1,1,9,5,7,2,5,7,1,1,1,6
7064,Shoubra,20919,4,1,1,2,9,3,4,6,4,0,1,0,4
7065,Faisal,23394,4,1,0,6,8,7,7,7,3,1,0,0,8
7066,6th of October,14819,4,1,1,10,7,5,1,4,8,0,1,0,8
7067,Mokattam,15969,1,1,0,5,5,10,9,7,4,1,1,0,6
7068,Helwan,21333,2,0,0,9,8,4,1,9,6,0,0,0,5
7069,Nasr City,15700,4,1,1,10,3,8,8,5,10,0,1,1,10
7070,Maadi,35792,5,1,0,2,10,9,6,9,5,0,1,0,6
7071,New Capital,37311,5,1,0,9,5,3,10,5,10,1,1,1,10
7072,Shoubra,40668,1,0,0,9,8,8,7,7,7,0,1,0,7
7073,Mokattam,15945,3,0,0,6,9,6,2,10,4,0,0,0,4
7074,Mokattam,40992,1,0,0,3,9,2,1,3,2,0,1,0,9
7075,Zamalek,39634,3,1,0,8,8,8,8,10,9,0,1,0,9
7076,New Cairo,22630,1,1,0,6,6,9,8,3,5,0,1,0,5
7077,Dokki,45036,5,0,0,6,7,2,9,3,7,1,0,0,5
7078,Downtown Cairo,28944,4,1,0,7,8,5,6,10,3,0,1,1,6
7079,Faisal,27360,2,0,1,9,7,5,1,9,5,0,1,0,8
7080,New Capital,16813,4,1,1,2,4,6,9,10,9,1,1,0,10
7081,Maadi,8601,5,1,0,4,8,6,7,10,3,0,0,0,5
7082,Faisal,16930,2,0,1,8,5,5,1,4,7,1,1,1,4
7083,6th of October,8333,3,0,0,10,7,2,8,4,3,0,1,0,7
7084,Faisal,9399,3,0,0,3,3,10,2,9,9,1,0,0,4
7085,Nasr City,21839,5,1,0,5,3,6,8,4,4,0,0,1,5
7086,Haram,44204,2,1,0,5,9,2,9,7,10,1,1,0,7
7087,Shoubra,24195,4,1,1,8,8,4,5,8,7,0,1,1,8
7088,Sheikh Zayed,31848,5,0,0,6,5,2,9,10,4,0,1,1,6
7089,El Shorouk,27693,3,1,0,6,8,8,7,7,3,0,1,0,6
7090,Dokki,44854,5,0,0,8,8,8,1,6,9,0,0,0,7
7091,Mokattam,40450,4,0,0,3,4,7,5,3,5,0,1,0,6
7092,El Shorouk,5854,1,0,0,9,8,10,1,6,9,1,0,0,4
7093,New Cairo,35558,1,1,1,7,10,8,8,3,8,1,1,0,9
7094,Nasr City,6985,4,0,1,6,8,6,8,5,3,0,0,0,7
7095,Helwan,47585,2,1,1,2,9,8,1,10,8,1,1,0,7
7096,Madinaty,23278,5,0,1,3,3,5,7,6,5,1,1,0,5
7097,Madinaty,44264,4,1,0,7,4,10,8,7,7,1,1,0,4
7098,Al Rehab,37326,1,1,0,7,9,7,10,10,9,1,1,0,10
7099,Helwan,23280,3,0,0,10,9,5,9,5,10,0,0,0,5
7100,Nasr City,38022,4,0,0,7,9,6,3,6,5,0,0,0,9
7101,El Obour,19667,4,1,1,2,5,9,2,5,4,0,0,0,9
7102,Madinaty,22065,4,0,0,8,9,8,7,8,3,0,1,0,9
7103,6th of October,25655,1,0,0,4,8,7,8,8,5,0,0,1,7
7104,Helwan,14006,1,1,0,9,7,3,7,8,3,0,1,0,4
7105,Zamalek,10283,4,0,0,7,4,4,3,5,4,0,1,1,7
7106,Sheikh Zayed,45622,4,1,0,4,8,2,8,5,2,1,1,1,9
7107,Sheikh Zayed,49076,2,0,1,4,3,4,9,7,8,1,1,1,8
7108,Haram,7325,3,0,0,9,10,3,5,10,7,0,0,0,6
7109,6th of October,34783,5,1,0,7,4,7,9,5,2,0,1,0,5
7110,Haram,7143,5,0,0,3,7,5,10,7,10,0,1,0,10
7111,Mokattam,39805,5,0,0,4,8,4,7,4,7,0,1,0,10
7112,Downtown Cairo,16417,1,1,0,7,7,9,1,10,6,0,0,0,8
7113,Heliopolis,35300,1,0,0,8,10,6,1,5,2,1,0,0,4
7114,Madinaty,30526,2,1,0,5,9,5,10,3,6,0,1,0,7
7115,Downtown Cairo,32896,1,1,0,9,3,7,5,7,3,1,0,0,6
7116,Sheikh Zayed,41443,4,1,0,4,4,5,10,9,8,0,1,1,4
7117,Haram,31606,3,0,0,7,4,6,8,4,7,0,1,0,10
7118,Haram,43916,3,1,0,8,10,5,8,7,5,0,1,0,4
7119,Helwan,11551,3,0,0,9,6,10,9,9,4,0,1,0,4
7120,El Shorouk,39436,3,0,1,5,3,3,4,5,6,0,1,0,9
7121,Dokki,6246,5,1,0,6,9,2,5,7,4,0,1,1,6
7122,Shoubra,43421,5,0,0,7,4,8,7,10,10,0,1,0,6
7123,Al Rehab,47901,4,0,0,2,5,10,8,6,7,1,1,1,4
7124,Mokattam,11649,2,0,0,10,6,10,6,6,3,0,0,0,9
7125,New Cairo,45209,1,1,1,4,10,5,9,3,8,1,1,1,4
7126,Faisal,4888,1,0,0,3,3,5,4,7,9,0,1,1,5
7127,Haram,45983,5,0,1,8,10,2,10,5,10,0,0,0,5
7128,Madinaty,33424,3,1,1,5,7,2,10,5,5,1,1,1,6
7129,Heliopolis,45559,4,1,1,5,3,2,10,9,2,0,1,0,6
7130,El Obour,15075,2,1,1,10,5,7,4,8,9,0,1,1,5
7131,Madinaty,26699,5,1,0,8,5,7,8,8,2,1,1,1,6
7132,Haram,13950,4,0,0,10,7,6,7,6,6,0,0,0,8
7133,New Capital,9413,4,0,0,2,7,3,8,9,3,1,1,0,4
7134,Shoubra,43305,5,0,1,4,7,7,3,7,9,0,1,0,4
7135,Heliopolis,7569,4,1,0,7,10,2,1,9,6,0,1,1,8
7136,El Obour,5242,3,0,0,2,9,4,7,5,7,0,0,1,5
7137,Sheikh Zayed,41097,4,1,0,6,6,6,7,10,8,0,1,1,5
7138,Mokattam,34085,2,1,0,5,9,6,7,4,5,0,1,0,8
7139,Zamalek,14487,4,0,0,5,10,8,2,5,6,1,1,1,8
7140,New Capital,22309,1,1,0,8,5,6,9,7,10,1,1,1,6
7141,Nasr City,34771,4,0,0,6,7,7,7,6,7,0,1,1,7
7142,Mohandeseen,30638,5,1,0,8,5,8,9,4,9,0,1,1,5
7143,El Shorouk,40163,1,1,0,2,6,3,10,5,5,0,1,0,5
7144,Maadi,25615,5,1,0,10,8,4,4,8,5,0,1,0,5
7145,El Shorouk,12039,2,1,1,9,9,4,6,3,9,0,1,0,8
7146,Nasr City,12198,3,1,0,8,6,2,3,3,4,1,1,1,5
7147,Nasr City,38354,2,1,0,3,9,10,2,9,6,0,1,0,10
7148,El Obour,7824,1,1,0,7,10,10,10,10,4,1,1,1,5
7149,6th of October,27999,3,0,0,5,8,10,2,10,2,0,1,0,9
7150,Madinaty,7436,4,1,0,4,5,10,9,10,4,1,1,1,6
7151,Zamalek,32014,1,1,0,9,7,9,3,6,7,0,1,0,8
7152,New Cairo,44857,3,1,0,5,10,6,10,10,7,0,1,0,8
7153,Haram,20057,5,1,0,4,10,10,2,9,8,1,1,0,6
7154,El Shorouk,5310,3,1,1,6,8,8,3,4,4,0,1,0,10
7155,New Cairo,13819,5,1,0,10,3,3,10,3,10,1,1,1,7
7156,6th of October,17457,5,0,0,4,4,8,8,9,10,0,0,0,8
7157,Maadi,4477,3,1,0,10,5,5,9,3,3,0,1,0,6
7158,New Cairo,12906,2,1,0,5,8,8,7,5,9,0,1,0,4
7159,Mokattam,13868,2,0,0,5,6,8,5,9,3,0,1,0,6
7160,Sheikh Zayed,22546,5,1,1,3,9,4,8,7,3,1,1,0,4
7161,Faisal,37276,1,1,1,9,9,4,2,9,7,0,1,0,7
7162,El Obour,11319,3,0,0,5,7,7,1,9,9,1,1,0,6
7163,Dokki,37149,1,0,1,4,10,3,5,5,2,0,1,0,8
7164,El Shorouk,5845,2,1,1,4,8,9,1,9,9,0,1,0,8
7165,New Cairo,27684,1,0,0,2,4,9,7,5,9,0,1,0,4
7166,6th of October,33858,4,0,1,9,5,5,9,6,5,0,1,1,6
7167,Maadi,49330,4,1,0,6,3,3,8,5,7,0,1,0,7
7168,6th of October,46678,2,1,0,6,3,10,6,9,3,0,1,0,5
7169,El Shorouk,30667,1,0,1,5,6,10,4,9,2,0,1,1,6
7170,El Shorouk,29293,3,1,0,6,6,3,7,8,8,0,0,0,6
7171,Downtown Cairo,28893,2,1,0,6,6,5,6,9,8,0,1,0,10
7172,Maadi,8629,4,0,0,10,5,2,7,9,4,0,1,0,5
7173,Haram,9704,2,1,1,7,10,7,2,4,4,1,0,0,10
7174,El Obour,5776,1,1,0,10,3,2,7,4,2,0,1,0,7
7175,Mokattam,35236,1,0,0,9,10,8,10,7,2,1,1,0,6
7176,Nasr City,5244,1,1,0,4,3,10,4,3,3,1,1,0,5
7177,Madinaty,5333,5,1,0,3,6,10,7,3,4,1,1,0,5
7178,El Shorouk,7669,1,0,0,7,6,3,7,7,5,0,1,0,5
7179,Madinaty,21584,4,0,0,3,9,9,8,8,9,1,1,0,10
7180,Al Rehab,31277,4,1,1,4,7,4,7,7,6,1,1,1,7
7181,Maadi,5933,5,0,0,4,9,6,1,5,3,0,1,0,6
7182,Nasr City,37514,4,0,1,2,3,5,5,8,8,0,1,0,9
7183,Dokki,45800,4,0,0,6,6,7,10,10,9,0,1,0,10
7184,Heliopolis,28357,2,1,0,9,9,8,1,9,4,0,1,0,7
7185,New Cairo,31071,1,0,1,10,6,10,8,6,7,1,1,0,10
7186,El Obour,10827,2,1,1,8,6,6,2,3,9,0,1,0,10
7187,New Cairo,34844,2,1,0,6,8,3,9,3,7,0,1,1,7
7188,Heliopolis,29664,4,1,0,9,7,5,4,9,7,0,0,0,8
7189,Al Rehab,4792,3,1,0,10,3,3,8,7,9,1,1,1,6
7190,Helwan,43695,1,1,0,10,3,2,2,7,2,1,1,0,10
7191,Madinaty,21651,3,1,1,10,3,3,9,3,3,0,1,0,8
7192,El Shorouk,46510,4,1,0,3,7,8,3,3,4,1,1,0,6
7193,Helwan,43137,5,0,1,4,5,3,8,10,8,1,1,0,10
7194,Sheikh Zayed,23074,2,1,0,3,7,5,10,5,2,0,1,0,4
7195,Maadi,11874,4,1,0,6,9,6,7,3,5,0,1,0,6
7196,Al Rehab,20676,4,1,0,4,8,4,9,10,4,1,1,1,6
7197,Dokki,43632,3,0,0,10,4,5,4,8,9,0,1,0,5
7198,Maadi,40790,5,0,0,3,9,4,1,9,8,0,1,0,6
7199,Haram,22032,2,1,0,6,8,9,8,9,2,0,0,0,10
7200,Sheikh Zayed,34885,5,0,1,6,9,9,9,8,10,1,1,0,7
7201,Mohandeseen,15008,5,1,1,6,7,4,4,7,5,0,0,0,7
7202,New Capital,48870,5,1,0,2,9,10,9,9,8,1,1,0,9
7203,Mokattam,47878,1,0,0,8,4,10,1,4,7,0,1,0,5
7204,El Shorouk,9171,5,0,1,3,9,8,7,8,4,0,0,1,5
7205,Haram,13589,4,0,0,3,8,2,7,10,7,1,1,0,6
7206,Al Rehab,22077,1,0,0,10,6,4,7,8,8,1,1,1,7
7207,Mohandeseen,10710,1,1,1,2,9,9,10,9,6,0,1,0,10
7208,Maadi,24236,5,1,0,10,10,7,5,4,5,1,0,0,6
7209,Downtown Cairo,42227,4,1,1,7,4,10,8,4,7,1,0,0,5
7210,6th of October,18937,2,1,0,6,7,10,1,8,9,0,0,1,8
7211,Faisal,13754,5,1,0,6,5,2,9,5,8,0,1,0,9
7212,New Capital,29688,1,1,0,6,3,7,7,4,4,1,1,0,8
7213,Mohandeseen,11048,2,1,0,7,7,4,7,6,3,0,0,0,7
7214,Faisal,26568,2,1,0,8,3,6,2,9,6,0,0,0,10
7215,Nasr City,36047,1,1,0,10,8,2,8,10,10,0,1,1,8
7216,Al Rehab,13483,2,1,0,3,4,8,7,6,6,1,1,0,9
7217,Downtown Cairo,21545,4,0,0,5,6,7,10,5,2,1,1,0,6
7218,Mohandeseen,21413,4,1,0,6,10,6,7,4,10,0,1,0,8
7219,Faisal,32913,5,1,0,7,6,3,3,7,3,0,1,0,4
7220,Mohandeseen,49217,5,1,0,8,7,9,6,5,3,1,1,0,6
7221,Faisal,37746,2,1,1,4,10,6,1,8,7,0,1,0,6
7222,Haram,12709,1,1,0,4,9,3,4,9,4,0,1,0,4
7223,Madinaty,29358,4,1,0,10,4,5,9,8,6,1,1,1,7
7224,Dokki,15023,3,0,1,10,10,9,7,8,6,0,0,0,7
7225,6th of October,33851,5,0,1,3,4,9,7,3,4,1,1,1,6
7226,Zamalek,32756,4,0,1,5,3,4,4,9,9,0,1,1,7
7227,Faisal,15145,2,0,0,5,8,9,10,9,4,0,1,0,9
7228,Nasr City,25192,4,1,1,6,9,10,1,5,7,0,1,1,6
7229,Faisal,22839,4,0,0,3,8,3,1,6,6,1,1,1,6
7230,Zamalek,31410,2,0,0,5,4,7,3,9,8,0,0,1,5
7231,Downtown Cairo,44160,5,1,0,4,9,4,7,10,7,0,0,0,8
7232,Shoubra,15447,5,1,1,7,5,6,7,10,10,0,0,0,9
7233,Dokki,25033,3,0,1,5,6,5,5,8,3,0,1,0,9
7234,El Shorouk,45355,3,1,1,2,8,9,9,10,7,0,1,0,10
7235,Mohandeseen,14129,5,0,0,4,10,8,2,9,6,0,0,0,8
7236,Nasr City,34358,5,0,0,9,10,8,9,7,10,0,0,0,4
7237,Madinaty,17907,5,1,0,4,5,2,9,9,3,1,1,0,6
7238,Nasr City,25637,5,1,1,8,8,7,6,4,9,0,1,0,8
7239,Helwan,42196,4,1,0,3,5,3,4,8,8,0,1,0,7
7240,Nasr City,26369,3,1,1,6,3,9,5,6,2,0,1,0,7
7241,Downtown Cairo,33481,2,1,0,8,4,7,6,4,4,0,0,0,8
7242,El Obour,35681,1,1,1,2,3,10,4,8,5,0,1,1,9
7243,Zamalek,6589,2,0,0,2,8,2,9,10,9,0,0,0,9
7244,Al Rehab,27560,1,1,1,9,6,9,9,10,3,1,1,0,9
7245,Zamalek,7034,4,1,1,3,9,3,8,4,9,0,1,0,6
7246,Al Rehab,4169,3,1,0,5,3,8,10,5,3,0,1,0,7
7247,Haram,30913,1,1,0,4,8,4,4,5,4,0,0,1,10
7248,Haram,7239,5,1,1,6,10,8,9,6,9,1,0,0,8
7249,Shoubra,7415,4,0,0,3,5,2,2,4,10,0,1,0,9
7250,El Obour,23952,1,1,0,7,9,10,3,8,6,0,1,0,4
7251,Dokki,15408,5,1,0,9,3,7,10,5,5,0,1,1,5
7252,Zamalek,7484,4,1,0,6,10,8,5,6,4,1,0,0,8
7253,Shoubra,22225,1,1,0,8,4,10,4,8,4,0,1,0,8
7254,Zamalek,18923,5,1,0,6,3,2,3,4,10,1,1,0,6
7255,Helwan,24936,3,1,0,7,4,9,4,3,5,1,0,0,9
7256,Heliopolis,43612,4,0,0,10,10,8,9,3,3,0,0,0,8
7257,Maadi,23410,1,1,0,2,9,3,9,6,5,0,1,1,8
7258,Helwan,33997,5,0,0,10,9,2,5,3,4,0,0,0,7
7259,Heliopolis,40733,3,0,1,4,5,2,7,7,6,0,1,0,5
7260,Mokattam,43952,5,1,0,4,4,5,8,8,5,0,0,0,10
7261,Haram,25863,3,1,0,5,4,6,2,8,3,0,1,0,7
7262,Heliopolis,9380,1,1,0,9,9,8,9,6,2,0,1,0,4
7263,Madinaty,24710,5,1,0,2,8,9,8,6,2,1,1,1,4
7264,Haram,19285,5,1,1,5,4,3,2,10,2,0,0,0,7
7265,6th of October,31260,2,0,1,8,9,10,6,4,4,0,1,1,8
7266,Mohandeseen,36879,4,1,0,4,9,8,4,8,3,0,0,0,9
7267,Madinaty,20143,5,1,0,8,8,7,10,7,5,1,1,0,10
7268,Helwan,11413,3,1,1,6,4,9,5,9,4,0,0,0,8
7269,Heliopolis,35578,4,0,1,10,6,3,3,8,8,0,0,0,4
7270,Mokattam,18726,1,1,0,9,7,2,1,6,9,0,1,0,6
7271,Heliopolis,31015,4,1,1,4,8,6,2,10,6,0,0,0,4
7272,Dokki,9983,2,1,0,5,10,10,7,8,7,1,1,0,4
7273,El Shorouk,23178,1,1,0,8,6,8,1,9,8,0,1,1,10
7274,New Cairo,30990,5,0,0,3,3,8,8,5,10,1,1,0,4
7275,Mokattam,14321,1,0,0,7,6,10,1,10,2,1,0,0,7
7276,Faisal,47829,1,0,0,10,6,6,1,10,3,0,1,0,6
7277,Shoubra,40366,2,1,0,10,4,6,8,6,2,0,1,0,10
7278,Dokki,38294,3,1,0,7,3,8,6,9,10,1,0,0,9
7279,Mohandeseen,44677,1,1,1,7,3,7,4,10,3,0,1,0,7
7280,Haram,38737,3,1,0,7,10,7,8,10,3,0,0,0,7
7281,El Obour,45911,4,1,0,7,10,9,7,7,6,0,1,0,7
7282,6th of October,21886,2,0,0,4,5,5,9,8,10,0,1,1,4
7283,Madinaty,48296,5,0,0,5,4,3,7,6,4,0,1,0,6
7284,6th of October,26791,1,1,0,7,6,4,10,3,9,0,1,1,5
7285,Downtown Cairo,12301,3,1,1,2,5,5,5,7,2,0,0,0,10
7286,New Capital,39122,1,1,1,2,5,6,9,5,3,1,1,0,6
7287,Maadi,42087,2,0,0,8,8,3,6,9,9,1,1,0,6
7288,El Obour,36993,5,0,0,2,9,9,10,7,2,0,1,0,7
7289,Maadi,39779,4,1,1,6,10,6,7,6,10,1,0,0,6
7290,Faisal,40894,4,1,0,9,9,8,5,10,5,0,1,0,10
7291,Maadi,37381,3,1,0,7,9,10,5,5,4,1,0,0,6
7292,New Cairo,18082,4,1,1,4,6,8,8,5,4,1,1,1,7
7293,Heliopolis,9458,3,1,1,3,9,5,10,5,2,0,1,0,5
7294,New Cairo,45770,5,0,0,3,3,4,9,3,9,1,1,0,6
7295,Madinaty,26300,1,1,0,5,4,9,9,7,5,1,1,1,7
7296,Heliopolis,6699,2,1,0,10,10,10,1,8,2,0,1,0,4
7297,Shoubra,33485,5,0,0,10,4,6,10,6,6,0,1,0,8
7298,Helwan,44285,5,0,0,2,6,7,2,9,9,1,1,0,8
7299,Faisal,5019,4,0,0,6,9,7,1,3,9,1,1,0,9
7300,New Cairo,36471,4,1,0,10,4,4,7,5,4,1,1,0,4
7301,Haram,24270,2,1,1,5,10,5,8,8,5,1,0,0,5
7302,Dokki,26615,1,1,0,8,7,10,8,10,5,0,1,0,4
7303,6th of October,17698,5,1,0,7,10,7,10,6,4,0,0,1,8
7304,New Capital,42346,4,1,1,5,9,6,9,4,7,1,1,1,10
7305,El Shorouk,10729,5,1,0,8,5,10,1,10,4,1,1,0,6
7306,Nasr City,43729,1,0,0,8,5,9,4,6,7,1,1,1,4
7307,New Cairo,15171,3,1,1,3,7,10,9,4,6,1,1,1,4
7308,Al Rehab,17947,1,1,1,8,4,10,7,4,3,1,1,0,10
7309,Sheikh Zayed,38725,5,1,0,10,3,5,10,8,9,1,1,1,4
7310,Nasr City,23450,5,0,0,7,8,9,10,5,8,1,1,0,6
7311,Zamalek,17300,2,1,0,7,10,10,7,10,8,0,1,0,10
7312,Haram,23064,5,1,0,7,7,6,1,4,7,0,1,0,5
7313,El Shorouk,8441,4,1,1,3,7,5,10,3,10,1,1,0,5
7314,El Obour,49779,2,0,0,7,10,2,2,9,5,1,1,1,5
7315,6th of October,23332,5,0,0,7,9,4,6,5,6,0,0,1,4
7316,Maadi,24115,1,1,0,10,9,3,6,10,10,0,1,0,7
7317,Nasr City,37869,5,1,0,3,10,8,1,10,4,0,1,0,6
7318,El Obour,25868,1,1,1,10,5,5,4,8,4,0,1,0,6
7319,Shoubra,45997,1,1,0,6,10,10,9,4,9,1,1,0,10
7320,Shoubra,24615,5,1,0,10,3,10,8,9,7,0,1,0,8
7321,New Cairo,17615,1,1,1,3,3,3,7,7,3,1,1,0,6
7322,Sheikh Zayed,18732,3,0,0,6,4,4,9,9,4,1,1,1,5
7323,Al Rehab,29367,2,0,1,3,3,9,10,8,9,1,1,1,5
7324,Mokattam,49134,5,0,1,6,4,4,9,8,6,0,1,0,5
7325,New Cairo,46738,3,0,1,8,9,5,10,10,3,1,1,1,7
7326,Shoubra,49760,1,0,0,8,10,4,10,3,4,1,1,0,7
7327,Downtown Cairo,4981,1,1,0,8,9,3,8,7,3,0,1,0,6
7328,Madinaty,25554,2,0,0,6,6,2,7,6,6,1,1,0,8
7329,6th of October,29319,3,1,0,8,10,4,3,3,6,0,1,0,9
7330,Al Rehab,20130,3,1,1,7,7,10,9,8,10,1,1,0,8
7331,Shoubra,22815,5,0,0,8,8,9,5,7,7,0,1,0,5
7332,Madinaty,12566,1,0,0,6,8,10,10,7,3,1,1,0,9
7333,Helwan,30329,4,0,0,3,9,6,4,8,2,0,1,0,8
7334,Faisal,10349,5,0,0,10,7,6,1,10,8,0,1,0,5
7335,Maadi,14728,5,1,0,3,4,9,8,5,8,0,0,0,5
7336,Maadi,44316,5,1,1,4,4,6,7,6,7,0,0,0,7
7337,Heliopolis,22375,2,1,0,10,4,5,4,3,3,0,1,1,7
7338,Faisal,25814,2,0,0,3,9,10,4,3,9,0,1,0,10
7339,Mohandeseen,40214,5,1,1,9,7,2,5,8,5,1,1,0,4
7340,New Cairo,25545,4,1,0,4,4,7,10,8,8,0,1,0,4
7341,Mokattam,49588,3,0,1,7,7,8,4,3,9,0,1,0,4
7342,Shoubra,22953,3,0,1,10,8,7,5,4,8,0,1,1,6
7343,Zamalek,6872,1,1,1,4,9,9,8,3,4,0,1,0,10
7344,New Cairo,13368,3,0,0,10,7,9,10,4,9,1,1,1,8
7345,Haram,38103,3,1,0,8,8,6,4,5,5,1,0,0,4
7346,6th of October,9413,4,0,0,6,9,5,10,10,9,0,1,1,5
7347,Heliopolis,33269,3,0,1,9,5,8,10,4,6,1,1,0,6
7348,Zamalek,24156,4,1,0,7,9,10,7,10,10,0,0,1,9
7349,Madinaty,17423,2,1,0,8,8,3,9,6,4,1,1,0,10
7350,Heliopolis,42062,4,1,0,4,5,8,1,9,3,0,1,1,8
7351,El Shorouk,46805,2,0,0,7,6,7,7,8,5,0,1,1,4
7352,Sheikh Zayed,5987,4,1,1,4,9,4,7,4,3,1,1,0,8
7353,El Obour,41597,5,1,0,8,6,3,2,8,3,0,1,1,4
7354,Helwan,22369,2,0,1,7,9,2,8,6,2,0,0,0,5
7355,Mohandeseen,31868,2,0,0,9,9,3,9,6,9,0,1,0,7
7356,New Capital,15434,3,1,0,9,9,6,8,6,2,1,1,0,8
7357,New Cairo,18548,2,1,0,7,8,2,10,6,9,1,1,0,10
7358,El Shorouk,20636,4,0,0,3,3,9,6,9,10,0,1,0,7
7359,Dokki,36383,5,1,1,7,4,5,7,9,7,0,1,1,7
7360,El Shorouk,46196,5,1,0,2,8,4,4,3,8,1,0,0,9
7361,Maadi,21007,3,1,0,7,8,3,5,8,7,0,0,1,5
7362,Mokattam,39924,4,1,0,7,7,2,2,6,2,0,1,0,7
7363,Nasr City,34211,4,1,0,7,3,9,10,7,2,1,0,0,8
7364,6th of October,15328,1,0,0,10,5,10,4,5,2,0,1,0,9
7365,Al Rehab,7389,2,1,0,5,7,4,9,7,4,1,1,0,6
7366,Nasr City,13458,3,1,0,8,8,4,4,3,8,0,1,0,8
7367,New Cairo,6945,5,1,0,4,10,10,9,6,9,1,1,1,4
7368,Helwan,13352,1,0,1,9,9,8,8,4,2,0,1,0,4
7369,Maadi,14486,4,0,0,3,10,10,5,8,7,0,0,1,10
7370,Zamalek,45400,2,1,0,3,10,3,8,9,9,1,1,1,4
7371,Dokki,6092,5,0,0,6,10,8,4,3,6,0,1,0,9
7372,Mokattam,40527,1,1,1,2,3,9,2,5,3,0,0,0,8
7373,Nasr City,9112,4,1,0,2,8,5,9,10,5,1,1,0,8
7374,Faisal,20937,5,1,0,4,5,5,2,4,5,0,1,1,7
7375,Al Rehab,41672,5,1,0,7,9,3,8,9,5,1,1,1,7
7376,Maadi,5112,4,0,0,7,9,3,6,4,9,0,1,0,8
7377,Mohandeseen,39545,4,1,0,9,6,5,2,6,7,0,1,0,6
7378,6th of October,35740,3,0,1,8,4,5,3,5,10,0,0,0,10
7379,New Cairo,27481,5,1,0,2,9,6,9,8,2,1,1,1,10
7380,Maadi,14025,4,0,1,2,4,10,6,8,2,0,0,0,5
7381,Dokki,38082,1,0,1,5,3,10,6,9,3,0,1,0,7
7382,Nasr City,17562,2,1,0,2,5,8,7,5,6,0,1,0,7
7383,Nasr City,15304,3,1,1,2,3,7,5,4,7,0,1,0,8
7384,New Capital,11015,4,0,0,2,5,6,8,5,4,0,1,1,10
7385,El Obour,48885,2,1,0,4,10,5,5,10,2,0,1,0,6
7386,New Capital,9710,3,1,0,3,5,3,8,7,8,1,1,0,7
7387,Heliopolis,16588,5,1,0,9,9,5,2,6,2,0,1,0,4
7388,New Capital,24967,2,1,0,8,4,8,8,10,8,0,1,1,10
7389,Haram,25904,3,1,0,9,6,2,3,6,10,1,0,0,9
7390,Maadi,28256,4,0,0,5,6,4,2,7,2,0,1,0,4
7391,Heliopolis,29052,4,1,0,10,7,5,5,7,9,1,1,1,7
7392,6th of October,19436,3,0,0,6,9,8,5,5,10,0,1,0,8
7393,New Cairo,25815,5,0,0,8,5,4,8,4,9,0,1,0,8
7394,Zamalek,19196,3,1,1,5,4,5,6,5,2,0,0,0,9
7395,Zamalek,22089,1,1,0,2,5,2,3,7,5,0,0,0,8
7396,Faisal,21604,3,1,1,9,8,2,8,6,5,1,1,1,6
7397,Nasr City,6506,3,0,1,10,10,4,3,6,2,0,1,0,4
7398,El Obour,36584,4,0,0,10,9,8,2,6,8,0,0,0,5
7399,Faisal,24709,5,0,1,9,7,7,9,5,8,0,1,0,7
7400,El Shorouk,48840,3,0,0,2,8,6,6,8,10,1,0,1,6
7401,Shoubra,42247,2,1,0,4,10,9,7,10,9,0,1,0,6
7402,Faisal,47202,4,1,0,6,4,9,1,7,4,0,0,0,8
7403,New Cairo,7090,4,1,0,8,5,5,7,9,3,1,1,0,9
7404,El Shorouk,43265,3,1,1,9,6,7,7,4,4,0,0,0,7
7405,Nasr City,25552,2,1,1,2,6,2,8,8,9,0,1,1,6
7406,Maadi,33135,3,1,0,6,7,10,2,9,7,1,0,0,4
7407,Dokki,18691,2,1,0,4,10,6,5,5,4,1,0,0,5
7408,El Obour,43761,4,1,0,8,9,9,5,8,3,0,1,0,7
7409,Downtown Cairo,37741,2,1,0,7,8,2,9,6,2,0,0,0,6
7410,New Cairo,25661,3,1,0,2,6,5,9,8,9,1,1,1,6
7411,New Capital,45025,1,1,0,3,5,3,10,7,4,1,1,0,4
7412,Nasr City,10092,1,0,1,6,7,3,8,4,4,1,0,0,10
7413,Mohandeseen,39674,2,1,1,6,8,3,3,9,6,1,1,0,7
7414,Zamalek,4570,3,1,1,2,3,3,6,3,6,0,0,0,6
7415,Mohandeseen,16084,5,1,0,5,7,9,9,5,10,1,1,0,10
7416,Haram,4307,1,1,0,10,6,7,10,10,6,0,1,0,10
7417,New Capital,7742,4,0,0,10,4,10,7,10,8,1,1,1,5
7418,Shoubra,45742,3,1,0,6,10,3,7,3,8,1,0,0,5
7419,Haram,32792,3,1,0,8,7,2,8,9,8,0,1,0,5
7420,New Capital,4765,1,1,0,3,5,9,7,7,6,1,1,1,9
7421,El Shorouk,45732,5,1,1,2,8,4,1,3,4,1,1,0,10
7422,El Obour,28198,4,0,1,3,7,4,6,6,8,0,1,1,7
7423,El Obour,11735,5,0,0,5,6,9,4,5,9,0,0,0,5
7424,Madinaty,20202,4,1,1,7,7,6,8,4,5,1,1,1,8
7425,Dokki,15377,1,1,1,4,10,9,3,6,7,0,1,0,9
7426,Mokattam,18297,3,1,0,3,5,3,3,7,6,0,1,0,5
7427,Shoubra,12036,4,1,0,8,5,10,1,5,3,1,1,1,10
7428,Downtown Cairo,44364,3,1,0,9,6,3,10,7,2,0,1,0,7
7429,El Shorouk,28369,2,1,0,10,9,10,10,7,7,0,0,1,9
7430,6th of October,38817,2,1,0,9,5,7,1,7,7,0,1,0,4
7431,Mohandeseen,41443,1,1,0,3,6,6,2,5,8,1,1,1,8
7432,Haram,5663,1,1,1,4,10,8,5,6,6,0,1,0,6
7433,Haram,43244,1,1,1,2,10,8,7,8,2,0,1,0,5
7434,El Obour,16028,2,0,0,2,7,5,5,7,7,1,1,0,10
7435,Haram,23823,4,1,0,7,7,8,3,4,5,0,1,0,4
7436,Downtown Cairo,19077,5,0,0,4,3,4,5,6,8,0,0,1,9
7437,Sheikh Zayed,43911,1,0,0,5,6,4,9,7,3,0,1,0,8
7438,Helwan,23631,5,1,0,9,4,8,4,5,10,0,1,0,6
7439,Nasr City,5910,5,1,1,6,6,2,4,7,8,1,1,1,6
7440,Shoubra,37500,2,1,0,7,7,9,1,7,6,0,1,0,9
7441,6th of October,23897,4,0,0,10,8,3,7,3,3,0,1,0,10
7442,Madinaty,41377,2,1,0,3,7,2,7,3,2,0,1,1,5
7443,Haram,15134,1,1,1,4,5,7,4,6,6,1,1,0,6
7444,Helwan,41224,2,1,1,6,3,5,6,10,6,0,1,1,5
7445,Haram,30897,2,1,0,3,4,8,6,9,4,0,1,0,5
7446,Dokki,40103,2,1,0,9,9,4,1,3,10,0,1,0,8
7447,Sheikh Zayed,49582,1,0,0,3,3,3,9,5,2,1,1,0,4
7448,Nasr City,11056,1,1,1,5,6,5,4,3,6,0,1,0,8
7449,Shoubra,32950,2,1,0,4,8,5,6,5,5,0,1,0,8
7450,New Cairo,6753,2,1,1,5,10,5,9,7,3,1,1,0,7
7451,Haram,35941,5,1,0,5,6,4,4,6,2,1,1,1,7
7452,Mokattam,38140,4,1,1,7,7,8,9,3,5,0,0,0,9
7453,Downtown Cairo,18234,5,0,0,10,5,6,4,3,7,0,1,0,5
7454,Helwan,13636,4,0,1,4,4,5,7,6,9,1,1,0,4
7455,Zamalek,7376,4,0,0,2,9,6,7,5,3,0,1,0,6
7456,Helwan,34783,2,1,0,9,8,8,8,8,3,0,1,0,4
7457,Al Rehab,45249,5,1,1,8,5,5,8,10,7,1,1,1,9
7458,Helwan,47025,4,1,0,3,4,6,6,5,5,0,1,0,6
7459,Mokattam,20447,4,1,1,6,8,7,3,3,10,0,0,1,9
7460,New Capital,24329,1,0,0,5,3,7,8,8,5,1,1,1,10
7461,Faisal,20713,4,0,1,10,9,8,7,5,3,0,1,0,5
7462,Dokki,8858,2,0,0,5,7,4,6,5,2,0,1,0,4
7463,El Obour,23472,3,1,0,6,5,9,10,3,7,0,1,1,8
7464,Haram,20524,1,1,1,9,6,6,8,3,2,0,1,0,9
7465,Mokattam,8539,3,1,0,4,9,2,4,9,7,1,1,0,10
7466,Zamalek,22857,2,0,1,7,7,5,7,3,9,0,0,0,7
7467,Dokki,42362,3,0,1,7,4,5,7,4,7,0,1,0,6
7468,Mohandeseen,40671,4,1,0,8,9,9,3,3,5,1,1,0,5
7469,Haram,9364,3,0,0,10,8,10,8,8,3,0,1,0,5
7470,6th of October,4449,5,0,1,4,9,4,10,4,6,1,1,1,8
7471,Zamalek,24830,2,0,1,6,7,2,2,7,6,0,1,0,5
7472,Helwan,25078,5,1,0,6,6,9,3,5,9,0,0,0,4
7473,Faisal,41574,3,0,0,6,6,10,1,4,4,0,1,0,9
7474,Heliopolis,4869,5,0,0,7,10,5,2,7,3,0,1,0,7
7475,New Cairo,42847,1,1,0,2,4,6,10,10,2,1,1,1,4
7476,Nasr City,44075,3,0,0,10,7,5,6,8,3,0,1,0,4
7477,Maadi,32140,5,0,0,4,5,5,5,5,3,0,1,0,8
7478,New Capital,7659,4,1,1,7,7,4,10,5,2,1,1,1,8
7479,Sheikh Zayed,40370,3,1,0,5,9,5,8,5,9,1,1,0,6
7480,Madinaty,45352,1,0,0,8,6,10,8,10,9,1,1,0,10
7481,Madinaty,18385,4,0,0,9,8,8,9,8,5,1,1,0,5
7482,Al Rehab,47751,3,0,1,5,10,7,8,10,4,1,1,0,6
7483,Shoubra,23337,4,1,0,7,4,10,3,10,2,0,0,0,8
7484,Helwan,9131,3,1,0,8,3,3,5,6,9,0,1,1,6
7485,Shoubra,5358,3,0,0,8,3,5,7,6,9,0,1,0,7
7486,Dokki,29614,2,1,0,10,8,10,9,4,5,0,0,1,4
7487,Shoubra,20771,5,0,0,9,7,9,5,4,6,0,1,0,8
7488,New Cairo,17603,3,1,1,4,6,2,8,5,5,1,1,1,5
7489,Shoubra,20246,1,0,0,5,7,10,5,10,6,1,1,0,8
7490,Mohandeseen,21216,5,1,1,10,4,3,1,10,5,1,1,0,10
7491,El Shorouk,45209,2,1,0,8,5,2,7,7,10,0,0,1,8
7492,New Cairo,46987,5,0,0,8,3,3,7,4,2,1,1,1,4
7493,Helwan,46488,5,1,0,2,7,7,6,3,4,0,1,0,5
7494,Haram,24577,3,0,1,3,6,3,4,8,8,0,1,0,6
7495,Al Rehab,46320,1,0,0,2,8,2,9,10,7,1,1,1,9
7496,Sheikh Zayed,15301,3,1,1,5,10,6,10,3,9,1,1,1,9
7497,Shoubra,13515,1,0,0,5,9,3,4,4,7,0,1,0,5
7498,Helwan,30802,1,1,1,6,9,5,6,7,9,0,0,1,6
7499,6th of October,4891,4,1,1,6,3,9,2,3,2,0,0,0,6
7500,Heliopolis,25972,3,1,0,2,3,7,3,5,10,0,0,1,8
7501,New Capital,24932,2,1,1,8,5,9,10,5,6,1,1,1,8
7502,Maadi,8192,5,0,0,7,7,6,6,6,3,0,1,0,10
7503,6th of October,20128,4,1,0,9,5,3,3,6,2,0,0,0,9
7504,Heliopolis,26836,2,0,0,5,6,2,1,6,5,1,1,0,10
7505,New Cairo,28837,3,1,0,2,6,9,7,8,9,1,1,1,8
7506,New Capital,26778,1,1,0,4,10,2,9,10,4,1,1,1,4
7507,Heliopolis,47130,3,1,0,10,10,10,8,7,5,1,0,0,9
7508,Dokki,20708,3,1,0,8,7,5,4,5,3,1,0,1,10
7509,Zamalek,45945,4,1,0,3,3,7,6,7,3,0,1,0,8
7510,Zamalek,28232,2,1,0,4,4,7,1,3,3,0,1,0,6
7511,Nasr City,43412,4,1,0,3,5,4,6,9,2,0,0,0,9
7512,Heliopolis,8782,2,1,1,5,9,2,1,5,6,0,1,1,8
7513,El Obour,30315,4,1,1,3,3,7,4,6,6,0,1,0,5
7514,Maadi,14052,5,1,1,5,8,6,9,8,4,0,0,0,7
7515,Downtown Cairo,23521,1,1,0,8,6,5,6,10,4,0,1,1,5
7516,Downtown Cairo,7898,1,1,0,9,9,10,4,6,9,0,1,0,4
7517,El Obour,21219,1,0,0,7,6,5,10,8,8,0,1,0,10
7518,Mokattam,8154,5,0,0,10,3,2,4,3,5,0,1,0,4
7519,Dokki,39546,5,1,1,7,3,7,4,10,9,0,0,0,8
7520,Mokattam,17809,1,0,1,4,8,8,10,5,10,0,0,0,4
7521,Madinaty,29972,1,1,0,2,6,2,9,10,7,1,1,1,6
7522,Helwan,43177,2,1,0,10,5,10,9,10,8,1,0,0,6
7523,Mokattam,16523,2,0,1,4,5,3,6,7,8,0,0,0,9
7524,Mohandeseen,41081,3,1,1,2,3,8,7,10,6,0,1,0,5
7525,Sheikh Zayed,26030,4,1,0,3,7,9,7,7,5,1,1,0,9
7526,Shoubra,44376,2,0,0,4,6,9,5,10,3,0,1,0,9
7527,El Obour,24105,2,1,0,9,4,2,9,3,2,0,1,0,6
7528,New Capital,28295,2,0,0,9,6,2,8,8,9,1,1,1,7
7529,Haram,15864,2,1,1,3,10,5,10,5,3,0,1,0,10
7530,Mokattam,47982,5,1,0,7,5,3,2,7,9,0,1,0,4
7531,Haram,16876,3,1,0,3,5,5,8,9,10,0,1,0,4
7532,Nasr City,22055,2,0,0,8,4,7,3,6,5,0,0,0,9
7533,6th of October,37684,4,1,0,4,5,4,2,6,2,1,1,0,7
7534,New Cairo,25972,2,1,0,9,4,4,8,7,7,0,1,1,10
7535,Mohandeseen,29493,5,0,0,4,5,2,4,8,9,1,1,0,9
7536,New Capital,13325,1,1,0,7,8,6,9,5,2,1,1,1,10
7537,Madinaty,40775,1,1,1,2,4,8,8,7,6,1,1,0,5
7538,Faisal,24373,3,1,0,9,7,7,7,3,2,0,1,0,6
7539,New Cairo,40253,1,1,0,8,6,5,9,5,8,1,1,1,10
7540,Al Rehab,25181,2,1,0,2,10,7,7,7,7,1,1,1,6
7541,Al Rehab,14961,5,1,0,8,10,4,8,9,5,1,1,0,4
7542,Helwan,21705,3,0,0,6,5,4,6,6,9,1,0,0,5
7543,Shoubra,48676,2,1,0,3,3,8,1,5,9,0,1,0,10
7544,Dokki,40122,1,1,0,2,4,10,1,4,3,0,1,0,10
7545,Sheikh Zayed,30104,4,1,0,3,4,2,8,5,6,1,1,0,8
7546,Faisal,17509,2,0,0,7,4,5,4,6,2,1,1,0,8
7547,El Shorouk,11101,4,0,1,3,5,6,1,9,4,1,1,0,10
7548,Downtown Cairo,8743,4,1,0,7,6,3,5,5,4,0,0,0,6
7549,Al Rehab,12951,3,0,0,9,3,4,9,3,4,1,1,0,4
7550,Nasr City,11014,5,1,1,9,4,6,10,9,4,0,1,0,6
7551,Nasr City,40180,1,0,1,7,9,9,4,6,3,0,0,0,6
7552,Downtown Cairo,45908,1,1,0,6,4,4,7,6,8,1,1,0,5
7553,Haram,47039,2,1,0,5,4,4,5,8,8,0,0,0,7
7554,Al Rehab,12219,1,1,0,7,8,7,7,9,5,0,1,0,6
7555,El Shorouk,11163,3,0,0,6,4,9,9,3,9,1,1,0,5
7556,Maadi,6470,1,0,1,5,3,2,4,10,9,0,1,0,4
7557,New Capital,47498,2,1,0,7,4,8,10,4,5,1,1,0,8
7558,Downtown Cairo,20543,1,1,0,10,8,8,6,5,7,0,1,1,6
7559,New Capital,23276,5,0,0,10,3,4,8,3,7,1,1,0,7
7560,Sheikh Zayed,40881,4,1,0,9,3,4,8,5,6,0,1,0,9
7561,Haram,17414,4,0,0,2,4,10,3,5,5,0,1,1,6
7562,Heliopolis,11749,4,1,1,10,7,2,10,4,10,1,1,0,6
7563,Faisal,28182,5,0,1,6,10,2,2,10,7,0,0,0,5
7564,Al Rehab,15914,3,1,0,4,3,3,8,5,8,1,1,1,9
7565,Maadi,19007,2,1,0,9,10,7,4,9,6,0,0,1,4
7566,Mohandeseen,34951,5,0,0,9,7,9,5,8,3,0,1,0,4
7567,Al Rehab,48691,2,1,0,10,3,2,7,3,7,1,1,1,7
7568,Nasr City,36608,3,0,0,3,8,2,8,9,4,1,0,0,7
7569,Haram,25383,5,0,0,5,9,3,8,10,7,1,1,1,10
7570,Haram,17042,1,1,0,3,5,8,7,5,4,0,0,0,7
7571,Mokattam,29412,3,1,0,7,4,5,7,5,9,0,0,0,9
7572,Madinaty,17181,4,0,0,2,5,2,7,10,8,0,1,1,7
7573,New Cairo,48898,5,1,1,4,10,9,9,4,2,0,1,1,8
7574,6th of October,7405,3,1,1,3,10,5,4,5,5,1,1,0,7
7575,New Cairo,34868,3,1,0,8,3,8,8,10,3,0,1,1,10
7576,Al Rehab,14862,5,0,0,9,5,9,9,6,7,0,1,1,10
7577,El Shorouk,32688,4,0,1,3,4,2,8,7,6,0,1,0,10
7578,El Shorouk,34945,4,0,1,10,10,3,4,8,3,1,1,0,5
7579,New Cairo,16939,3,0,0,2,9,3,9,6,2,0,1,0,4
7580,Dokki,32931,2,1,0,3,4,6,2,9,8,0,1,0,4
7581,Mokattam,42616,3,1,0,4,9,6,4,4,10,0,1,0,5
7582,Al Rehab,43585,5,0,1,3,3,7,8,10,10,1,1,1,4
7583,Dokki,42911,5,1,1,2,3,3,3,8,4,1,0,0,4
7584,Madinaty,46826,5,0,0,9,7,9,10,5,7,1,1,1,8
7585,Al Rehab,45164,4,0,1,2,6,2,10,3,2,1,1,0,9
7586,Downtown Cairo,26942,1,1,0,6,9,10,5,5,2,0,0,0,8
7587,Faisal,48539,5,1,0,7,10,6,1,8,7,0,1,0,9
7588,Shoubra,9272,5,1,0,8,10,9,6,5,7,0,1,0,9
7589,New Capital,48134,2,1,0,4,9,9,7,10,6,0,1,1,7
7590,El Shorouk,28265,2,0,1,8,5,3,2,4,7,0,1,1,7
7591,Haram,32668,3,1,1,9,7,10,9,9,6,0,1,0,6
7592,El Obour,20024,3,1,1,4,9,7,3,5,7,0,0,0,8
7593,Nasr City,35899,3,1,0,6,10,4,9,9,10,0,1,0,5
7594,Sheikh Zayed,7747,5,1,1,2,5,2,9,3,8,1,1,0,5
7595,Mokattam,13297,2,0,0,10,10,10,5,3,4,0,1,1,6
7596,Mohandeseen,5607,3,1,0,9,4,4,7,7,10,1,1,0,8
7597,6th of October,25458,2,0,0,4,3,2,4,7,7,1,1,0,8
7598,Faisal,31973,5,1,0,5,5,6,10,5,6,0,0,0,5
7599,New Cairo,27117,5,1,1,2,6,9,7,3,5,1,1,0,8
7600,Nasr City,20450,3,0,0,2,10,8,6,5,2,1,1,1,7
7601,Haram,19535,5,1,0,7,4,6,9,6,8,1,1,0,8
7602,Zamalek,33355,5,0,1,7,8,3,8,10,6,0,1,0,8
7603,Mohandeseen,11645,2,0,0,10,4,3,1,10,2,0,1,0,9
7604,Faisal,46238,1,1,0,6,7,4,6,4,5,0,1,0,5
7605,Helwan,8158,4,0,0,4,6,7,9,10,2,0,1,0,8
7606,Helwan,45773,3,0,0,7,4,5,3,4,5,1,1,0,4
7607,Al Rehab,20786,1,1,0,9,6,10,8,3,8,1,1,1,8
7608,Maadi,44693,3,1,1,8,3,4,10,10,10,0,1,1,5
7609,Heliopolis,34911,1,1,1,4,8,7,5,6,3,0,1,0,10
7610,Mokattam,30578,5,1,0,2,9,5,9,10,5,0,0,0,4
7611,New Cairo,8166,3,1,0,5,6,2,9,3,2,0,1,1,7
7612,El Shorouk,23309,1,1,1,7,7,2,5,6,7,0,0,1,10
7613,Sheikh Zayed,19076,4,1,0,5,7,9,8,10,9,1,1,1,4
7614,El Shorouk,23377,5,0,1,6,5,4,8,9,4,0,1,0,8
7615,El Obour,13278,3,1,1,8,10,3,2,9,6,0,0,0,8
7616,Maadi,37539,3,0,1,6,8,2,8,8,2,0,0,1,6
7617,Maadi,15440,1,0,1,6,3,9,1,9,6,1,1,0,7
7618,Downtown Cairo,30245,3,1,1,3,3,10,5,3,2,0,0,1,5
7619,Helwan,26097,5,1,0,2,6,2,3,7,6,0,1,1,5
7620,Dokki,12167,2,1,0,5,7,9,5,10,10,0,1,0,5
7621,Mokattam,5556,1,0,1,9,7,2,9,5,8,0,1,1,6
7622,El Shorouk,47918,4,1,0,4,7,3,1,4,8,1,0,0,5
7623,Helwan,5151,3,0,0,7,9,2,6,4,10,0,1,0,4
7624,Mokattam,25698,5,0,1,3,3,3,10,8,6,0,0,0,7
7625,Heliopolis,21601,3,1,0,10,7,3,6,6,9,0,0,0,8
7626,Faisal,30807,4,0,0,10,5,6,7,7,8,1,0,0,10
7627,Heliopolis,49302,5,0,0,5,4,4,10,6,7,0,1,0,9
7628,Haram,24328,4,1,0,9,7,2,10,7,7,0,1,0,5
7629,Nasr City,12039,5,1,1,3,5,3,5,6,8,0,1,0,10
7630,Heliopolis,10303,2,0,1,3,5,5,7,3,4,1,1,0,7
7631,Maadi,23053,5,1,1,7,4,8,2,8,6,0,1,0,8
7632,Mohandeseen,35644,4,0,0,3,10,2,2,3,3,0,1,1,10
7633,Downtown Cairo,39745,1,1,0,2,3,6,10,9,6,0,1,0,8
7634,Downtown Cairo,49309,2,0,0,3,7,3,8,9,9,1,1,0,4
7635,Al Rehab,24762,3,1,0,3,8,9,7,4,8,1,1,1,4
7636,Zamalek,27611,2,1,1,6,5,3,5,8,4,0,1,0,8
7637,Haram,4422,2,1,0,7,10,5,3,6,8,1,1,0,5
7638,El Shorouk,35275,3,0,0,4,5,7,4,9,3,0,1,0,9
7639,El Shorouk,30597,5,1,0,9,9,10,8,8,5,0,0,0,6
7640,Al Rehab,15985,2,0,0,3,4,5,9,10,3,0,1,1,6
7641,Mohandeseen,32707,2,0,1,4,8,5,7,6,8,0,1,0,5
7642,Dokki,7372,1,0,0,5,10,8,9,9,6,0,1,1,8
7643,Maadi,20083,1,1,0,6,5,2,3,3,10,0,0,0,5
7644,Al Rehab,38710,4,0,0,6,7,6,7,10,8,0,1,0,6
7645,Madinaty,29816,3,1,0,7,3,6,9,9,3,1,1,0,8
7646,New Cairo,13950,5,0,0,5,5,2,8,10,5,1,1,0,9
7647,New Capital,38247,5,1,1,8,3,7,8,6,4,1,1,0,9
7648,Madinaty,8626,4,0,1,9,5,10,9,4,3,1,1,0,4
7649,Haram,30408,5,0,0,5,5,8,4,8,3,0,1,1,4
7650,Mokattam,14777,5,0,0,10,10,3,2,4,9,0,0,0,6
7651,Haram,9147,1,1,1,7,7,5,7,9,7,0,0,0,10
7652,Mohandeseen,9443,5,0,1,9,10,9,1,6,4,0,1,0,10
7653,Madinaty,4079,5,1,0,10,3,2,7,9,9,1,1,1,4
7654,El Obour,35282,4,0,0,2,8,7,3,10,4,0,1,0,10
7655,Mohandeseen,42345,4,1,0,6,6,4,8,10,6,1,0,0,5
7656,Sheikh Zayed,16901,2,0,0,8,7,4,10,4,2,1,1,1,7
7657,Sheikh Zayed,6223,5,0,1,3,3,2,8,4,2,1,1,1,10
7658,Nasr City,39337,5,1,0,8,3,9,7,6,3,0,1,0,9
7659,Zamalek,46732,5,0,0,8,3,6,1,6,8,0,1,0,7
7660,Helwan,17768,1,1,0,4,9,2,9,3,2,0,0,0,9
7661,Maadi,21507,5,0,1,10,6,6,3,3,8,0,0,0,4
7662,Mohandeseen,20249,1,1,0,8,7,6,8,10,10,0,0,0,5
7663,Dokki,39391,2,1,1,6,9,10,2,9,6,1,1,0,4
7664,Downtown Cairo,38171,3,0,0,8,6,4,1,7,7,1,1,0,4
7665,Nasr City,11485,5,1,0,8,5,10,1,10,8,1,1,0,9
7666,Maadi,48568,4,0,0,7,4,9,8,6,9,0,1,0,8
7667,Dokki,33784,4,1,0,5,6,3,9,7,3,0,1,0,5
7668,Mohandeseen,49566,5,1,0,9,5,10,3,6,3,0,1,0,9
7669,Dokki,28617,1,1,0,3,6,6,7,9,10,0,1,0,6
7670,Dokki,41748,4,0,0,9,3,9,2,7,7,1,1,1,5
7671,Mokattam,7878,4,1,0,6,4,9,8,5,8,0,1,1,5
7672,Haram,5949,2,0,1,8,4,5,3,6,6,0,1,0,4
7673,Heliopolis,23844,2,1,0,4,8,2,10,4,2,1,1,0,8
7674,Sheikh Zayed,24881,2,1,0,8,5,10,9,10,9,1,1,0,8
7675,Madinaty,25614,4,0,0,10,9,7,8,7,2,1,1,1,4
7676,Haram,27828,4,1,0,8,9,3,7,5,2,1,0,0,8
7677,El Shorouk,13958,5,1,1,2,8,5,9,10,3,0,0,0,5
7678,Shoubra,12697,5,1,0,10,6,6,1,5,6,0,1,1,6
7679,Dokki,25624,1,0,0,8,6,7,5,9,5,0,1,0,6
7680,Heliopolis,19493,4,0,0,3,9,6,1,3,5,1,1,0,6
7681,Nasr City,46801,5,0,0,6,6,10,2,5,2,0,1,0,8
7682,New Cairo,25199,5,0,0,3,5,3,10,9,2,1,1,1,7
7683,El Shorouk,46354,2,0,0,8,6,4,4,7,3,0,1,1,10
7684,Downtown Cairo,4256,2,1,0,10,10,4,10,5,3,0,1,1,9
7685,Madinaty,38488,2,1,1,5,4,4,8,10,2,1,1,0,4
7686,New Capital,34493,3,0,0,4,10,7,8,10,9,1,1,0,9
7687,Faisal,27731,5,1,1,7,4,9,5,5,4,0,1,0,10
7688,Shoubra,11076,2,1,0,9,7,6,6,3,9,0,1,0,7
7689,Al Rehab,5071,2,0,0,9,6,7,9,3,6,1,1,0,9
7690,Mohandeseen,38390,4,0,1,9,6,2,9,6,4,0,1,0,9
7691,New Cairo,6066,2,1,0,6,8,4,9,8,7,1,1,0,4
7692,Dokki,29645,4,0,0,7,4,5,2,4,3,1,1,1,7
7693,Dokki,45410,1,1,0,3,4,8,8,5,2,0,1,1,4
7694,Mokattam,37665,2,0,0,7,3,6,9,4,10,0,1,0,6
7695,Maadi,33412,4,0,0,6,3,2,1,9,4,0,1,1,6
7696,Madinaty,35835,2,0,0,4,7,4,8,5,8,1,1,0,5
7697,Faisal,45041,1,0,1,9,4,3,3,8,10,0,1,1,9
7698,6th of October,42549,2,0,1,5,7,7,9,10,5,0,1,0,9
7699,Shoubra,47167,4,0,0,3,6,6,3,10,10,0,1,0,7
7700,Faisal,30578,1,0,0,4,6,4,6,3,5,1,0,1,4
7701,Haram,13883,1,1,1,3,4,3,9,7,3,0,1,0,6
7702,6th of October,46139,1,0,0,3,5,2,7,10,7,0,1,1,4
7703,Shoubra,26217,3,1,0,4,10,3,10,8,10,0,1,0,9
7704,El Obour,14707,4,0,0,8,7,6,6,6,4,0,1,0,6
7705,Madinaty,44856,3,0,0,2,5,6,8,10,3,1,1,0,4
7706,New Capital,17140,1,0,1,7,10,10,8,10,6,1,1,1,10
7707,Mokattam,15093,3,1,1,2,10,7,10,5,8,0,0,0,7
7708,El Shorouk,20500,2,1,1,4,6,4,1,7,7,0,1,1,4
7709,Faisal,42553,3,0,1,5,8,4,7,9,5,1,0,0,6
7710,Dokki,10507,5,0,0,9,9,4,6,3,10,0,1,0,4
7711,Downtown Cairo,36586,1,1,0,3,7,9,8,8,2,0,1,0,10
7712,Shoubra,9830,1,1,0,8,6,10,2,6,2,0,0,0,6
7713,Mohandeseen,34608,4,0,0,4,3,4,1,4,8,0,1,1,10
7714,Madinaty,41329,2,1,0,2,4,2,8,10,6,1,1,1,10
7715,Sheikh Zayed,28511,4,1,0,7,3,9,10,6,5,0,1,1,9
7716,Faisal,37427,3,0,1,3,9,3,10,4,6,0,1,0,9
7717,Faisal,22506,5,1,0,4,9,8,7,5,4,0,0,0,5
7718,Downtown Cairo,32395,5,1,0,7,7,8,1,8,2,0,1,0,8
7719,Mokattam,48303,5,1,0,4,3,10,2,4,10,1,1,0,8
7720,Zamalek,31126,5,1,1,6,8,9,9,4,6,1,1,0,7
7721,Shoubra,33466,2,1,0,4,9,10,5,9,7,0,1,0,10
7722,Madinaty,21970,3,0,1,8,10,2,7,10,9,0,1,0,6
7723,Faisal,8682,5,0,1,8,7,4,5,6,7,0,0,0,7
7724,New Cairo,14939,1,1,0,2,5,5,9,5,4,0,1,0,9
7725,Nasr City,12826,3,0,1,7,4,4,10,9,9,0,1,0,7
7726,6th of October,27371,2,1,0,4,10,9,5,3,3,0,1,0,9
7727,Haram,33946,5,0,0,8,5,8,7,10,8,0,1,0,10
7728,Al Rehab,28359,2,0,0,2,8,6,8,6,7,1,1,1,4
7729,Shoubra,23266,5,1,1,4,6,6,3,5,3,1,1,1,8
7730,Maadi,42017,1,1,0,3,9,5,4,10,5,1,1,0,10
7731,El Shorouk,23195,3,1,0,9,4,6,2,10,4,0,0,0,7
7732,Heliopolis,49413,1,1,0,9,3,6,1,8,2,0,0,0,6
7733,Al Rehab,31315,5,1,0,10,7,5,8,7,4,1,1,0,6
7734,Mohandeseen,22268,4,1,0,10,4,6,8,9,8,0,1,0,5
7735,El Shorouk,13710,3,0,1,3,6,8,7,10,7,0,1,0,8
7736,Maadi,45581,2,1,0,8,9,10,8,9,4,0,0,1,7
7737,6th of October,49537,5,1,0,8,10,8,5,9,3,0,1,0,9
7738,Downtown Cairo,18161,1,0,0,5,5,2,5,10,7,0,1,0,5
7739,Maadi,35821,4,0,1,7,9,10,1,3,8,0,1,0,9
7740,Zamalek,13729,5,1,0,2,6,4,9,8,3,1,1,0,6
7741,Madinaty,30913,2,0,0,7,3,3,8,4,8,1,1,1,10
7742,Maadi,26184,1,0,1,2,7,10,1,7,4,1,1,0,8
7743,El Shorouk,27279,3,0,0,6,9,3,4,4,7,0,1,0,6
7744,Mohandeseen,30570,4,0,0,5,7,10,4,5,6,1,1,0,7
7745,Nasr City,47030,5,1,1,7,3,6,8,3,2,0,0,0,4
7746,Zamalek,39133,5,1,0,6,7,7,10,8,10,0,1,0,8
7747,Downtown Cairo,17195,5,1,0,6,10,8,10,3,5,0,1,0,10
7748,Heliopolis,47805,5,1,0,4,4,8,5,6,6,0,1,0,10
7749,El Shorouk,47998,1,1,0,3,4,5,10,10,4,0,1,0,5
7750,Mohandeseen,21238,3,1,0,8,3,5,5,10,8,0,1,0,5
7751,El Obour,19552,2,0,0,9,3,6,1,5,5,0,1,0,4
7752,Faisal,6728,4,1,0,6,6,10,4,4,5,0,0,0,5
7753,Zamalek,27557,5,1,0,10,7,2,8,4,10,0,1,0,4
7754,Al Rehab,8938,5,1,0,2,9,9,10,9,4,1,1,1,9
7755,New Capital,35202,3,1,0,4,8,9,8,8,6,1,1,0,8
7756,Zamalek,4131,3,0,0,9,5,8,3,4,4,0,0,1,7
7757,Mohandeseen,29692,1,0,0,6,10,7,4,4,3,0,1,0,9
7758,Nasr City,23977,1,1,1,3,3,4,6,9,7,0,0,0,10
7759,Helwan,37061,1,0,0,10,10,9,3,3,9,1,1,0,7
7760,Mohandeseen,31264,4,0,1,2,6,8,3,3,6,0,1,0,9
7761,Madinaty,29575,1,0,0,4,3,9,10,4,3,1,1,0,9
7762,Maadi,18727,5,0,0,5,9,3,3,6,6,0,1,0,8
7763,6th of October,14488,1,1,1,8,10,9,1,7,7,0,0,0,9
7764,New Cairo,24069,4,1,0,5,3,8,10,10,2,1,1,1,5
7765,Haram,28400,1,1,0,3,4,7,8,5,4,0,1,0,4
7766,Dokki,28146,1,0,0,3,8,10,9,4,8,0,1,0,8
7767,Downtown Cairo,10846,5,0,0,2,7,9,4,5,10,0,0,1,8
7768,New Capital,44352,5,1,1,8,8,6,8,4,9,1,1,1,7
7769,Haram,27694,5,0,0,10,10,6,10,8,5,1,1,0,8
7770,New Cairo,25740,1,1,0,3,3,10,9,8,7,0,1,1,6
7771,Mokattam,34996,5,0,0,8,7,9,7,6,10,0,0,1,8
7772,Maadi,36125,3,1,0,9,6,5,8,7,8,1,0,0,4
7773,Mokattam,45409,2,1,1,4,10,10,3,4,3,0,1,1,10
7774,Al Rehab,48200,2,1,0,5,3,7,7,9,7,0,1,1,8
7775,Shoubra,26970,5,1,0,10,8,6,1,4,9,0,0,0,4
7776,Mohandeseen,14895,4,1,1,5,5,8,4,10,2,1,1,0,10
7777,Dokki,42071,5,1,0,7,8,10,5,7,2,0,0,0,9
7778,Al Rehab,26258,5,1,1,9,4,2,8,4,2,1,1,1,10
7779,New Cairo,27354,1,1,0,3,5,10,7,3,5,0,1,0,7
7780,Helwan,34641,4,1,0,2,10,6,5,6,3,0,1,0,10
7781,Mokattam,12444,5,1,0,8,4,10,8,3,8,1,1,0,6
7782,Heliopolis,13611,3,0,0,2,3,6,8,8,5,1,0,0,10
7783,Mohandeseen,14528,2,0,0,5,8,8,9,6,8,0,1,1,6
7784,Nasr City,4999,3,0,1,6,10,8,8,3,3,0,1,0,7
7785,Mohandeseen,7760,3,0,0,3,3,10,7,8,4,0,1,1,5
7786,Maadi,40884,3,1,0,5,10,6,1,10,2,1,1,0,4
7787,Downtown Cairo,41179,4,0,0,8,7,8,10,3,10,1,0,1,6
7788,El Shorouk,25941,4,1,0,5,10,6,1,8,7,0,1,0,4
7789,Helwan,30022,4,1,1,2,4,5,8,4,8,0,0,0,4
7790,Zamalek,47130,2,1,0,5,6,2,5,6,5,1,1,0,7
7791,Downtown Cairo,47881,1,1,0,7,5,6,6,6,5,0,1,0,4
7792,Mokattam,40451,5,0,0,6,8,5,4,4,9,1,1,1,6
7793,New Capital,30521,5,1,0,5,6,2,8,8,2,1,1,1,10
7794,Shoubra,33639,1,0,0,3,4,2,10,6,8,0,1,0,8
7795,6th of October,38621,5,1,1,7,10,6,9,6,5,0,1,0,4
7796,Zamalek,35449,3,0,0,7,6,10,8,4,5,0,1,0,6
7797,Helwan,17079,2,0,0,7,4,2,4,10,9,0,1,0,4
7798,El Obour,10895,5,1,0,5,7,9,7,5,7,0,1,0,6
7799,Nasr City,31979,2,1,0,9,7,10,8,7,6,1,1,0,9
7800,Madinaty,49703,1,0,0,2,6,5,9,8,10,1,1,1,6
7801,Heliopolis,16552,5,1,1,9,9,9,5,9,3,1,1,0,5
7802,Faisal,31394,2,1,1,9,9,2,10,8,8,0,1,0,9
7803,El Obour,36276,3,0,0,6,6,5,1,3,3,0,1,0,4
7804,Zamalek,37630,3,1,0,10,10,3,6,6,6,0,1,0,8
7805,New Capital,8527,1,1,1,10,8,5,7,9,4,0,1,0,7
7806,Downtown Cairo,16247,4,1,1,5,9,3,6,10,10,1,0,0,4
7807,Mokattam,21603,5,1,1,3,4,4,8,9,7,1,0,0,8
7808,Mohandeseen,40563,3,1,0,2,7,2,6,7,7,0,1,0,9
7809,Madinaty,49564,3,1,0,9,8,4,8,4,4,1,1,0,7
7810,6th of October,49502,1,0,0,9,6,8,6,6,10,0,1,0,6
7811,Helwan,4527,3,1,0,8,8,9,9,9,8,0,0,0,8
7812,6th of October,6922,5,1,0,4,4,7,2,9,6,0,0,0,5
7813,New Cairo,9849,1,0,1,4,4,2,10,9,8,1,1,0,9
7814,Al Rehab,34300,2,0,0,9,6,8,8,7,3,1,1,1,5
7815,El Shorouk,31780,1,1,0,9,10,4,7,8,7,0,1,0,9
7816,Madinaty,49724,5,0,0,3,5,10,9,8,6,0,1,1,6
7817,Helwan,32140,5,1,0,2,8,3,4,3,7,0,0,0,7
7818,Helwan,21230,2,0,0,2,3,10,4,10,9,0,1,0,7
7819,Al Rehab,30693,1,1,0,2,4,3,9,8,4,1,1,1,5
7820,Sheikh Zayed,10959,5,0,0,4,7,3,8,7,9,1,1,0,10
7821,Dokki,39854,5,0,0,2,9,5,7,9,10,1,1,0,5
7822,Mokattam,46730,2,1,0,9,8,3,5,5,6,0,1,0,4
7823,Dokki,23667,4,1,0,9,3,8,10,6,6,0,1,0,9
7824,Mohandeseen,30401,1,0,0,10,4,4,6,9,8,0,0,0,6
7825,Zamalek,7323,5,0,1,5,8,5,9,3,5,0,0,0,8
7826,Sheikh Zayed,4445,3,0,0,9,5,2,9,3,4,1,1,0,9
7827,El Shorouk,21409,2,0,0,8,3,5,6,9,4,0,1,1,4
7828,New Cairo,13963,4,1,1,5,7,5,10,3,10,0,1,0,10
7829,El Obour,19437,4,1,0,2,10,5,1,9,2,1,0,0,4
7830,New Capital,20855,2,0,0,4,3,10,10,5,10,0,1,1,4
7831,Heliopolis,20411,4,0,1,9,8,4,7,10,9,0,1,0,7
7832,Al Rehab,14847,5,1,1,9,9,8,8,7,2,0,1,0,7
7833,Sheikh Zayed,7236,4,0,0,3,6,5,10,3,9,1,1,0,9
7834,New Capital,17487,1,1,1,8,10,2,7,5,5,1,1,0,7
7835,Shoubra,15848,3,1,0,2,4,4,7,6,7,0,1,1,9
7836,Dokki,17155,5,0,1,5,9,10,4,6,9,0,1,0,9
7837,Al Rehab,15255,2,0,0,8,6,7,7,9,2,1,1,1,9
7838,Zamalek,5979,3,0,0,5,5,9,10,4,5,0,1,0,7
7839,Dokki,25305,5,1,0,5,3,10,7,10,3,0,1,0,8
7840,El Shorouk,13007,3,1,1,8,6,9,2,5,2,0,1,0,9
7841,Dokki,39094,4,1,1,2,10,6,5,3,5,0,1,0,7
7842,Dokki,39098,2,1,1,6,5,7,6,8,4,0,1,0,8
7843,Madinaty,28030,2,1,0,7,6,3,7,5,10,0,1,1,6
7844,Shoubra,37770,1,1,0,8,7,10,1,5,2,0,0,0,9
7845,Mohandeseen,13734,4,0,0,8,6,7,1,9,7,0,1,0,4
7846,6th of October,10448,1,0,0,8,4,9,3,7,5,1,0,1,5
7847,6th of October,43605,1,0,0,3,10,8,9,4,5,0,0,0,4
7848,Maadi,16396,4,1,1,7,8,3,2,5,4,0,1,0,9
7849,El Obour,31881,5,0,1,10,6,3,5,10,3,0,1,0,8
7850,El Obour,35177,1,1,0,8,6,6,7,3,5,0,1,1,10
7851,Sheikh Zayed,44122,3,1,1,8,6,4,10,8,8,1,1,0,7
7852,El Shorouk,39297,5,0,1,3,9,2,1,10,8,0,1,0,8
7853,Helwan,49977,4,1,0,8,6,4,7,9,2,1,1,0,9
7854,Maadi,40680,2,0,0,10,6,8,5,4,4,0,1,0,9
7855,El Obour,21916,5,1,0,4,3,10,7,10,5,1,0,1,5
7856,Haram,35239,1,1,1,3,3,5,1,6,4,0,1,0,9
7857,Downtown Cairo,48084,3,1,0,7,8,9,6,5,7,0,1,1,4
7858,Mohandeseen,38189,4,0,0,3,9,7,6,8,8,0,1,1,4
7859,Downtown Cairo,17510,2,0,0,2,7,5,7,7,5,0,1,0,9
7860,Zamalek,28966,3,1,1,5,3,4,8,9,8,0,1,0,9
7861,New Capital,26152,2,0,0,10,5,6,7,3,7,1,1,0,9
7862,Madinaty,23202,4,1,0,4,4,4,9,8,2,1,1,1,10
7863,El Shorouk,30445,5,0,1,4,6,9,5,10,2,0,0,0,6
7864,Nasr City,15152,1,1,0,7,6,7,4,5,5,0,1,0,8
7865,6th of October,9617,4,1,0,7,6,7,5,9,8,0,1,1,6
7866,Mohandeseen,5195,3,0,0,9,7,8,10,7,5,0,0,0,7
7867,Shoubra,42997,5,0,0,7,7,8,5,10,8,0,0,0,6
7868,Mokattam,29433,2,1,1,9,5,9,9,9,7,0,0,0,4
7869,El Obour,9305,5,0,0,9,9,6,7,6,5,0,1,0,4
7870,El Obour,12077,5,1,1,8,10,6,2,5,9,0,1,1,4
7871,Nasr City,35385,3,0,0,6,6,7,2,7,2,1,1,0,9
7872,Shoubra,46113,1,0,0,5,10,5,1,8,8,1,1,0,7
7873,Al Rehab,41968,5,0,0,2,7,3,8,3,2,0,1,1,9
7874,Nasr City,46642,5,0,0,7,6,3,2,3,7,0,0,0,8
7875,El Obour,37062,1,1,1,9,3,3,5,6,8,0,1,0,10
7876,Al Rehab,10097,1,1,0,5,6,3,8,4,7,1,1,0,4
7877,Faisal,43180,2,0,0,8,5,6,7,10,5,1,0,0,10
7878,New Cairo,45604,2,1,1,4,5,3,7,9,9,0,1,1,9
7879,Downtown Cairo,48593,1,1,0,6,7,8,10,9,9,1,1,0,5
7880,Dokki,10678,4,0,1,8,6,5,4,10,3,0,1,0,8
7881,Dokki,36121,1,1,0,10,10,6,6,8,2,0,1,0,6
7882,Heliopolis,25404,2,1,1,10,5,3,4,10,9,0,0,0,8
7883,New Cairo,9743,3,0,1,8,3,2,10,5,8,1,1,1,7
7884,El Obour,20494,3,1,0,5,9,10,7,8,3,0,0,0,7
7885,Dokki,45543,5,1,0,7,7,7,3,7,6,1,0,0,8
7886,Nasr City,48185,3,0,1,5,3,6,8,9,6,1,0,0,9
7887,Haram,13678,2,1,0,4,5,6,8,9,8,0,0,0,6
7888,Mohandeseen,41632,3,0,0,10,8,3,3,6,3,0,0,0,4
7889,Helwan,5648,4,1,1,6,10,9,7,6,10,1,1,0,4
7890,New Capital,19677,1,1,0,9,7,5,8,8,10,0,1,0,9
7891,Zamalek,26765,1,0,0,4,10,5,5,8,6,0,1,0,10
7892,Mokattam,6381,2,1,0,10,10,9,9,7,3,0,1,1,9
7893,Helwan,20489,5,1,0,2,6,5,2,4,8,0,1,0,6
7894,Madinaty,15745,1,1,1,3,10,2,8,8,5,0,1,1,9
7895,El Shorouk,9818,3,0,0,5,8,5,4,10,4,0,1,0,9
7896,Shoubra,46654,4,1,1,3,4,2,2,4,8,1,1,0,6
7897,Mokattam,37149,5,1,0,10,6,7,10,6,8,0,1,0,4
7898,Shoubra,31312,5,1,1,8,9,3,6,6,2,0,1,1,10
7899,Mohandeseen,41124,5,1,0,3,6,10,5,6,8,1,1,1,8
7900,Madinaty,42686,1,0,0,5,3,5,9,9,6,1,1,0,6
7901,Helwan,5316,5,0,0,7,6,9,8,10,8,0,1,0,10
7902,Haram,9454,2,1,0,3,4,3,6,6,9,0,1,0,7
7903,New Capital,17107,3,1,0,10,7,6,8,10,8,1,1,0,7
7904,Shoubra,8074,4,1,1,4,7,9,1,6,3,0,1,0,7
7905,Helwan,25188,3,0,0,3,8,2,10,5,5,1,1,0,4
7906,Shoubra,35968,2,1,0,5,4,7,10,9,7,0,1,1,8
7907,Faisal,44389,2,1,0,6,3,3,5,9,10,0,1,0,6
7908,Mohandeseen,27102,3,1,0,5,8,6,3,5,6,0,1,1,10
7909,Heliopolis,45422,1,1,1,4,4,2,8,5,3,0,1,0,10
7910,Heliopolis,35957,2,0,0,4,10,5,2,3,5,0,1,0,9
7911,6th of October,16872,5,1,1,4,7,4,5,5,9,0,1,0,4
7912,Sheikh Zayed,12349,4,1,0,4,8,6,10,8,5,0,1,1,4
7913,El Shorouk,23693,4,0,1,7,4,9,3,5,9,0,1,0,4
7914,El Shorouk,36627,2,1,0,5,3,10,8,8,5,0,1,0,9
7915,Helwan,47677,5,1,1,8,10,6,8,4,9,0,1,0,8
7916,Downtown Cairo,14760,3,0,0,8,8,10,6,6,4,0,1,1,4
7917,6th of October,15584,4,0,0,5,10,5,9,7,5,0,1,0,7
7918,Dokki,6106,5,1,0,2,6,6,3,8,10,0,0,0,7
7919,Madinaty,17669,5,0,1,10,6,10,7,4,6,0,1,0,6
7920,Shoubra,29223,1,0,0,8,9,10,8,3,4,1,1,0,6
7921,El Shorouk,39706,2,1,0,7,7,3,10,4,4,0,0,0,8
7922,Dokki,6483,5,0,0,6,9,6,4,7,5,0,1,0,6
7923,Haram,31482,3,1,0,10,3,9,10,4,3,0,1,0,5
7924,Downtown Cairo,38143,4,0,0,10,6,2,1,9,8,0,1,0,4
7925,Heliopolis,28240,1,1,0,7,10,5,8,4,8,1,1,0,7
7926,El Shorouk,14015,3,0,0,9,10,9,8,5,10,1,1,0,5
7927,Al Rehab,20628,4,0,1,8,6,3,9,3,9,0,1,0,8
7928,New Capital,29443,2,1,0,2,6,2,9,9,4,1,1,1,9
7929,New Cairo,34819,3,0,0,3,5,7,7,10,6,1,1,0,10
7930,Maadi,19060,4,1,0,10,6,7,4,9,9,1,1,0,8
7931,Heliopolis,31437,1,1,1,5,10,2,8,8,9,0,1,0,4
7932,Nasr City,14654,4,1,0,4,10,4,10,5,3,0,1,0,9
7933,Haram,18253,5,0,1,3,5,9,6,7,2,0,1,1,6
7934,Shoubra,15565,1,1,0,9,4,10,7,10,6,0,1,0,5
7935,Mohandeseen,31597,3,1,0,8,7,9,10,3,2,1,0,0,6
7936,New Capital,31768,2,0,0,10,7,2,7,8,8,0,1,0,9
7937,Al Rehab,4087,1,0,0,4,8,5,8,8,9,0,1,0,5
7938,Madinaty,13432,1,1,0,2,8,10,10,7,7,1,1,1,10
7939,El Shorouk,12764,1,1,0,10,5,2,3,10,4,1,0,1,4
7940,Heliopolis,4178,4,0,1,6,3,5,7,7,2,1,1,0,8
7941,New Capital,30301,5,1,1,6,8,8,7,10,3,0,1,1,8
7942,Nasr City,39408,2,1,0,4,8,8,6,8,3,0,1,1,4
7943,6th of October,45965,2,0,0,9,5,8,3,4,3,0,0,0,10
7944,Shoubra,35913,5,1,0,9,9,5,7,10,6,0,1,1,8
7945,Mokattam,22732,4,0,0,2,6,9,9,4,3,0,1,0,8
7946,Mohandeseen,6421,4,1,0,5,8,4,3,4,10,0,1,0,7
7947,New Capital,47715,5,1,0,7,9,10,7,4,7,1,1,0,9
7948,Faisal,24526,5,1,0,10,3,7,3,3,8,0,1,0,6
7949,Mokattam,32317,3,1,0,3,9,8,9,8,4,0,1,0,9
7950,Dokki,5217,4,0,0,8,7,10,10,5,8,0,1,0,10
7951,Nasr City,39242,1,1,1,2,10,5,4,3,5,1,1,0,4
7952,Haram,4929,2,0,0,5,4,6,3,9,9,0,1,1,6
7953,Maadi,44726,4,1,1,8,4,2,7,4,10,0,1,0,8
7954,Al Rehab,38270,5,1,0,4,5,9,10,10,6,1,1,0,6
7955,Mohandeseen,37188,1,1,0,4,10,3,4,6,4,0,1,0,4
7956,Zamalek,17580,3,1,1,5,8,6,9,7,7,0,1,1,10
7957,El Shorouk,42598,3,1,0,9,5,6,9,8,4,0,0,1,6
7958,Maadi,34431,1,0,0,4,5,5,2,4,7,0,0,0,4
7959,Haram,24742,1,0,0,9,5,5,7,4,8,0,0,0,4
7960,Dokki,21833,5,0,0,10,9,3,8,7,7,0,1,0,10
7961,Helwan,34885,5,1,1,9,7,4,8,7,5,1,0,1,7
7962,Mokattam,9811,2,1,0,9,6,3,10,5,8,1,1,0,7
7963,Dokki,12619,2,1,0,10,7,2,1,3,3,0,1,0,9
7964,New Cairo,28255,3,1,1,5,4,5,8,10,6,1,1,0,6
7965,Heliopolis,28972,1,1,0,4,10,10,8,8,7,1,1,0,6
7966,New Capital,17527,3,0,1,9,9,7,8,9,7,1,1,1,5
7967,Maadi,36874,5,1,0,2,4,9,7,7,6,0,1,0,10
7968,Helwan,8049,4,0,0,2,9,3,1,9,6,1,1,0,9
7969,El Shorouk,45057,5,1,0,5,4,3,2,8,9,1,0,0,7
7970,El Shorouk,5903,4,1,1,4,6,3,2,3,6,0,1,1,7
7971,Helwan,48261,1,1,0,3,6,9,3,8,7,0,1,0,6
7972,Madinaty,9376,1,1,1,10,3,2,10,4,2,1,1,0,7
7973,New Cairo,4042,1,1,0,6,6,6,7,6,2,1,1,0,9
7974,New Capital,26769,2,1,0,4,4,5,7,9,2,1,1,0,10
7975,Haram,5577,2,0,1,10,6,2,4,6,5,0,0,0,10
7976,El Obour,16382,4,0,0,9,6,8,9,10,4,1,1,0,4
7977,El Shorouk,26449,3,1,0,5,6,2,3,5,6,0,0,0,7
7978,Helwan,42653,3,1,1,6,5,7,3,5,8,0,1,0,7
7979,Sheikh Zayed,32859,4,1,0,6,9,2,8,5,7,1,1,1,4
7980,Madinaty,12576,2,1,0,9,10,10,7,9,4,1,1,1,4
7981,Al Rehab,49874,5,1,0,8,8,4,9,6,3,1,1,0,7
7982,Heliopolis,15663,4,1,0,4,10,3,10,7,3,0,0,0,5
7983,Heliopolis,40345,3,0,0,7,8,8,5,9,4,0,1,0,6
7984,6th of October,9244,4,0,1,7,6,2,10,7,4,0,0,0,4
7985,Downtown Cairo,38902,4,1,0,3,5,8,3,7,4,0,1,0,7
7986,Maadi,7892,1,0,0,2,4,10,8,4,9,0,1,0,10
7987,Sheikh Zayed,31112,2,0,0,8,3,5,7,3,4,1,1,1,8
7988,Nasr City,8321,1,1,0,4,9,3,8,4,7,0,1,0,5
7989,Helwan,9776,2,1,0,6,9,5,6,10,10,0,1,0,6
7990,Mohandeseen,47352,4,1,1,9,10,10,9,8,9,1,0,1,10
7991,Mohandeseen,20119,2,0,0,6,7,9,2,5,7,0,1,0,5
7992,El Shorouk,34569,3,1,0,6,8,6,7,5,6,0,1,0,10
7993,Mohandeseen,42596,1,1,1,6,3,9,10,9,6,0,0,0,4
7994,Faisal,37063,4,1,0,8,10,8,4,7,9,1,1,1,10
7995,New Cairo,37181,3,0,0,3,9,5,8,9,8,0,1,1,9
7996,Haram,26340,2,1,0,2,7,4,7,4,6,0,1,0,4
7997,Faisal,14187,2,1,0,5,8,2,9,9,7,0,0,0,10
7998,Faisal,10668,3,1,0,6,4,4,10,9,6,0,0,0,6
7999,Downtown Cairo,19344,2,0,0,8,5,9,1,4,10,1,1,0,7
8000,Heliopolis,12195,1,1,0,2,6,10,5,7,7,0,1,1,4
8001,Shoubra,20561,5,1,0,10,5,10,6,3,4,1,1,0,10
8002,Mohandeseen,41122,2,1,0,5,7,6,4,3,4,1,1,0,8
8003,Shoubra,26298,4,0,0,7,10,5,10,4,5,0,1,0,8
8004,Haram,42250,2,1,1,2,8,7,6,10,6,0,1,1,10
8005,New Capital,20076,4,0,1,10,6,8,9,4,10,0,1,0,7
8006,Shoubra,19376,2,1,0,5,10,7,8,3,3,1,1,0,8
8007,Al Rehab,40039,2,1,0,6,7,6,8,6,3,1,1,0,8
8008,Dokki,47442,4,0,1,9,9,3,10,6,2,0,1,0,9
8009,Helwan,9392,1,1,0,7,7,4,4,5,9,0,0,0,5
8010,Helwan,31106,5,1,1,4,8,10,5,4,2,0,1,0,5
8011,El Shorouk,18309,5,0,0,9,9,8,8,3,7,0,1,0,10
8012,El Obour,28809,1,0,0,7,6,3,2,7,3,1,1,0,8
8013,Madinaty,4693,2,0,1,3,3,2,7,7,10,1,1,0,8
8014,Dokki,37937,5,1,1,6,10,2,7,6,5,0,0,1,8
8015,Mokattam,33233,1,0,0,4,3,2,2,3,6,0,1,0,8
8016,Zamalek,12623,1,1,1,5,8,7,6,6,3,0,1,0,4
8017,Helwan,44550,5,1,0,10,8,6,9,9,6,0,0,0,7
8018,Sheikh Zayed,13174,4,1,1,4,7,8,10,6,8,1,1,0,4
8019,Nasr City,15352,3,0,0,6,4,6,4,9,6,1,1,0,6
8020,New Capital,9530,4,1,0,9,10,10,9,4,2,0,1,0,6
8021,Dokki,8992,2,0,0,10,5,2,10,4,10,0,1,0,7
8022,Madinaty,27354,4,1,0,8,3,10,10,10,3,0,1,0,7
8023,Helwan,7312,3,1,0,5,6,5,10,3,5,0,0,0,8
8024,Dokki,49833,3,0,0,10,7,8,8,5,7,0,1,0,7
8025,Zamalek,8318,1,1,0,3,5,3,5,4,2,0,0,0,8
8026,Dokki,38456,2,1,0,3,8,4,5,5,10,0,0,0,9
8027,Al Rehab,4467,1,0,0,5,9,5,7,6,10,1,1,0,4
8028,6th of October,31192,4,1,0,3,5,6,9,8,9,0,1,0,6
8029,El Shorouk,46305,4,1,0,4,7,3,10,6,10,0,1,0,5
8030,New Cairo,39190,5,0,0,6,5,8,9,10,5,1,1,0,4
8031,Sheikh Zayed,27663,1,0,0,4,4,7,10,3,10,1,1,0,6
8032,Sheikh Zayed,35246,1,1,1,2,7,10,7,3,5,1,1,1,9
8033,El Obour,41489,1,1,0,4,8,8,1,8,6,0,1,1,5
8034,Faisal,45971,1,1,0,7,5,3,6,6,7,0,1,0,5
8035,Madinaty,44309,3,0,0,4,5,4,8,5,8,1,1,0,7
8036,Nasr City,46637,5,0,0,10,8,4,9,5,4,0,1,0,9
8037,Dokki,32273,2,1,0,4,3,9,4,6,3,1,1,0,4
8038,Shoubra,33473,2,1,1,4,5,9,8,10,6,1,1,0,7
8039,Zamalek,17679,2,1,1,4,10,4,2,7,4,0,1,1,5
8040,El Shorouk,31445,3,0,0,6,5,9,2,7,4,1,1,0,4
8041,Maadi,49310,5,0,1,8,9,6,4,5,8,1,1,0,9
8042,Dokki,21870,5,1,0,6,10,5,2,9,7,1,0,0,5
8043,Al Rehab,29992,3,1,0,10,3,5,9,10,4,0,1,0,6
8044,El Obour,33433,1,0,0,7,7,5,8,7,8,1,1,0,5
8045,Maadi,15038,4,0,0,2,9,2,3,8,7,1,1,0,5
8046,Dokki,29933,1,1,1,10,10,8,3,8,2,0,1,0,8
8047,Downtown Cairo,49020,2,1,0,4,3,5,4,9,6,1,0,0,6
8048,Al Rehab,33236,1,0,0,9,10,3,10,9,5,1,1,0,6
8049,Maadi,13770,3,0,0,4,6,2,3,4,4,0,1,0,10
8050,Dokki,7749,2,0,1,9,6,4,6,3,4,1,0,0,6
8051,Sheikh Zayed,48585,4,0,0,5,10,2,7,3,9,1,1,0,7
8052,Al Rehab,39271,2,1,0,2,4,6,7,7,4,1,1,1,10
8053,Maadi,11855,1,0,0,7,5,7,10,10,3,0,1,0,7
8054,Shoubra,48097,5,1,1,8,8,7,4,6,6,0,1,1,10
8055,Dokki,27439,5,1,0,9,6,7,6,4,4,0,1,0,5
8056,El Obour,34290,5,1,0,7,7,8,9,7,4,0,0,0,6
8057,Nasr City,15101,2,1,0,2,7,2,6,8,9,1,0,0,8
8058,Helwan,31240,5,0,1,6,8,5,10,10,10,0,1,0,5
8059,El Shorouk,20783,3,0,0,10,10,10,5,6,3,0,1,0,9
8060,Faisal,48917,4,1,0,4,6,3,8,8,2,0,1,1,6
8061,Dokki,30809,5,1,0,6,3,9,4,6,9,0,1,1,6
8062,Heliopolis,21923,3,1,1,7,9,8,6,10,7,0,1,0,10
8063,Mohandeseen,19026,3,0,0,6,8,8,7,5,10,0,1,0,7
8064,El Obour,45196,2,1,0,5,4,4,10,4,2,0,1,0,6
8065,Nasr City,27569,2,0,0,3,9,3,6,4,6,0,0,0,8
8066,Maadi,45887,4,0,0,6,10,3,8,5,6,0,0,1,6
8067,6th of October,24893,4,1,1,2,3,4,2,6,4,0,1,0,8
8068,Al Rehab,26435,1,1,0,2,4,4,9,6,3,1,1,1,5
8069,Heliopolis,40892,4,1,0,9,8,3,3,9,10,1,0,0,7
8070,Dokki,36399,2,0,0,5,6,8,4,8,8,0,1,0,6
8071,Dokki,29236,3,1,1,2,9,3,10,10,10,0,1,0,5
8072,Faisal,31199,1,1,0,3,3,7,8,9,4,0,0,0,6
8073,Heliopolis,24334,4,1,0,6,6,6,2,7,2,0,0,0,6
8074,Al Rehab,37217,3,1,1,8,4,8,7,3,3,1,1,1,4
8075,Al Rehab,19034,2,1,0,6,7,8,9,8,7,1,1,1,10
8076,Dokki,35085,5,0,0,7,10,9,1,5,7,0,1,0,4
8077,Maadi,13442,1,0,0,8,8,5,3,9,3,0,1,0,7
8078,Faisal,16643,3,0,1,4,3,6,8,7,10,0,0,0,7
8079,Sheikh Zayed,39069,2,1,0,6,6,5,10,4,2,1,1,1,9
8080,Heliopolis,11710,2,1,0,9,4,8,10,4,5,1,0,0,5
8081,Helwan,42560,1,1,0,7,7,4,7,10,5,0,1,0,5
8082,Nasr City,46427,1,0,0,3,3,3,1,4,2,1,0,0,4
8083,Dokki,11216,4,1,1,10,4,5,3,3,6,0,1,0,8
8084,6th of October,15712,4,0,1,3,3,6,10,5,7,0,1,0,8
8085,Zamalek,8905,1,0,1,7,3,2,2,8,10,1,1,0,8
8086,Zamalek,42767,1,1,1,3,9,4,2,9,9,0,0,0,10
8087,Faisal,31930,3,0,1,8,5,9,10,3,5,0,0,0,4
8088,Heliopolis,35192,4,1,0,2,9,6,2,6,7,0,0,0,7
8089,Haram,27506,2,1,0,5,10,2,4,6,8,1,0,0,10
8090,Madinaty,11288,4,0,1,9,6,5,10,4,7,0,1,0,8
8091,Al Rehab,48034,4,0,0,10,5,9,9,5,6,1,1,0,8
8092,Zamalek,34011,1,1,0,4,3,9,10,9,2,0,1,1,7
8093,Zamalek,19586,1,0,0,10,4,3,7,7,8,0,1,0,9
8094,El Obour,36400,4,0,0,9,6,10,7,6,8,1,1,0,5
8095,Nasr City,5567,5,1,1,5,4,2,1,7,6,0,1,1,6
8096,New Capital,5094,5,0,1,2,9,9,7,8,10,1,1,1,6
8097,Zamalek,15135,4,1,0,6,4,9,9,7,4,0,1,1,7
8098,New Capital,17508,5,1,0,8,8,7,10,9,2,1,1,1,5
8099,New Cairo,49113,4,1,0,6,7,2,8,8,6,1,1,1,9
8100,Haram,13684,1,1,0,6,3,10,7,8,5,0,1,0,7
8101,6th of October,31247,1,0,1,6,4,4,2,6,7,0,1,0,4
8102,Mokattam,10191,1,0,0,4,3,2,4,7,3,0,1,0,8
8103,Helwan,21842,2,1,0,7,5,8,5,7,6,0,1,0,6
8104,Mokattam,12046,1,1,1,5,9,6,10,8,9,1,0,0,5
8105,Sheikh Zayed,8934,1,0,1,3,8,3,8,8,9,1,1,0,10
8106,Nasr City,5354,4,1,0,5,10,2,7,7,3,0,1,0,8
8107,Helwan,43241,5,1,1,7,8,7,7,3,4,0,0,0,7
8108,Maadi,33816,5,1,1,7,10,2,6,10,10,0,1,0,4
8109,Nasr City,49562,1,1,1,10,10,7,7,9,8,0,1,0,6
8110,Sheikh Zayed,6963,1,0,0,9,10,2,10,8,10,0,1,0,7
8111,Sheikh Zayed,31424,1,0,0,6,5,8,8,5,5,1,1,1,5
8112,Heliopolis,18503,4,0,1,4,4,8,7,4,8,1,0,0,10
8113,New Capital,7042,4,0,0,5,10,5,8,3,8,1,1,0,7
8114,El Obour,34241,4,1,1,6,8,8,2,7,8,0,1,0,4
8115,Nasr City,43741,5,0,1,2,3,9,3,3,6,0,1,0,4
8116,Dokki,11139,2,0,0,10,7,9,4,9,7,0,1,0,4
8117,New Capital,15226,5,0,0,5,6,4,9,9,5,1,1,0,4
8118,Zamalek,43698,4,1,0,9,9,9,1,9,10,0,1,0,7
8119,Mokattam,18762,3,1,0,6,5,4,2,9,5,0,1,0,8
8120,Sheikh Zayed,22116,2,1,0,6,10,6,8,3,10,1,1,0,6
8121,Helwan,42108,1,1,0,3,9,2,2,5,10,0,1,0,6
8122,Mokattam,9111,5,1,1,9,9,8,2,5,6,0,0,1,10
8123,Shoubra,7081,2,0,1,8,10,9,7,7,10,0,1,1,9
8124,Mokattam,33815,3,1,0,3,5,5,6,10,10,0,1,0,8
8125,Shoubra,11802,2,1,1,7,7,8,7,9,4,0,1,0,5
8126,New Capital,46230,5,0,0,10,4,8,9,8,4,0,1,1,5
8127,Mohandeseen,21913,4,0,0,9,10,7,10,3,5,1,1,0,5
8128,New Cairo,21465,1,1,1,4,5,6,7,10,9,1,1,1,8
8129,Faisal,11994,4,0,0,8,5,5,6,5,4,0,0,1,10
8130,Zamalek,7531,4,1,1,5,6,6,4,9,3,0,0,1,7
8131,Maadi,13343,5,1,0,5,7,8,9,5,7,0,0,0,6
8132,Downtown Cairo,37484,4,0,0,8,7,9,6,3,4,0,0,1,10
8133,Madinaty,10229,4,1,1,8,3,5,7,5,10,0,1,1,10
8134,Haram,32775,5,0,0,2,7,6,8,6,10,0,0,0,10
8135,Mokattam,30766,5,0,1,2,8,7,5,10,7,0,1,1,7
8136,Helwan,20588,3,1,0,7,6,10,10,10,6,0,1,1,6
8137,El Obour,27168,4,0,1,3,8,7,7,9,3,1,0,0,6
8138,Zamalek,48789,2,1,0,4,7,8,8,5,9,0,1,0,5
8139,Nasr City,48069,1,0,0,3,3,9,5,7,4,0,1,0,10
8140,El Obour,40862,1,0,1,3,6,4,8,7,6,1,1,0,4
8141,Mokattam,25866,5,0,0,9,5,6,10,4,5,0,1,0,9
8142,New Cairo,13524,5,1,1,9,10,5,7,10,4,1,1,0,5
8143,Downtown Cairo,26538,3,0,1,7,4,2,5,9,4,0,1,1,4
8144,Faisal,46809,4,0,0,4,5,5,8,4,10,1,1,0,6
8145,Helwan,25226,5,1,1,6,3,3,9,3,3,0,0,0,9
8146,New Cairo,12103,5,1,0,8,6,5,7,8,4,0,1,0,7
8147,Shoubra,22402,1,0,0,6,5,3,7,7,6,1,1,0,4
8148,Mokattam,19090,4,1,0,8,10,5,7,4,5,0,1,0,10
8149,El Shorouk,19915,3,1,1,8,3,5,2,3,10,0,1,0,7
8150,El Shorouk,45477,5,1,0,5,8,4,2,4,6,0,1,0,7
8151,Al Rehab,38206,5,1,1,7,9,6,10,5,6,1,1,1,10
8152,Helwan,25511,5,1,0,10,5,10,7,10,8,0,1,0,7
8153,Mohandeseen,19029,1,1,0,5,9,2,3,6,5,0,0,0,6
8154,Helwan,34831,5,1,0,2,4,8,10,10,6,1,1,1,9
8155,New Capital,27531,5,0,0,9,8,2,8,4,2,1,1,0,7
8156,Al Rehab,8517,1,1,0,5,5,2,9,5,8,0,1,0,7
8157,Maadi,25961,5,1,1,9,5,3,4,9,5,0,0,0,9
8158,Madinaty,30835,4,0,0,10,5,7,10,10,3,0,1,1,7
8159,Madinaty,31725,4,0,0,9,3,10,8,10,8,0,1,1,9
8160,Al Rehab,29357,1,1,0,2,6,4,9,6,9,0,1,0,6
8161,Heliopolis,47673,4,1,1,10,7,6,1,10,10,0,1,1,6
8162,Sheikh Zayed,5244,3,0,1,6,3,9,8,4,9,1,1,1,7
8163,El Shorouk,6416,5,1,0,9,8,7,5,7,9,0,1,1,4
8164,Al Rehab,10490,3,1,1,7,9,4,7,6,9,1,1,1,10
8165,El Obour,15683,4,1,0,8,7,3,9,9,8,0,0,0,10
8166,Nasr City,9839,1,1,0,4,9,4,3,8,3,1,1,0,4
8167,Heliopolis,28992,1,1,0,10,8,7,3,8,3,0,1,0,10
8168,Zamalek,48938,3,1,1,10,7,6,9,10,10,0,1,0,10
8169,Heliopolis,48735,4,0,0,3,5,9,8,5,2,0,1,1,6
8170,Haram,41777,5,1,1,5,8,3,9,7,2,0,1,0,4
8171,6th of October,12924,4,0,0,5,4,3,10,5,8,0,1,1,7
8172,Downtown Cairo,19921,4,0,0,2,7,5,10,10,7,0,1,0,10
8173,Mohandeseen,28260,1,1,0,5,8,10,8,10,7,0,1,0,5
8174,Faisal,32380,2,0,0,4,10,6,7,8,9,0,1,0,8
8175,Shoubra,22811,5,1,1,3,8,8,2,4,5,1,1,1,7
8176,Heliopolis,9721,5,1,0,7,7,8,5,5,6,0,1,0,9
8177,Heliopolis,45191,1,0,0,4,5,7,10,3,6,1,1,0,10
8178,New Cairo,8930,4,0,0,10,10,7,10,5,7,0,1,1,8
8179,Madinaty,8353,1,1,0,10,4,10,7,5,2,1,1,0,5
8180,Zamalek,11832,4,1,0,9,9,5,1,9,5,0,1,1,7
8181,Mokattam,26951,2,1,0,9,5,3,10,7,4,0,1,0,8
8182,Sheikh Zayed,11770,2,0,1,3,9,8,8,5,8,1,1,1,7
8183,El Shorouk,29525,3,1,0,7,7,7,6,10,2,0,1,0,8
8184,Heliopolis,20556,4,0,1,5,8,5,6,6,3,0,1,0,5
8185,Al Rehab,19094,1,0,1,3,10,2,8,5,9,1,1,0,10
8186,El Shorouk,11935,1,0,0,3,3,5,1,8,3,0,1,0,4
8187,Madinaty,6675,1,0,0,8,9,7,7,4,10,1,1,0,8
8188,Haram,35280,3,1,1,2,8,4,6,3,5,0,1,0,6
8189,Dokki,15240,5,1,0,9,9,2,5,10,4,0,1,0,8
8190,Dokki,8005,1,1,0,6,10,3,3,3,5,0,1,1,4
8191,Al Rehab,10544,2,1,0,9,9,7,7,8,10,1,1,1,9
8192,Sheikh Zayed,21332,1,0,0,3,7,2,10,5,8,0,1,0,4
8193,New Capital,30836,1,1,0,2,3,7,7,3,5,0,1,1,9
8194,Zamalek,18388,1,0,0,3,10,2,8,7,8,1,1,0,8
8195,El Obour,5694,5,1,1,7,6,2,8,3,9,1,1,0,5
8196,Haram,25141,1,0,1,5,4,7,8,4,9,0,1,1,10
8197,6th of October,26666,5,0,0,9,8,2,1,5,7,0,1,0,10
8198,6th of October,42769,5,0,0,10,9,10,7,3,2,1,1,0,6
8199,6th of October,43420,3,1,1,10,9,3,1,10,4,1,0,0,5
8200,Madinaty,41349,2,1,0,6,6,10,10,8,7,1,1,1,10
8201,Maadi,41855,1,1,1,7,10,6,2,4,2,0,1,0,4
8202,Heliopolis,5460,1,1,1,8,10,6,3,8,6,0,1,0,5
8203,Downtown Cairo,40655,1,1,0,5,5,9,10,3,3,0,1,0,7
8204,New Cairo,45252,5,0,0,4,7,2,7,4,2,1,1,0,9
8205,Al Rehab,13835,4,1,0,3,10,10,9,8,4,1,1,1,5
8206,Heliopolis,14910,2,0,0,5,6,2,1,5,3,0,1,1,8
8207,New Cairo,21221,1,0,1,10,4,6,8,4,7,1,1,1,7
8208,Al Rehab,29613,4,1,0,6,3,9,10,3,7,1,1,1,10
8209,Downtown Cairo,35353,4,1,0,2,3,2,6,4,8,1,0,0,8
8210,El Obour,42614,4,1,1,6,5,6,4,5,8,0,1,0,4
8211,New Capital,12463,2,0,0,7,10,4,10,4,6,1,1,1,9
8212,Madinaty,17336,4,1,0,7,9,9,10,7,4,1,1,1,5
8213,Heliopolis,30534,1,0,0,6,5,4,10,10,7,1,1,1,10
8214,Downtown Cairo,6369,1,0,1,9,7,9,2,8,4,1,1,0,10
8215,Haram,29381,3,1,0,6,9,3,2,3,6,0,1,1,5
8216,Haram,23558,5,1,0,4,6,4,3,8,4,0,0,1,7
8217,Dokki,26369,4,1,0,4,7,2,2,4,7,1,0,0,7
8218,Downtown Cairo,37650,5,0,0,5,3,2,4,7,5,1,1,1,6
8219,Haram,34954,5,1,0,9,10,5,4,8,10,0,1,0,10
8220,Haram,29407,5,1,0,10,3,6,5,7,3,1,1,1,5
8221,New Capital,39939,5,1,0,8,8,4,7,6,8,0,1,0,6
8222,6th of October,30767,5,0,0,3,6,3,3,4,6,0,1,0,5
8223,Maadi,6040,1,1,0,10,7,2,6,6,10,0,0,0,9
8224,Mohandeseen,27116,2,1,0,7,9,4,10,7,6,1,1,0,8
8225,New Capital,30170,4,1,1,7,5,2,7,8,6,1,1,0,4
8226,Maadi,10372,4,1,1,7,10,7,7,8,3,0,1,1,7
8227,Al Rehab,26369,1,1,1,2,10,4,8,8,4,1,1,1,7
8228,Dokki,11562,1,1,0,10,6,5,7,5,7,1,0,0,4
8229,Heliopolis,48544,5,1,1,7,8,9,1,4,5,1,0,0,6
8230,Madinaty,9900,2,0,0,8,5,6,10,9,4,1,1,1,5
8231,Nasr City,44733,4,1,1,2,9,6,1,6,6,0,1,1,7
8232,Al Rehab,25700,3,0,1,6,6,9,9,3,10,0,1,1,5
8233,Zamalek,45233,1,1,0,4,5,5,8,9,4,1,0,0,5
8234,Maadi,4589,3,1,0,10,4,9,8,8,8,0,1,0,6
8235,Zamalek,9063,4,0,0,3,3,6,6,8,10,0,1,1,6
8236,Faisal,24017,1,0,0,5,8,7,6,9,5,0,1,0,5
8237,Maadi,22374,4,1,0,4,6,2,2,9,8,0,0,0,5
8238,New Capital,26899,1,1,0,10,8,10,7,5,8,1,1,1,4
8239,Sheikh Zayed,5258,4,1,0,4,9,5,8,6,4,1,1,1,8
8240,El Shorouk,17598,3,0,0,2,9,2,2,4,2,0,0,0,6
8241,New Capital,6866,2,0,1,9,4,8,7,3,5,1,1,1,5
8242,Haram,45504,1,0,0,2,10,5,3,5,10,1,1,0,10
8243,Zamalek,34132,3,1,0,2,6,6,7,7,8,0,0,0,7
8244,Zamalek,33404,4,1,0,8,3,8,9,9,7,1,1,0,5
8245,Mokattam,49472,3,1,1,10,8,8,8,9,6,0,1,0,7
8246,Sheikh Zayed,4637,1,0,0,5,3,10,10,6,2,0,1,1,6
8247,Nasr City,28616,3,0,0,5,5,10,9,5,5,0,0,0,7
8248,Al Rehab,41650,4,0,1,6,8,8,8,7,4,1,1,1,8
8249,El Obour,19828,5,1,0,6,3,10,6,8,4,0,1,1,8
8250,Shoubra,30196,2,0,1,3,8,6,9,4,2,0,1,0,4
8251,El Obour,40440,2,1,0,10,8,3,2,10,4,0,1,0,5
8252,Maadi,49097,5,0,0,10,9,10,9,8,9,0,1,0,9
8253,Shoubra,36022,1,0,0,10,3,7,2,4,5,1,1,1,8
8254,Heliopolis,36202,3,1,0,10,3,7,9,9,8,0,1,0,10
8255,Mokattam,32704,3,0,0,2,7,10,1,10,3,0,0,0,7
8256,Zamalek,29875,5,1,1,9,7,2,6,7,8,0,1,0,7
8257,Helwan,27641,5,1,1,9,3,3,6,5,7,0,1,0,6
8258,Al Rehab,41479,4,0,1,5,9,4,8,6,9,0,1,0,5
8259,Faisal,17235,4,1,0,2,8,2,7,10,9,0,1,1,4
8260,New Cairo,26027,2,1,0,2,9,5,8,4,9,1,1,0,5
8261,Al Rehab,36927,1,1,1,2,8,3,7,4,5,1,1,0,4
8262,Nasr City,46912,1,0,1,4,7,4,4,10,10,0,0,0,6
8263,Helwan,46691,5,0,1,4,9,9,9,9,9,0,1,0,5
8264,Dokki,31022,2,1,1,5,6,5,2,5,5,0,1,0,7
8265,Madinaty,9938,2,1,1,3,8,10,10,8,3,1,1,1,10
8266,Al Rehab,48122,4,1,0,10,4,7,8,9,2,1,1,0,8
8267,New Cairo,46692,3,1,0,10,4,2,9,4,3,1,1,0,7
8268,New Capital,37348,1,0,0,8,7,7,10,3,6,0,1,0,4
8269,Madinaty,36209,2,1,1,3,9,8,9,7,6,1,1,1,8
8270,Madinaty,41242,4,1,0,4,4,5,9,6,3,0,1,1,7
8271,Mokattam,13941,4,1,1,9,7,9,1,5,5,1,1,1,9
8272,El Shorouk,11073,4,1,1,10,5,4,9,3,9,0,1,1,8
8273,Downtown Cairo,46430,3,1,1,5,10,8,9,4,2,0,1,0,4
8274,Madinaty,41827,2,0,0,10,8,8,8,4,3,1,1,1,8
8275,Madinaty,41096,5,1,0,5,3,5,8,10,3,1,1,0,7
8276,Faisal,4921,5,0,0,3,4,2,7,3,6,1,1,1,9
8277,Zamalek,6773,4,0,1,8,3,7,3,4,3,0,1,0,4
8278,Madinaty,8462,4,1,1,10,10,8,8,10,9,0,1,0,4
8279,Maadi,24960,3,1,1,3,9,4,5,7,4,0,1,1,6
8280,Helwan,34268,4,1,1,9,4,6,8,9,4,0,1,0,10
8281,Dokki,23818,2,1,0,7,10,9,9,4,9,0,1,0,5
8282,Dokki,43501,4,1,0,10,6,8,1,6,2,0,1,0,10
8283,New Capital,48542,4,0,0,6,6,3,8,7,5,1,1,1,9
8284,6th of October,46078,2,0,1,2,7,5,5,10,8,1,1,0,4
8285,Maadi,5865,1,1,0,6,3,8,1,5,6,1,1,0,8
8286,Mokattam,34706,5,0,0,8,7,10,6,9,4,0,0,0,7
8287,Helwan,32887,4,1,1,8,5,8,6,7,9,0,1,0,5
8288,Zamalek,34511,2,0,1,5,10,9,3,5,6,1,1,1,10
8289,6th of October,37479,5,1,1,7,7,10,4,5,7,1,1,0,7
8290,New Capital,44478,3,1,0,7,8,2,10,7,2,1,1,0,5
8291,Faisal,30401,1,1,0,2,9,4,5,6,4,0,0,0,5
8292,Sheikh Zayed,32502,4,0,0,6,8,7,7,10,5,0,1,1,10
8293,Mohandeseen,17394,1,0,1,8,7,9,10,9,5,0,1,0,6
8294,El Obour,37158,4,1,0,6,10,8,3,4,6,1,0,0,5
8295,Sheikh Zayed,13262,4,1,1,9,7,7,10,8,10,1,1,1,5
8296,6th of October,8487,4,0,0,2,4,5,6,7,5,0,0,0,4
8297,6th of October,31341,1,0,0,10,4,9,10,5,8,0,1,1,5
8298,Haram,47388,3,1,1,3,5,5,1,7,9,0,1,0,5
8299,El Shorouk,17570,2,0,0,9,3,7,9,5,8,0,1,0,6
8300,Madinaty,33605,2,0,0,6,6,4,10,5,3,1,1,1,9
8301,Al Rehab,10066,3,0,0,8,9,8,8,3,2,1,1,0,8
8302,Dokki,41262,3,1,0,8,3,7,3,8,6,0,0,0,9
8303,6th of October,30723,4,1,0,2,6,8,8,9,9,1,1,0,6
8304,Heliopolis,7572,4,0,0,9,4,6,6,6,2,0,1,0,4
8305,Faisal,16670,2,0,1,4,10,6,3,9,3,0,0,0,5
8306,Shoubra,31839,4,1,0,5,9,3,6,8,10,0,1,1,7
8307,Downtown Cairo,32401,4,0,0,4,7,7,6,10,7,0,1,0,8
8308,Dokki,14249,3,0,0,3,8,2,3,6,2,0,1,1,6
8309,Shoubra,6311,1,0,0,8,5,8,6,10,9,0,0,1,4
8310,Nasr City,36011,5,0,0,6,9,4,10,8,4,0,0,0,9
8311,Shoubra,47839,5,1,0,8,5,3,8,10,5,0,1,1,8
8312,Zamalek,43541,4,1,0,2,8,8,9,5,6,0,0,1,4
8313,Faisal,43673,4,1,0,3,5,10,3,9,10,1,1,0,7
8314,Nasr City,7642,5,1,0,7,3,2,2,5,6,1,1,0,8
8315,Dokki,10338,3,1,1,7,4,7,10,4,7,0,0,0,4
8316,Faisal,13622,5,1,0,4,9,9,10,5,8,1,1,0,6
8317,Nasr City,46873,5,0,0,2,4,3,7,5,6,0,1,0,8
8318,Helwan,43008,5,0,0,4,7,6,8,9,6,0,1,0,10
8319,Mohandeseen,11806,4,1,0,5,9,5,9,8,3,0,0,0,7
8320,Zamalek,4757,4,1,0,2,8,4,1,6,3,0,1,0,6
8321,Maadi,30710,5,1,1,8,8,9,1,5,7,1,1,0,5
8322,Downtown Cairo,25470,4,1,0,4,10,3,1,4,7,0,1,0,5
8323,New Capital,10220,5,1,0,9,3,2,10,10,7,1,1,1,8
8324,Haram,46872,3,0,1,8,7,2,3,10,4,1,1,0,4
8325,Al Rehab,30315,4,1,0,7,6,6,10,3,10,1,1,1,5
8326,Madinaty,31793,1,1,0,9,4,10,9,9,8,0,1,0,5
8327,Sheikh Zayed,18316,4,1,0,10,5,5,8,10,5,0,1,1,6
8328,Nasr City,46094,3,0,0,3,9,8,3,3,10,1,1,1,5
8329,Sheikh Zayed,26505,3,1,0,10,8,3,9,10,5,0,1,0,4
8330,El Obour,32288,4,1,0,6,7,4,4,8,4,0,1,0,6
8331,El Obour,12956,2,0,1,2,6,10,9,9,2,0,1,0,7
8332,Haram,23109,5,1,0,2,5,6,1,10,5,0,0,0,5
8333,Maadi,7497,5,1,0,8,5,7,1,4,4,0,0,0,4
8334,Shoubra,13864,3,0,1,7,7,4,5,8,4,0,1,0,4
8335,Zamalek,35510,4,1,1,10,7,7,8,9,7,0,1,0,8
8336,Faisal,31981,2,0,0,2,7,9,4,10,10,0,1,1,9
8337,6th of October,26026,1,1,0,8,10,2,9,5,2,0,1,0,7
8338,New Cairo,12774,5,0,0,9,4,9,8,4,10,1,1,0,7
8339,Dokki,25017,2,0,1,5,10,9,3,3,3,0,1,1,4
8340,Madinaty,5821,5,1,1,2,8,8,8,10,4,1,1,0,7
8341,Zamalek,49485,4,1,0,4,10,5,6,10,10,1,0,0,9
8342,Madinaty,22021,5,1,0,3,8,2,8,9,9,1,1,0,10
8343,6th of October,14372,1,1,1,4,3,3,8,10,10,0,1,0,9
8344,Downtown Cairo,45148,4,1,0,7,8,4,1,8,9,0,1,0,8
8345,Downtown Cairo,38514,3,1,1,4,7,6,10,6,7,1,1,0,9
8346,New Cairo,32402,2,1,1,5,10,4,9,5,10,0,1,0,10
8347,Nasr City,9797,5,0,1,2,8,9,7,5,4,0,1,0,8
8348,6th of October,20283,4,0,0,7,4,7,6,8,5,0,1,1,7
8349,6th of October,44857,4,1,1,3,9,4,7,8,2,1,1,0,8
8350,Dokki,48905,5,1,0,5,3,3,3,7,8,0,0,1,9
8351,El Shorouk,11597,3,1,0,6,9,4,3,5,3,0,1,0,7
8352,6th of October,34320,5,1,0,6,10,3,1,7,2,1,1,1,9
8353,Heliopolis,35261,3,1,0,5,6,4,7,7,9,0,1,0,7
8354,Maadi,10107,5,1,0,4,3,10,4,6,10,0,0,1,6
8355,6th of October,29760,4,1,1,5,10,2,9,7,5,1,1,1,10
8356,Helwan,39561,1,1,1,4,10,4,5,7,10,0,1,1,4
8357,Zamalek,15138,1,1,1,4,4,8,5,7,4,0,1,0,5
8358,Faisal,39268,4,1,0,5,4,3,9,7,9,0,0,0,8
8359,Heliopolis,35608,1,0,0,10,8,4,1,7,6,1,1,0,10
8360,Nasr City,17138,3,0,1,10,3,7,6,4,3,0,1,0,4
8361,Maadi,45129,4,0,1,9,3,3,8,7,6,0,1,0,8
8362,6th of October,41693,3,0,1,5,8,2,1,8,7,0,1,1,5
8363,Mokattam,21464,4,1,0,3,10,3,10,4,6,0,0,0,7
8364,Sheikh Zayed,25248,3,0,1,10,9,5,7,10,8,1,1,0,4
8365,Sheikh Zayed,41221,3,0,1,7,4,6,7,4,5,1,1,1,5
8366,Downtown Cairo,22632,1,1,0,9,4,2,6,4,8,0,1,0,8
8367,Mohandeseen,16100,4,1,0,5,10,5,9,8,10,0,1,0,10
8368,Sheikh Zayed,5325,5,1,1,9,6,6,9,5,3,0,1,1,5
8369,Shoubra,15369,1,0,0,7,4,5,4,4,10,0,0,0,10
8370,Sheikh Zayed,14340,3,1,0,7,4,3,10,9,3,1,1,0,8
8371,Shoubra,17408,3,0,0,7,5,2,5,5,8,0,1,0,9
8372,El Shorouk,23369,5,1,0,10,5,5,1,10,6,0,1,0,8
8373,Shoubra,22460,5,1,0,2,10,3,1,4,5,0,1,0,4
8374,Faisal,30105,3,1,0,2,5,10,2,4,8,0,1,1,5
8375,Mohandeseen,35384,5,0,0,6,10,5,1,4,2,1,0,0,10
8376,Heliopolis,5461,2,1,1,2,7,4,3,6,4,0,1,0,4
8377,Madinaty,46362,1,1,0,10,8,8,8,5,3,1,1,0,10
8378,Nasr City,36840,4,0,0,5,7,4,10,5,3,0,1,0,5
8379,Haram,32610,5,0,0,3,4,9,7,6,6,1,1,0,10
8380,Madinaty,42798,5,1,1,4,5,6,10,7,3,1,1,0,9
8381,Madinaty,24995,2,1,0,10,8,5,10,4,4,0,1,0,8
8382,Dokki,23180,4,1,0,9,6,2,4,3,8,0,1,0,10
8383,Haram,11717,2,1,0,4,6,6,8,5,3,0,1,1,10
8384,Zamalek,17331,4,0,1,9,9,10,10,5,5,1,1,1,9
8385,Dokki,17936,1,0,0,5,6,9,1,9,3,0,0,1,7
8386,Zamalek,33550,5,1,0,7,4,5,8,3,9,0,1,0,6
8387,Downtown Cairo,24615,1,1,1,5,8,10,8,3,7,1,1,1,7
8388,Sheikh Zayed,7576,4,0,0,6,5,8,7,8,9,1,1,1,4
8389,New Capital,44868,5,1,0,10,4,3,7,3,7,1,1,1,5
8390,Madinaty,36503,2,0,0,3,9,8,9,10,2,0,1,0,10
8391,6th of October,9728,3,1,0,10,9,5,10,6,10,1,1,0,4
8392,Maadi,36800,2,0,0,4,10,6,5,4,10,1,1,0,9
8393,Mokattam,14886,3,0,0,6,10,2,7,4,6,0,0,0,7
8394,Shoubra,18078,2,0,1,8,4,5,5,3,8,1,0,0,6
8395,Zamalek,8373,4,0,0,3,6,3,10,7,4,0,1,0,6
8396,Maadi,49805,1,1,0,5,5,10,2,4,3,0,1,0,9
8397,Dokki,36532,3,1,1,2,7,9,2,7,9,0,0,0,7
8398,Madinaty,39160,4,1,1,4,10,4,8,4,4,1,1,0,9
8399,New Capital,32688,1,1,0,7,10,8,9,9,3,1,1,0,7
8400,Zamalek,15063,1,0,0,3,3,8,7,9,8,1,0,1,5
8401,El Obour,27089,5,1,0,9,4,7,5,8,10,0,1,1,9
8402,Zamalek,37585,5,1,1,8,5,4,3,9,7,1,1,0,5
8403,Nasr City,10203,5,0,0,4,3,10,10,7,3,0,1,0,9
8404,Shoubra,6438,3,0,0,2,3,10,10,6,3,1,1,1,5
8405,Downtown Cairo,31559,3,1,1,5,9,7,9,4,2,0,1,0,4
8406,Helwan,27212,1,0,0,5,7,4,8,4,10,1,1,0,4
8407,Shoubra,10641,3,0,0,6,7,5,2,5,5,0,0,1,7
8408,El Obour,20983,1,1,0,4,10,6,3,4,5,1,0,0,4
8409,Al Rehab,18026,4,1,1,3,4,10,8,5,5,0,1,1,7
8410,Helwan,23636,2,1,1,3,4,4,9,8,2,1,1,0,8
8411,Helwan,38603,1,1,0,9,10,10,2,3,9,0,0,1,6
8412,Maadi,16222,1,0,0,8,10,6,10,5,10,1,0,0,4
8413,El Obour,6177,4,1,1,2,5,7,7,10,10,0,0,0,9
8414,Mokattam,44910,5,1,1,10,9,3,8,3,10,0,1,0,4
8415,Al Rehab,36916,5,1,0,4,7,3,10,4,7,1,1,0,9
8416,Madinaty,17105,5,0,0,4,8,3,10,5,8,1,1,0,10
8417,New Cairo,38512,1,1,1,2,9,8,8,3,2,0,1,0,7
8418,Helwan,5646,1,1,0,5,7,7,3,8,6,1,1,0,8
8419,Downtown Cairo,13864,3,1,0,3,8,8,8,5,7,1,1,0,8
8420,6th of October,30515,3,0,0,4,5,4,10,3,9,1,1,0,10
8421,Madinaty,27762,2,0,1,2,8,5,7,5,2,0,1,1,7
8422,Mohandeseen,40435,2,0,0,4,7,7,2,8,9,0,1,0,9
8423,El Obour,20960,3,0,0,5,6,4,6,3,8,1,1,1,9
8424,Haram,48055,1,1,1,7,3,2,2,8,3,1,1,0,8
8425,Nasr City,31607,4,1,0,4,6,7,10,7,8,0,0,0,8
8426,Heliopolis,20302,3,1,0,7,10,3,2,4,5,0,0,0,4
8427,Helwan,49778,1,1,0,3,3,8,3,4,7,1,1,0,8
8428,Al Rehab,34941,3,0,0,9,10,6,9,5,10,0,1,1,4
8429,New Capital,35321,5,1,0,6,8,2,10,9,5,1,1,0,4
8430,Shoubra,34313,3,0,0,2,5,10,9,3,3,0,1,0,9
8431,6th of October,41547,5,0,0,7,5,3,9,7,10,0,0,0,5
8432,Maadi,44955,1,0,0,4,3,3,2,4,2,1,1,0,10
8433,Nasr City,17029,5,1,1,5,3,5,2,5,7,0,1,0,6
8434,Zamalek,39740,3,1,1,9,3,3,6,4,8,0,1,0,4
8435,Sheikh Zayed,22429,5,0,0,9,3,7,7,8,9,0,1,0,4
8436,Sheikh Zayed,32512,4,1,1,9,4,6,9,7,5,1,1,0,10
8437,New Cairo,15140,5,0,1,6,7,4,10,10,2,1,1,1,7
8438,6th of October,18847,5,0,0,2,7,3,9,4,2,1,1,0,6
8439,El Shorouk,38256,2,1,1,10,5,7,1,8,2,0,1,1,10
8440,Madinaty,32774,4,0,0,10,4,3,8,9,4,0,1,0,5
8441,Maadi,13127,1,1,1,9,3,5,5,10,10,0,1,0,10
8442,Al Rehab,32205,5,1,1,4,4,6,7,10,7,1,1,1,10
8443,Madinaty,46674,4,0,1,7,3,9,10,8,8,1,1,1,8
8444,Heliopolis,38570,1,0,0,8,8,2,6,8,8,0,0,1,9
8445,Haram,19627,4,1,0,5,7,8,8,6,3,0,1,0,4
8446,Maadi,40288,2,0,0,8,3,7,8,8,7,0,1,0,6
8447,Maadi,42664,1,1,0,10,8,4,6,10,10,0,1,0,10
8448,Madinaty,36333,1,1,0,7,7,2,10,7,5,1,1,1,6
8449,Shoubra,40079,5,1,0,3,3,3,10,9,9,0,0,0,6
8450,El Shorouk,22689,3,1,1,7,8,2,8,3,9,1,1,0,4
8451,Zamalek,28259,1,1,1,4,9,4,1,7,4,0,1,0,8
8452,Mohandeseen,30571,1,0,1,8,10,2,9,5,8,1,1,1,6
8453,Shoubra,12009,2,0,0,4,5,6,9,3,9,1,0,0,6
8454,Haram,48674,2,1,0,9,7,7,8,4,7,0,1,0,9
8455,El Obour,48995,2,0,0,6,8,2,4,7,5,0,1,0,6
8456,Downtown Cairo,42230,5,1,0,4,5,2,1,3,9,1,1,0,7
8457,El Shorouk,49828,1,1,0,2,4,5,2,4,5,1,0,0,5
8458,Mohandeseen,40226,2,0,0,6,9,5,1,8,7,1,0,0,8
8459,Madinaty,40498,2,0,1,4,10,9,7,7,3,0,1,1,7
8460,Mokattam,32820,4,1,1,5,3,8,9,3,3,1,0,0,10
8461,Nasr City,44315,4,1,1,5,4,8,6,8,5,0,1,1,8
8462,Haram,33482,2,0,0,4,3,10,5,5,7,0,1,1,7
8463,Faisal,36795,5,1,0,7,7,9,8,8,4,0,1,0,6
8464,Downtown Cairo,23875,3,1,1,7,10,4,10,9,4,1,1,0,10
8465,Heliopolis,43191,4,0,0,2,10,5,3,4,7,1,0,0,5
8466,Al Rehab,16453,4,0,0,5,3,9,8,4,9,1,1,0,4
8467,Al Rehab,13260,1,0,0,2,8,6,9,5,7,1,1,1,8
8468,New Capital,49244,1,1,1,8,6,6,10,5,9,1,1,0,8
8469,New Capital,49706,2,1,0,8,6,9,10,5,5,1,1,0,5
8470,Haram,46817,1,1,0,7,6,9,7,3,6,1,0,0,7
8471,Haram,29898,1,0,1,3,5,7,3,5,4,1,0,0,8
8472,Madinaty,9614,3,1,0,5,6,10,8,8,8,0,1,0,10
8473,Maadi,35843,5,1,1,4,3,5,7,8,8,0,0,1,5
8474,6th of October,48451,2,0,0,9,4,2,1,6,7,1,0,0,9
8475,Mokattam,15687,3,0,1,3,5,3,1,8,5,0,0,0,6
8476,Faisal,7801,2,1,0,3,10,2,9,10,8,1,1,1,4
8477,Madinaty,45048,5,1,0,2,7,5,8,3,4,0,1,1,5
8478,Sheikh Zayed,44144,2,1,1,10,9,10,10,5,7,1,1,1,4
8479,Heliopolis,32942,1,1,0,4,5,7,5,5,5,1,1,1,5
8480,Mokattam,14148,5,0,0,9,8,7,2,6,6,1,0,0,8
8481,Sheikh Zayed,21283,3,0,0,8,10,7,7,7,7,1,1,1,10
8482,Downtown Cairo,23861,3,0,0,2,8,2,9,10,8,1,1,1,5
8483,Shoubra,38512,4,0,1,7,4,2,10,5,8,0,1,0,10
8484,Dokki,26480,3,1,0,9,9,4,5,4,8,0,1,1,4
8485,Helwan,22637,4,1,0,7,6,6,1,5,6,0,1,1,5
8486,Faisal,48621,1,0,0,10,9,3,8,3,8,0,1,0,6
8487,Faisal,38401,3,1,0,4,4,2,6,3,6,0,0,0,7
8488,Helwan,27385,5,0,0,7,5,10,2,10,6,0,1,1,7
8489,Heliopolis,29437,4,0,1,5,5,2,6,5,4,1,0,0,8
8490,Al Rehab,12149,3,0,0,4,5,5,8,3,10,1,1,0,6
8491,Shoubra,18671,1,0,1,9,4,10,3,9,10,0,1,0,6
8492,Mohandeseen,41469,5,0,1,8,3,3,5,9,2,0,0,0,7
8493,Al Rehab,27119,5,0,0,8,3,4,10,10,5,0,1,0,5
8494,Dokki,37781,1,1,1,6,8,5,10,8,4,1,1,0,8
8495,Faisal,20279,3,0,1,2,6,3,2,9,5,0,0,0,10
8496,Madinaty,7299,2,1,1,7,9,3,10,9,3,1,1,0,5
8497,6th of October,38274,3,0,0,7,8,7,5,4,7,0,0,0,7
8498,Sheikh Zayed,8803,4,1,0,4,7,6,10,10,7,0,1,0,5
8499,Downtown Cairo,21361,4,1,1,6,4,6,9,8,8,0,0,0,6
8500,El Obour,22201,3,1,1,10,3,10,10,5,7,1,0,0,8
8501,Maadi,32634,4,1,0,8,6,8,4,10,9,0,0,0,7
8502,Maadi,18760,2,1,1,9,7,10,7,4,5,0,1,0,7
8503,Shoubra,14826,2,0,1,10,6,2,5,6,3,1,0,0,4
8504,6th of October,25285,5,1,0,7,10,3,5,7,8,0,1,0,4
8505,El Obour,49775,4,0,0,6,6,6,6,6,2,0,1,0,7
8506,New Cairo,13140,3,0,0,6,8,8,9,5,2,1,1,1,9
8507,6th of October,10798,5,0,1,6,8,9,4,7,6,0,0,0,5
8508,El Obour,4567,2,1,0,5,10,8,9,5,6,0,1,0,10
8509,Maadi,15624,5,0,0,3,7,10,6,10,6,0,1,0,4
8510,Mohandeseen,16215,1,1,1,8,9,4,8,8,4,0,1,0,7
8511,6th of October,11966,4,0,0,8,5,6,4,10,7,0,1,0,6
8512,Shoubra,44888,3,1,0,9,3,7,9,10,3,1,0,0,4
8513,Maadi,33753,2,0,0,9,9,8,9,8,9,0,1,0,9
8514,Heliopolis,48104,5,1,0,9,3,8,1,10,9,0,1,1,4
8515,Mohandeseen,41078,3,1,0,10,7,5,1,8,6,0,1,0,8
8516,Nasr City,49955,4,1,0,7,10,2,7,9,7,0,1,1,4
8517,6th of October,5982,3,1,1,5,3,9,3,7,3,0,1,1,6
8518,Zamalek,37864,4,1,0,3,4,2,7,5,6,1,1,0,9
8519,6th of October,17582,4,1,0,6,4,2,1,7,9,0,0,0,5
8520,Madinaty,23954,4,1,1,7,4,10,8,4,8,1,1,1,4
8521,Sheikh Zayed,43265,5,1,0,8,7,4,10,3,10,1,1,0,6
8522,New Cairo,48350,4,0,0,7,8,10,8,5,10,1,1,1,8
8523,Madinaty,19378,3,0,0,5,6,2,10,6,9,0,1,0,10
8524,Downtown Cairo,47632,1,0,0,5,6,8,5,6,3,0,1,0,4
8525,Al Rehab,8279,3,1,1,8,5,6,9,5,5,1,1,1,10
8526,Mokattam,31924,5,1,1,2,5,5,4,4,5,0,1,0,4
8527,Heliopolis,21057,4,0,1,4,10,6,9,5,9,0,1,0,9
8528,El Shorouk,11312,1,0,1,3,4,2,2,10,3,0,1,0,5
8529,El Obour,34353,5,1,0,3,10,8,4,7,10,0,0,0,9
8530,Helwan,39137,2,0,0,8,4,3,2,3,3,0,0,0,4
8531,Shoubra,24914,2,1,0,6,7,10,10,4,5,0,1,0,5
8532,New Cairo,20192,2,1,0,4,4,6,8,8,4,1,1,0,6
8533,Maadi,21450,1,1,0,10,4,6,6,3,9,0,0,0,10
8534,Al Rehab,9432,3,1,0,10,4,4,8,6,2,0,1,1,8
8535,6th of October,35012,1,1,0,4,3,3,10,3,8,0,1,0,5
8536,New Cairo,37455,1,1,0,3,6,9,10,9,8,0,1,1,10
8537,Haram,17175,1,1,0,4,9,10,6,3,10,0,0,0,4
8538,New Capital,4068,2,1,0,10,3,4,8,5,9,0,1,0,5
8539,Downtown Cairo,14295,3,1,0,9,8,9,1,9,7,0,1,0,5
8540,Mokattam,10774,1,1,0,4,4,7,5,10,7,1,1,0,4
8541,Maadi,16190,3,0,0,5,9,10,3,9,7,1,1,0,10
8542,Helwan,35286,4,1,0,6,4,5,3,9,6,0,0,0,10
8543,Mohandeseen,14789,1,1,0,5,10,4,10,8,2,0,1,1,7
8544,Madinaty,32914,1,0,0,3,3,8,10,9,3,1,1,0,7
8545,Haram,35944,1,1,0,10,3,2,3,9,7,0,1,0,10
8546,Faisal,10891,4,0,1,3,7,4,6,9,3,1,1,1,10
8547,Mohandeseen,25977,4,1,0,6,7,8,7,9,6,0,1,0,8
8548,Mohandeseen,34351,2,1,1,10,10,8,6,6,2,1,0,0,7
8549,New Cairo,14316,5,0,0,9,10,10,9,3,2,1,1,1,9
8550,New Cairo,37207,3,1,0,2,4,10,10,7,7,1,1,0,5
8551,El Shorouk,29654,5,1,1,4,3,8,4,3,2,0,1,0,10
8552,Helwan,11466,1,1,0,10,8,4,6,5,5,0,1,0,10
8553,Sheikh Zayed,21637,1,0,0,4,7,4,10,4,3,1,1,0,6
8554,Helwan,7209,2,0,0,5,10,6,10,4,10,0,0,1,8
8555,Mokattam,40317,5,1,1,4,9,10,7,9,2,1,0,0,7
8556,Faisal,7078,1,0,0,8,5,2,6,10,4,0,1,1,4
8557,6th of October,31299,5,1,0,10,3,2,6,4,8,1,0,1,7
8558,El Shorouk,40258,2,1,1,5,6,10,3,10,2,0,0,0,9
8559,Nasr City,7543,5,1,0,10,9,8,1,7,2,0,1,0,5
8560,Al Rehab,33091,3,0,0,3,5,5,9,3,7,1,1,0,6
8561,New Capital,32947,2,0,0,3,5,2,10,8,7,0,1,1,9
8562,New Cairo,26064,5,1,0,10,10,7,10,8,5,0,1,1,7
8563,Downtown Cairo,10751,1,1,0,8,9,10,3,9,4,0,1,0,6
8564,Mokattam,18906,4,1,0,6,8,7,1,6,2,0,0,0,10
8565,Al Rehab,22096,4,1,0,6,3,6,8,3,9,1,1,0,10
8566,New Capital,18425,2,1,0,10,9,2,8,4,9,1,1,0,4
8567,Mohandeseen,15811,4,0,0,5,10,10,7,10,8,0,0,0,5
8568,Sheikh Zayed,21578,3,0,1,2,8,10,9,4,5,0,1,0,5
8569,El Shorouk,10781,2,0,0,7,9,2,3,9,3,1,1,0,4
8570,Mohandeseen,25290,1,0,0,4,4,5,9,6,8,1,1,0,7
8571,Heliopolis,19563,1,1,0,3,6,2,9,3,9,0,0,0,5
8572,Downtown Cairo,29888,2,1,0,5,7,5,5,4,6,0,0,0,6
8573,El Shorouk,31491,4,1,1,10,8,8,7,6,10,0,1,0,4
8574,Shoubra,36352,4,1,0,9,7,9,1,5,9,0,0,0,8
8575,Shoubra,25676,1,1,0,8,10,4,6,10,5,0,1,1,8
8576,New Capital,4300,3,1,0,3,4,4,10,9,10,1,1,0,10
8577,New Capital,41463,4,1,0,2,6,6,9,4,2,1,1,0,7
8578,Sheikh Zayed,48942,3,1,1,8,8,7,8,5,10,1,1,1,6
8579,Al Rehab,25008,4,0,0,6,10,4,10,3,2,1,1,1,4
8580,El Obour,24221,2,1,0,9,6,7,6,10,6,0,1,0,7
8581,6th of October,33334,5,1,0,6,5,8,7,7,6,0,1,0,7
8582,Sheikh Zayed,47518,1,1,0,6,5,7,9,8,9,1,1,0,4
8583,El Shorouk,24301,2,0,0,9,6,7,10,3,6,0,1,0,9
8584,6th of October,11307,4,0,1,10,8,3,3,7,9,0,0,0,10
8585,El Obour,33251,1,0,0,3,8,5,7,6,2,0,0,0,7
8586,Shoubra,38157,5,0,1,9,8,2,10,7,4,0,0,0,9
8587,Heliopolis,12882,5,1,0,8,10,6,2,6,8,0,1,0,7
8588,Madinaty,14040,4,1,0,9,3,4,8,4,7,0,1,1,10
8589,El Obour,10141,1,1,0,4,8,4,1,3,6,0,0,0,5
8590,Dokki,49878,4,0,1,5,3,5,2,6,8,0,1,1,8
8591,Faisal,9969,5,0,0,8,3,10,2,9,6,0,1,1,9
8592,Faisal,17162,2,1,0,6,6,7,9,10,8,0,1,1,6
8593,Helwan,13131,2,1,0,8,7,9,3,3,4,1,1,1,9
8594,El Obour,9037,3,1,1,7,3,6,1,3,7,0,1,0,10
8595,El Obour,26378,5,1,1,5,7,7,2,6,3,0,0,0,8
8596,Maadi,18693,5,1,0,3,3,4,10,6,2,1,1,0,4
8597,Madinaty,30626,4,1,1,7,6,8,7,10,3,1,1,0,9
8598,El Obour,6451,3,1,0,7,10,10,10,7,5,0,1,0,8
8599,6th of October,4024,3,1,0,7,3,10,2,4,7,1,1,1,9
8600,Zamalek,9962,1,1,0,2,10,8,4,4,6,0,0,0,9
8601,Mokattam,39324,4,1,0,7,8,4,9,5,9,0,1,0,8
8602,Shoubra,35415,2,1,1,3,7,6,9,7,3,1,0,0,8
8603,New Capital,28016,1,0,0,6,4,10,10,7,4,0,1,0,10
8604,Downtown Cairo,20444,3,1,0,8,8,10,1,3,3,0,1,0,10
8605,Zamalek,44443,2,0,1,2,7,4,10,10,3,0,1,1,10
8606,Helwan,20506,5,0,0,6,4,6,5,3,5,1,1,1,5
8607,El Obour,42384,4,1,0,10,10,2,5,6,3,1,1,0,8
8608,Downtown Cairo,47062,3,1,0,4,8,8,2,9,3,1,0,0,8
8609,Shoubra,35693,5,1,0,3,7,3,7,5,4,0,0,1,8
8610,Shoubra,28248,3,0,0,3,8,7,1,3,2,0,1,1,4
8611,Maadi,46690,2,1,1,4,10,7,1,7,6,0,1,0,6
8612,Helwan,8089,1,1,0,2,8,8,10,5,5,0,1,1,9
8613,Al Rehab,6472,2,1,1,3,10,4,9,7,2,0,1,1,9
8614,Mohandeseen,47237,4,1,0,7,9,9,10,7,7,1,1,1,8
8615,New Capital,44218,4,1,0,9,9,6,7,7,8,1,1,1,5
8616,New Cairo,39732,3,1,0,5,3,5,10,4,5,0,1,1,4
8617,El Shorouk,12104,2,0,0,3,3,10,4,7,4,1,0,0,7
8618,New Capital,21694,1,0,1,6,7,10,8,4,10,0,1,1,7
8619,Shoubra,28730,4,0,0,4,3,3,4,10,4,0,0,0,5
8620,Mokattam,38980,1,1,0,6,3,2,8,3,6,0,1,0,4
8621,Shoubra,13454,5,0,0,4,6,4,1,7,6,1,1,0,7
8622,Helwan,43560,3,1,1,5,5,9,3,8,8,1,1,1,6
8623,Al Rehab,13554,1,0,1,6,5,5,9,6,2,1,1,0,4
8624,Helwan,29513,3,0,0,8,8,6,1,8,4,0,1,0,9
8625,Faisal,45471,5,0,0,3,9,6,3,6,4,0,1,0,8
8626,Zamalek,49987,1,1,0,7,7,3,4,8,9,0,1,0,6
8627,El Shorouk,34985,1,1,1,7,10,2,6,4,4,1,1,0,9
8628,Downtown Cairo,28762,5,0,1,7,10,9,3,9,8,1,1,0,6
8629,Haram,44428,2,0,0,8,10,6,8,4,10,0,0,0,6
8630,Mokattam,5702,1,1,1,4,5,3,8,5,9,0,1,0,5
8631,Zamalek,21038,1,1,0,6,4,8,3,7,7,0,1,0,5
8632,El Obour,26219,4,1,1,10,7,3,3,7,6,0,0,1,7
8633,Downtown Cairo,8271,2,1,1,10,10,7,6,9,8,1,1,1,9
8634,Dokki,31397,1,1,1,8,10,10,1,7,10,0,1,0,7
8635,Downtown Cairo,12955,5,1,0,10,7,5,1,7,7,0,1,1,7
8636,New Capital,33602,3,0,0,4,4,6,10,10,3,1,1,0,10
8637,Madinaty,48227,5,1,1,8,5,2,9,5,9,1,1,0,5
8638,Mokattam,35545,2,1,0,2,4,2,7,3,5,1,1,0,4
8639,Heliopolis,27116,4,0,0,8,3,10,1,4,7,0,1,0,8
8640,Mokattam,10674,4,0,1,4,7,6,2,4,3,0,1,0,8
8641,El Shorouk,21469,4,1,0,4,6,4,9,6,7,0,1,0,4
8642,Al Rehab,9446,5,0,0,8,9,3,10,8,3,0,1,0,5
8643,New Capital,24760,3,1,0,9,4,8,10,9,2,1,1,0,8
8644,Faisal,5963,3,1,0,5,9,5,8,7,6,0,0,0,6
8645,Maadi,46745,1,0,0,2,7,4,2,4,5,0,0,0,6
8646,New Capital,14466,3,0,0,6,10,3,7,10,5,1,1,0,7
8647,Zamalek,31262,3,1,0,5,10,5,7,6,2,0,1,0,7
8648,Mohandeseen,9177,1,0,0,10,8,10,2,9,10,0,1,0,10
8649,Mokattam,15160,5,0,0,4,8,8,3,5,9,0,1,0,9
8650,6th of October,41340,5,0,1,5,9,2,10,6,2,1,1,1,6
8651,Maadi,11543,2,1,0,4,7,4,9,8,6,0,1,1,4
8652,Nasr City,45675,5,1,1,4,4,6,4,7,10,0,1,0,6
8653,Mohandeseen,20626,4,1,0,8,9,8,7,6,2,1,1,0,9
8654,Shoubra,43278,4,0,1,6,6,6,6,7,4,0,1,0,4
8655,Shoubra,33607,2,1,0,6,7,10,7,10,5,0,1,0,6
8656,El Obour,24299,3,0,0,5,10,8,7,5,3,0,1,0,4
8657,New Capital,21221,2,1,0,9,3,2,10,5,10,1,1,0,5
8658,Downtown Cairo,7323,1,0,1,2,3,7,1,10,2,1,1,0,5
8659,Zamalek,46305,2,1,1,10,9,3,10,5,5,0,1,0,5
8660,New Cairo,14615,2,1,1,10,10,7,9,8,4,1,1,0,5
8661,Heliopolis,5432,4,0,0,6,3,4,7,6,10,1,1,0,4
8662,Mokattam,27238,1,1,0,2,6,3,2,7,4,0,1,0,6
8663,Sheikh Zayed,44423,1,0,0,3,5,4,10,4,8,1,1,1,4
8664,Haram,12431,2,0,0,3,3,5,9,7,3,1,1,1,5
8665,Downtown Cairo,12330,1,1,0,7,9,2,5,6,9,0,1,0,10
8666,6th of October,48153,1,0,0,10,9,5,7,5,3,0,0,0,8
8667,Haram,12611,5,0,0,4,4,7,1,3,10,0,0,0,7
8668,New Cairo,17872,1,1,1,9,10,6,10,4,10,1,1,1,10
8669,Madinaty,38930,3,0,0,3,5,6,7,9,10,1,1,1,10
8670,Helwan,10486,1,1,0,6,4,10,5,7,7,0,1,0,4
8671,Dokki,40870,4,0,0,5,6,10,1,8,8,0,1,1,9
8672,Downtown Cairo,27258,5,0,1,6,3,10,10,9,5,0,0,0,9
8673,Zamalek,47186,4,1,1,5,7,8,7,7,3,0,0,1,10
8674,Al Rehab,5168,4,0,0,2,9,10,9,3,4,0,1,1,5
8675,Helwan,4415,3,1,0,2,3,9,3,8,4,0,1,0,8
8676,Nasr City,14905,5,0,0,7,6,9,5,5,2,0,0,0,7
8677,Dokki,9243,2,0,0,9,3,6,9,10,4,0,1,0,4
8678,Faisal,20533,1,0,0,8,9,10,10,3,5,0,1,1,9
8679,Downtown Cairo,31020,3,0,0,5,10,9,4,5,5,0,1,1,9
8680,New Cairo,26908,3,1,0,6,3,8,8,9,4,1,1,1,9
8681,Downtown Cairo,9899,2,0,1,9,3,9,8,8,5,0,1,1,10
8682,Nasr City,37606,3,1,0,7,6,10,10,9,5,1,1,0,7
8683,El Shorouk,42912,2,0,0,9,10,8,4,9,4,0,1,0,6
8684,New Capital,13888,2,0,0,7,3,10,7,7,6,0,1,0,7
8685,Nasr City,49299,2,0,1,9,8,9,2,8,4,0,1,0,4
8686,New Cairo,19935,3,1,0,5,7,3,9,5,9,1,1,0,8
8687,6th of October,11466,2,0,0,3,10,4,1,4,4,0,1,0,10
8688,6th of October,19095,3,0,1,4,10,7,5,6,4,0,1,0,7
8689,Dokki,15193,5,1,0,6,9,7,8,6,9,0,0,0,7
8690,Maadi,5320,2,0,0,5,9,8,6,5,2,0,1,0,4
8691,Shoubra,16227,3,0,0,6,7,3,10,7,5,0,1,0,6
8692,6th of October,21907,3,0,1,2,5,2,4,7,4,0,0,0,10
8693,El Obour,42002,3,0,0,2,10,6,9,8,2,0,0,0,10
8694,Faisal,48838,1,1,0,3,5,3,3,8,2,0,0,0,7
8695,New Capital,42912,1,0,0,3,5,10,7,5,8,0,1,0,6
8696,Helwan,4552,2,1,0,9,5,4,1,9,5,0,1,1,8
8697,Heliopolis,24140,5,1,0,5,10,3,4,10,6,0,1,0,8
8698,Sheikh Zayed,24055,2,1,0,7,7,8,7,10,3,1,1,0,5
8699,Zamalek,37367,4,0,0,3,10,7,3,3,4,0,1,0,6
8700,Haram,19098,4,1,0,2,5,9,2,10,2,1,1,0,6
8701,Faisal,28061,5,0,0,8,4,10,4,3,5,0,1,0,7
8702,6th of October,35054,5,1,0,5,8,4,4,3,9,1,1,0,9
8703,El Obour,18800,5,1,0,5,6,9,9,7,4,0,1,0,9
8704,Mohandeseen,46124,1,0,1,3,8,5,10,5,2,1,0,0,9
8705,El Obour,49638,1,1,1,10,6,3,6,9,5,1,0,0,9
8706,Downtown Cairo,49192,4,1,0,3,7,5,6,10,10,0,0,0,10
8707,Al Rehab,29579,5,0,0,6,10,5,10,5,9,0,1,1,4
8708,El Shorouk,5982,3,0,0,7,6,9,6,7,4,0,1,0,4
8709,Mokattam,44598,4,0,1,4,6,9,8,5,5,0,1,0,8
8710,Sheikh Zayed,39765,5,0,1,4,9,8,8,4,6,1,1,1,9
8711,Zamalek,21070,3,0,0,7,3,5,1,10,8,0,1,0,6
8712,Sheikh Zayed,34886,5,1,1,6,10,3,7,3,2,0,1,0,8
8713,Faisal,48374,2,0,1,6,5,2,8,9,4,0,1,0,6
8714,6th of October,38527,3,0,1,6,9,3,1,5,2,0,1,0,6
8715,Madinaty,43791,2,1,1,10,5,3,9,7,4,1,1,1,8
8716,Sheikh Zayed,33513,1,1,1,9,9,4,7,10,7,1,1,1,6
8717,New Capital,26592,4,1,0,5,9,6,8,5,10,1,1,1,7
8718,6th of October,27618,5,1,0,7,3,2,4,8,7,0,1,1,9
8719,El Obour,19409,4,1,1,6,7,6,3,8,9,0,1,0,6
8720,El Shorouk,13529,5,0,0,7,4,8,1,7,5,0,0,0,5
8721,Al Rehab,28154,2,1,0,9,7,2,7,5,6,1,1,1,6
8722,El Shorouk,36882,3,1,0,7,4,5,9,6,9,0,0,1,4
8723,Haram,48917,3,1,1,7,4,3,3,4,2,0,0,0,5
8724,El Shorouk,20952,5,0,0,3,9,9,1,6,9,0,0,0,7
8725,Shoubra,19701,2,1,0,8,3,3,1,5,3,1,1,0,10
8726,Nasr City,13745,5,1,0,4,7,2,1,8,7,0,1,0,6
8727,New Capital,28335,5,0,1,8,5,3,10,10,5,0,1,1,8
8728,El Shorouk,6689,5,1,0,6,10,5,5,8,5,0,0,0,8
8729,Al Rehab,6988,3,0,0,5,9,6,10,10,6,1,1,0,5
8730,6th of October,39919,5,1,0,2,8,3,10,8,2,0,1,0,10
8731,Haram,48487,3,1,0,9,7,5,7,7,5,1,1,0,7
8732,New Cairo,13013,1,0,0,3,7,8,9,5,9,0,1,1,6
8733,New Capital,43113,2,1,1,9,8,6,7,7,10,1,1,1,7
8734,Helwan,7574,1,1,1,8,4,9,2,8,3,0,1,0,10
8735,Mokattam,36480,5,0,0,4,4,10,2,10,7,0,1,0,4
8736,Zamalek,11838,3,0,0,8,5,2,2,3,6,0,1,0,5
8737,Helwan,32363,2,1,1,2,10,2,1,3,9,0,1,0,4
8738,Mohandeseen,35368,4,1,0,6,8,4,6,5,9,0,0,0,5
8739,Nasr City,36228,2,1,0,3,8,9,4,3,9,1,1,1,8
8740,Nasr City,32639,2,1,1,3,5,2,3,5,2,0,0,0,9
8741,6th of October,18823,5,1,1,4,8,3,1,8,5,0,1,1,7
8742,New Cairo,27510,1,1,1,8,4,2,8,3,3,1,1,1,7
8743,Faisal,42333,1,0,0,3,7,2,9,8,5,0,1,0,7
8744,6th of October,8435,4,1,1,5,4,10,4,4,7,1,1,1,10
8745,Haram,42418,5,1,0,5,6,2,1,6,5,0,1,0,4
8746,Shoubra,24553,2,1,0,2,6,5,3,3,6,0,1,1,6
8747,Zamalek,11436,1,0,1,8,4,8,9,10,4,1,1,1,6
8748,Maadi,40476,1,1,0,5,5,6,1,4,3,0,0,0,4
8749,Mokattam,38477,3,1,0,2,4,6,1,6,8,0,1,0,8
8750,Mokattam,28244,2,1,1,4,7,8,5,7,7,0,0,0,9
8751,Zamalek,46721,5,0,1,9,6,7,5,6,4,0,1,1,6
8752,Shoubra,5692,1,1,0,5,3,7,8,9,10,1,1,0,8
8753,Downtown Cairo,19523,5,1,0,2,5,9,1,6,7,1,1,0,7
8754,Downtown Cairo,36326,2,1,1,8,3,10,8,4,6,0,1,0,4
8755,El Shorouk,46205,2,0,1,9,5,3,2,5,9,0,1,0,7
8756,Shoubra,4125,1,1,1,6,10,5,1,8,3,0,1,0,7
8757,Mokattam,49712,4,1,0,10,3,10,8,10,7,0,1,0,8
8758,Downtown Cairo,5199,5,1,0,8,3,2,10,9,7,0,0,0,6
8759,Downtown Cairo,42860,5,1,0,5,8,9,2,4,8,1,1,0,4
8760,Faisal,20375,3,0,0,10,9,2,5,9,4,0,0,0,4
8761,Mohandeseen,6711,2,1,0,7,4,5,10,6,7,1,1,0,5
8762,Maadi,36437,2,0,0,9,5,10,6,6,4,1,0,0,9
8763,Maadi,32022,1,0,0,3,8,5,3,4,9,1,0,0,6
8764,Madinaty,13182,1,0,0,6,6,6,8,3,6,1,1,1,7
8765,New Cairo,31641,1,1,0,4,3,10,7,6,7,1,1,1,6
8766,Helwan,33530,3,1,0,6,4,9,8,8,10,0,0,0,8
8767,Mohandeseen,26612,4,1,0,9,7,2,7,6,10,0,1,0,4
8768,Sheikh Zayed,9995,1,1,0,7,5,4,9,8,6,1,1,1,7
8769,Mokattam,44950,1,0,0,2,5,5,10,7,8,0,0,0,6
8770,Madinaty,42270,1,1,0,8,10,4,7,9,7,0,1,0,6
8771,Zamalek,16920,3,0,0,2,6,10,3,5,5,0,1,0,9
8772,Sheikh Zayed,26144,5,1,1,2,3,7,10,8,2,1,1,0,8
8773,Zamalek,22882,4,1,1,5,4,4,8,4,5,0,1,0,8
8774,Helwan,6565,5,1,0,10,10,9,1,6,3,0,1,1,7
8775,Helwan,27373,2,1,1,9,3,10,1,3,9,0,0,0,7
8776,Dokki,47557,2,0,0,4,4,5,7,10,3,0,1,1,5
8777,New Capital,9024,1,0,0,7,6,6,10,3,10,1,1,0,4
8778,Downtown Cairo,28691,5,1,1,2,3,4,3,7,7,0,1,0,5
8779,El Obour,37799,3,1,0,2,7,6,8,9,6,0,1,0,5
8780,Maadi,5241,4,1,0,7,10,3,9,3,10,1,0,0,6
8781,Faisal,38510,5,0,1,6,6,3,5,4,3,0,0,0,6
8782,El Obour,42477,5,1,1,7,6,6,6,3,2,0,1,0,7
8783,Al Rehab,26383,4,0,1,10,5,8,9,7,10,1,1,1,6
8784,Downtown Cairo,15830,5,0,1,6,4,2,3,8,5,0,1,0,6
8785,Madinaty,32975,5,0,0,3,10,4,10,9,3,1,1,0,9
8786,6th of October,30551,4,1,0,2,8,2,9,9,7,0,0,0,10
8787,6th of October,44928,3,0,0,3,3,9,2,7,2,0,1,1,4
8788,New Capital,27267,4,1,0,9,4,3,9,3,5,0,1,0,6
8789,Zamalek,16375,1,0,0,2,6,7,2,10,5,0,0,0,8
8790,Helwan,25513,1,1,1,7,3,7,8,8,8,1,1,0,7
8791,El Shorouk,8403,1,1,0,6,10,10,3,9,4,0,0,1,4
8792,Madinaty,8897,1,0,0,10,10,7,7,6,9,1,1,1,9
8793,Nasr City,4163,2,1,0,5,7,7,10,3,3,0,1,0,5
8794,Haram,40078,3,1,0,6,4,2,4,7,5,1,1,0,10
8795,Downtown Cairo,21379,2,1,1,6,4,8,8,6,9,1,1,0,10
8796,Heliopolis,34030,5,0,0,3,7,7,4,7,5,0,1,0,8
8797,Dokki,33870,5,1,0,3,10,9,3,8,6,0,1,0,10
8798,Helwan,33482,4,1,0,10,8,2,1,6,9,0,1,0,8
8799,Heliopolis,35058,1,1,0,4,8,9,4,3,9,0,1,1,5
8800,Mohandeseen,30871,4,1,0,7,6,9,2,10,6,0,1,0,8
8801,El Shorouk,30379,5,1,0,5,8,2,9,8,7,0,0,0,6
8802,Mokattam,6251,1,1,0,5,4,8,2,5,10,1,1,0,7
8803,El Shorouk,47860,3,1,0,6,5,8,8,4,3,0,1,0,8
8804,Madinaty,27674,5,0,1,6,5,8,7,9,4,1,1,0,5
8805,New Capital,10590,4,1,0,8,3,4,8,6,10,1,1,0,4
8806,Downtown Cairo,35432,4,1,0,8,7,4,7,10,4,0,1,0,10
8807,Dokki,44426,5,1,0,2,6,9,6,8,6,0,1,0,9
8808,6th of October,26127,2,1,0,7,5,9,4,7,4,0,1,0,9
8809,Madinaty,42015,3,0,0,5,3,9,7,10,5,1,1,0,6
8810,Madinaty,11715,5,0,1,3,9,4,8,7,4,1,1,0,10
8811,Shoubra,7817,5,0,0,7,3,5,5,5,5,0,1,0,6
8812,Dokki,33493,4,0,0,8,8,3,2,7,2,0,1,0,6
8813,Nasr City,21454,1,1,0,3,4,4,2,7,9,0,0,1,8
8814,New Cairo,8600,1,1,1,3,6,6,10,7,8,1,1,0,5
8815,Haram,28690,1,1,0,8,9,4,3,9,7,0,1,0,4
8816,Al Rehab,46750,4,0,0,10,9,5,10,6,8,1,1,0,4
8817,Downtown Cairo,37762,1,0,0,4,9,8,6,6,9,1,1,0,6
8818,New Capital,41499,5,1,1,4,9,4,9,8,2,1,1,0,6
8819,Nasr City,26452,2,0,0,9,8,2,3,4,8,1,1,1,8
8820,El Shorouk,11670,2,1,0,3,8,2,1,9,10,0,1,0,4
8821,Sheikh Zayed,25151,2,0,0,10,9,5,10,5,5,0,1,0,10
8822,Downtown Cairo,21341,1,0,1,8,10,2,6,3,3,0,1,0,7
8823,6th of October,33604,2,1,0,9,5,7,8,10,2,0,1,1,5
8824,Dokki,12287,1,1,0,10,7,5,10,8,9,0,1,0,4
8825,Madinaty,22538,5,0,0,4,8,6,8,5,10,1,1,0,5
8826,El Obour,21015,5,1,1,7,4,7,9,4,4,0,1,0,9
8827,Mohandeseen,48644,4,0,0,9,5,3,6,6,9,0,0,1,9
8828,El Shorouk,19852,4,0,0,2,3,2,1,6,9,0,1,0,7
8829,Faisal,25258,3,1,0,7,10,3,3,9,2,1,1,0,4
8830,Zamalek,42330,5,1,1,4,8,7,4,5,9,1,0,0,5
8831,Shoubra,45508,1,0,1,9,7,10,3,3,3,1,1,0,6
8832,Helwan,6248,3,1,0,10,3,9,6,6,3,0,1,0,4
8833,Haram,10192,5,0,0,6,8,2,7,8,5,0,1,0,7
8834,Al Rehab,31410,1,1,0,3,4,6,8,8,8,1,1,1,5
8835,Haram,13895,5,1,1,8,7,8,6,9,3,1,1,0,4
8836,Dokki,10406,5,0,0,7,10,9,4,6,6,1,1,0,7
8837,Haram,37924,1,0,0,7,7,8,1,5,5,1,1,0,6
8838,Mohandeseen,45303,5,1,0,2,4,2,2,9,7,1,1,0,8
8839,Heliopolis,9295,5,1,0,2,9,5,5,5,4,1,0,0,6
8840,Dokki,16264,5,1,0,7,10,5,9,10,10,1,0,0,4
8841,Madinaty,32038,4,1,0,7,3,10,8,3,2,1,1,0,4
8842,Al Rehab,42922,2,0,0,5,8,7,7,3,9,1,1,1,8
8843,El Obour,13136,5,1,1,9,7,7,10,5,7,0,1,0,10
8844,6th of October,17213,1,1,1,10,10,6,2,3,5,0,0,0,8
8845,Dokki,16072,5,1,0,7,10,6,5,4,10,0,1,0,5
8846,6th of October,47010,4,1,0,9,10,10,1,8,2,0,0,0,8
8847,El Obour,40053,4,0,1,9,6,3,2,5,10,1,1,0,8
8848,New Cairo,31431,5,0,0,3,6,6,7,7,3,1,1,0,8
8849,New Cairo,46290,3,1,0,5,8,2,9,3,7,1,1,1,6
8850,Zamalek,6003,2,1,0,2,3,6,10,5,9,0,0,1,9
8851,New Capital,23999,1,1,0,2,7,5,10,7,3,1,1,0,5
8852,Maadi,35279,1,0,0,7,9,5,4,4,6,0,1,0,8
8853,New Cairo,46747,1,0,0,8,10,5,9,4,5,0,1,0,5
8854,Downtown Cairo,14438,1,0,0,6,3,4,9,6,6,0,1,0,9
8855,Heliopolis,18227,4,1,0,9,6,7,4,8,5,0,1,1,8
8856,El Obour,7672,2,1,0,10,7,4,9,8,4,1,1,0,5
8857,Zamalek,11458,5,0,0,5,7,7,8,9,5,1,1,0,10
8858,New Capital,22539,5,1,1,2,8,7,8,7,6,0,1,0,5
8859,Faisal,7479,3,1,1,7,8,3,3,7,2,0,1,0,8
8860,Zamalek,18887,5,1,0,2,8,10,2,10,5,1,1,0,8
8861,Maadi,4051,2,1,0,3,10,9,8,8,10,0,0,0,5
8862,Downtown Cairo,6159,5,1,1,5,10,8,8,7,9,0,1,0,4
8863,Mokattam,8390,4,1,1,5,8,10,1,4,6,1,1,0,10
8864,Faisal,24035,5,0,1,7,3,9,7,9,4,1,0,0,5
8865,Al Rehab,32491,1,1,0,9,10,10,8,9,3,1,1,0,6
8866,Downtown Cairo,20080,1,1,0,4,10,9,7,9,9,0,1,0,7
8867,Heliopolis,38880,1,0,1,7,9,4,3,6,9,0,1,1,5
8868,New Capital,49520,1,1,0,4,7,2,7,4,6,1,1,0,5
8869,6th of October,26149,4,1,0,3,3,7,5,10,8,0,0,0,4
8870,Nasr City,19339,4,1,0,5,9,4,1,8,2,1,1,0,8
8871,New Capital,33305,4,0,0,5,5,4,9,5,7,1,1,1,4
8872,Maadi,5354,5,1,0,3,9,7,3,7,10,0,1,0,4
8873,Heliopolis,9620,1,0,0,4,5,10,6,7,8,0,1,0,9
8874,Haram,7754,3,0,1,10,9,6,3,6,6,0,1,0,10
8875,Faisal,20593,3,1,0,10,9,2,5,6,7,0,1,0,10
8876,6th of October,20167,1,1,0,8,10,8,4,7,8,1,0,0,10
8877,Heliopolis,26555,2,1,0,3,6,10,2,4,7,1,0,0,10
8878,Mokattam,37005,5,1,0,6,6,3,4,8,6,0,1,0,4
8879,El Obour,45295,3,1,1,9,4,10,4,10,3,0,0,0,4
8880,Al Rehab,44843,4,1,0,2,5,6,9,8,4,1,1,0,4
8881,El Shorouk,12691,2,1,0,2,9,2,8,10,5,1,1,0,5
8882,Faisal,13756,4,0,0,7,9,5,6,6,6,1,1,0,7
8883,Faisal,40308,2,1,0,8,5,9,1,7,2,0,1,0,9
8884,Faisal,13327,2,0,0,8,10,4,9,5,8,0,0,0,10
8885,El Obour,32520,5,0,0,4,9,6,3,6,9,1,1,0,4
8886,Mokattam,47308,4,1,0,5,8,3,4,3,8,0,1,0,10
8887,Haram,44025,4,1,1,10,10,6,10,9,6,0,1,1,4
8888,El Shorouk,32900,3,1,0,5,10,10,10,5,2,0,1,0,4
8889,Sheikh Zayed,20533,1,1,0,6,10,4,9,8,10,0,1,0,8
8890,Madinaty,35881,1,0,0,7,8,8,7,7,3,1,1,1,8
8891,Helwan,31782,3,0,0,8,10,7,4,6,2,0,0,1,5
8892,Sheikh Zayed,48488,2,0,0,6,4,3,8,9,3,0,1,1,6
8893,El Shorouk,5624,3,0,1,8,3,8,5,6,5,0,1,0,5
8894,El Obour,44429,3,1,0,3,5,5,8,4,3,1,1,0,4
8895,Sheikh Zayed,24812,4,0,0,8,8,7,7,8,7,1,1,1,9
8896,Madinaty,11529,3,1,0,6,5,8,9,7,9,0,1,0,8
8897,New Cairo,24653,2,1,0,6,9,10,8,8,10,1,1,0,10
8898,Downtown Cairo,31860,1,1,0,7,6,8,1,3,9,1,1,0,8
8899,Maadi,17654,5,0,0,10,10,4,9,8,9,1,0,0,6
8900,Helwan,6108,3,1,0,5,4,10,8,7,10,0,1,0,6
8901,Heliopolis,7947,3,1,1,6,4,7,4,8,9,0,1,1,6
8902,Mohandeseen,11899,4,0,0,6,6,5,7,9,3,0,0,0,9
8903,New Cairo,17372,4,1,0,4,9,6,8,10,8,1,1,1,10
8904,Haram,41682,3,0,0,4,10,2,4,6,4,1,1,0,10
8905,Zamalek,34373,3,1,1,2,5,5,6,6,2,1,1,0,4
8906,Shoubra,43435,2,1,0,5,7,4,10,3,10,0,0,0,9
8907,Dokki,6263,1,1,0,10,4,7,7,5,9,0,1,1,9
8908,New Cairo,30188,1,1,0,3,10,10,10,7,7,1,1,1,8
8909,Sheikh Zayed,40583,5,1,0,5,5,4,9,7,3,0,1,1,7
8910,6th of October,33295,1,1,1,10,3,6,10,7,2,1,1,1,9
8911,Nasr City,4577,5,1,1,10,9,3,8,4,7,0,1,1,7
8912,Faisal,19029,4,1,1,9,4,10,9,9,6,0,0,0,6
8913,Downtown Cairo,39531,5,1,0,3,6,9,4,8,3,0,1,1,4
8914,Mohandeseen,34066,5,0,0,4,9,5,8,3,2,0,0,0,8
8915,Heliopolis,21613,1,0,0,7,4,9,10,9,4,0,1,0,8
8916,Haram,23560,3,0,0,3,6,5,5,10,6,0,0,0,10
8917,Faisal,12945,4,1,1,4,3,3,9,5,10,0,1,1,8
8918,Downtown Cairo,33418,2,0,1,2,5,10,2,7,9,0,1,0,6
8919,Dokki,21071,5,1,0,5,10,3,1,8,10,1,1,0,7
8920,Madinaty,21130,5,0,0,7,6,2,8,5,6,1,1,0,10
8921,Heliopolis,24721,5,0,0,2,6,2,6,5,5,0,1,0,7
8922,Mokattam,6712,3,1,1,2,8,4,4,5,4,0,1,1,4
8923,Helwan,21091,2,0,0,9,3,8,6,10,4,0,1,0,5
8924,6th of October,19857,1,1,1,8,7,7,7,6,5,0,1,0,4
8925,Faisal,45394,4,1,0,8,4,4,9,8,6,0,1,0,7
8926,Nasr City,49836,3,0,1,8,9,6,1,9,8,0,0,0,7
8927,Dokki,38301,2,1,0,6,8,7,3,10,10,1,0,1,8
8928,Faisal,20553,4,1,1,5,7,3,2,7,5,0,0,0,9
8929,New Capital,21404,1,1,0,8,4,4,9,8,6,1,1,1,9
8930,Dokki,11093,4,1,0,4,3,5,10,7,6,0,1,0,10
8931,Maadi,17156,5,0,0,10,3,9,8,9,5,1,1,0,9
8932,Shoubra,17785,5,0,0,3,7,2,5,7,4,1,0,0,9
8933,El Obour,29271,3,1,0,2,3,10,8,3,8,0,1,0,5
8934,Mohandeseen,18694,4,1,0,9,5,2,3,10,6,0,1,0,8
8935,Heliopolis,40114,5,0,1,7,7,4,10,4,3,0,1,0,10
8936,Heliopolis,8013,3,0,1,5,6,4,1,4,10,0,1,0,5
8937,6th of October,36799,3,1,1,10,6,10,4,8,2,0,0,0,10
8938,Sheikh Zayed,28752,3,0,1,6,3,4,9,9,5,1,1,0,6
8939,Al Rehab,15156,1,0,0,2,3,4,7,4,8,1,1,0,10
8940,Nasr City,14304,5,0,0,2,4,3,8,4,9,0,1,0,8
8941,Helwan,44645,5,1,0,8,9,5,8,6,7,0,1,1,4
8942,New Capital,42938,2,0,1,2,7,9,10,10,8,1,1,1,10
8943,Dokki,16078,1,1,0,7,8,7,8,3,10,0,1,0,4
8944,Downtown Cairo,30078,5,1,0,8,7,2,6,10,7,0,1,0,6
8945,Downtown Cairo,6315,5,1,0,6,5,6,8,3,8,1,1,0,5
8946,Mokattam,31220,2,1,0,4,9,9,9,6,3,0,1,0,5
8947,El Obour,35731,4,1,1,4,6,2,1,10,8,1,1,0,9
8948,Al Rehab,36833,4,1,0,3,9,7,10,7,8,1,1,1,8
8949,El Obour,16420,1,0,1,2,6,8,4,6,3,0,1,0,10
8950,6th of October,22312,3,0,0,9,5,6,1,4,6,1,1,0,4
8951,Madinaty,25395,2,0,1,10,4,5,10,8,5,1,1,0,6
8952,Sheikh Zayed,44301,2,0,1,3,5,8,8,9,8,1,1,0,7
8953,Helwan,19317,5,1,0,5,4,10,7,3,5,0,1,0,6
8954,Mokattam,20968,5,1,0,4,10,5,2,9,10,0,1,0,8
8955,Haram,26854,2,0,1,5,4,4,4,8,10,0,1,0,5
8956,Al Rehab,9244,3,1,0,5,10,5,9,6,6,1,1,1,4
8957,Shoubra,34929,4,1,0,9,9,6,10,9,9,0,1,1,8
8958,Zamalek,44922,1,1,0,4,8,10,5,4,4,0,1,0,4
8959,Dokki,28054,4,1,0,4,4,2,5,4,5,0,1,0,9
8960,Madinaty,22588,1,0,0,7,10,10,9,5,3,1,1,0,4
8961,6th of October,48590,3,1,1,4,9,10,3,10,4,0,1,0,5
8962,New Cairo,38660,2,1,1,6,3,9,8,7,5,1,1,0,9
8963,Mokattam,11018,3,1,1,5,3,9,1,9,10,0,1,0,7
8964,Downtown Cairo,14621,2,1,1,5,4,9,1,10,5,0,1,0,5
8965,Maadi,4973,5,1,0,3,10,5,3,7,2,0,1,0,9
8966,Mokattam,47602,1,1,0,10,10,8,1,7,3,0,0,0,5
8967,Shoubra,43383,5,1,0,6,10,3,1,8,8,1,0,0,9
8968,Dokki,41097,2,0,1,6,5,4,3,9,3,0,0,1,8
8969,Sheikh Zayed,38245,1,1,0,8,5,9,9,3,4,1,1,0,5
8970,Haram,29346,1,1,0,4,5,5,5,8,4,0,1,0,9
8971,Nasr City,44097,5,0,0,7,3,7,4,3,9,0,1,0,4
8972,Heliopolis,10444,1,1,1,2,8,9,7,3,8,1,1,0,6
8973,Dokki,28881,2,0,1,6,9,9,2,3,2,0,1,0,5
8974,Downtown Cairo,28846,2,0,1,6,4,6,6,4,9,0,1,0,10
8975,Zamalek,15406,5,0,0,10,6,8,10,7,4,0,0,0,9
8976,Sheikh Zayed,43611,3,0,0,6,5,2,7,8,6,0,1,0,7
8977,Zamalek,29439,2,1,0,9,9,6,4,8,8,0,1,0,4
8978,Al Rehab,9972,2,1,0,4,9,4,7,3,4,1,1,1,4
8979,Haram,41873,1,1,0,7,8,5,10,7,9,0,1,1,6
8980,Mokattam,14931,1,1,0,3,3,2,4,4,9,1,1,0,5
8981,Al Rehab,11702,2,1,0,10,7,2,7,3,10,0,1,1,4
8982,Madinaty,23298,5,0,1,7,10,4,9,5,7,1,1,0,7
8983,Helwan,25540,3,0,1,6,4,5,3,6,3,0,1,0,4
8984,Sheikh Zayed,36040,1,0,0,10,5,4,7,3,9,1,1,0,8
8985,Downtown Cairo,35000,1,1,1,2,3,3,8,3,3,0,0,1,6
8986,Shoubra,33805,3,1,0,4,10,8,2,10,10,0,1,1,4
8987,El Obour,6599,1,0,0,3,7,10,1,5,3,0,0,0,6
8988,6th of October,26100,5,1,0,10,4,4,5,8,8,0,1,0,8
8989,Al Rehab,34509,1,1,1,7,6,10,7,10,4,1,1,0,4
8990,Al Rehab,39003,1,0,0,7,4,9,8,4,2,1,1,1,9
8991,Heliopolis,23183,2,1,1,6,10,6,8,6,9,0,1,0,7
8992,Zamalek,42241,5,0,0,5,4,7,1,8,8,1,1,0,4
8993,Heliopolis,4018,5,1,1,5,9,2,5,4,4,0,0,0,4
8994,El Obour,4858,2,1,0,3,5,7,2,9,2,1,1,0,7
8995,Nasr City,29992,4,1,1,8,8,10,3,8,5,1,1,1,10
8996,Downtown Cairo,36580,3,1,1,7,4,8,6,5,6,0,0,0,9
8997,Haram,9380,5,1,1,4,7,10,2,9,4,0,1,0,5
8998,New Capital,39800,4,0,1,8,7,6,9,3,6,1,1,0,9
8999,Mokattam,22915,3,0,0,10,10,6,4,8,2,1,1,0,8
9000,Downtown Cairo,44239,5,1,0,2,4,6,10,6,8,0,1,0,5
9001,Nasr City,41487,1,0,1,9,4,7,7,4,3,0,1,0,7
9002,Sheikh Zayed,16943,5,0,0,3,8,5,7,3,6,1,1,1,8
9003,Maadi,41631,3,0,1,2,7,10,7,7,3,0,1,0,9
9004,Dokki,40806,4,0,0,10,7,8,7,8,9,0,0,0,6
9005,Madinaty,22836,1,0,0,3,5,4,7,5,4,1,1,0,4
9006,Shoubra,39614,3,1,0,8,6,8,2,10,2,1,0,0,4
9007,Madinaty,44832,3,0,0,8,7,4,9,10,7,1,1,1,6
9008,Haram,15394,5,1,0,2,6,4,8,4,9,0,1,0,9
9009,Helwan,10622,2,1,0,2,6,5,8,7,8,0,1,0,5
9010,El Obour,49063,2,1,0,8,7,3,9,8,7,0,1,0,7
9011,Zamalek,29280,1,1,1,7,8,9,5,4,6,0,1,1,6
9012,Zamalek,15782,3,1,0,5,8,2,10,4,9,1,0,0,6
9013,Downtown Cairo,5159,4,0,1,4,5,2,3,9,5,0,1,0,10
9014,Zamalek,8626,1,1,0,6,4,2,5,9,8,0,0,1,5
9015,Heliopolis,27440,1,0,1,6,8,5,6,7,3,0,1,0,9
9016,El Obour,40490,5,1,0,4,3,2,9,5,10,0,1,0,8
9017,Zamalek,15630,4,0,0,7,10,4,9,5,9,1,1,1,10
9018,Nasr City,48042,3,0,0,4,4,8,4,7,5,0,1,1,8
9019,6th of October,10589,3,0,0,5,3,4,10,5,8,1,1,0,4
9020,Helwan,27233,3,1,1,4,10,3,5,6,2,0,0,1,4
9021,Shoubra,39011,1,0,1,7,7,7,8,6,6,0,1,0,4
9022,Mohandeseen,12177,5,1,0,10,4,9,9,3,3,0,1,1,4
9023,Helwan,38528,1,1,1,4,4,5,1,7,3,0,0,1,4
9024,Downtown Cairo,42210,2,0,0,2,3,5,3,9,3,1,1,0,6
9025,Zamalek,30372,2,1,1,8,5,3,4,6,3,0,0,0,5
9026,El Shorouk,27508,3,0,0,6,10,6,9,4,6,0,1,0,4
9027,Nasr City,18965,5,1,0,5,10,9,1,9,5,0,1,0,9
9028,Heliopolis,7236,3,1,0,4,8,2,10,10,2,0,0,1,4
9029,Zamalek,19611,3,1,1,8,7,3,8,8,7,0,1,0,5
9030,Zamalek,26282,1,1,0,3,7,2,2,5,4,1,0,0,5
9031,Madinaty,45003,3,1,0,5,8,5,9,9,9,1,1,1,8
9032,Madinaty,19829,3,0,0,3,7,8,9,9,3,1,1,1,9
9033,New Cairo,12680,5,1,0,9,4,4,7,10,9,1,1,1,10
9034,Helwan,15340,5,0,0,4,9,9,4,8,7,0,0,1,8
9035,Faisal,35093,5,0,0,6,6,7,2,10,6,0,1,0,8
9036,Al Rehab,25107,3,1,1,5,9,3,8,6,7,0,1,0,8
9037,Haram,13148,5,0,1,6,3,10,10,6,7,1,0,0,9
9038,Maadi,47074,5,1,1,5,10,10,2,10,5,0,0,0,8
9039,6th of October,21499,4,1,0,9,8,8,4,8,2,1,0,1,6
9040,Helwan,22165,4,1,0,7,4,9,2,7,3,0,1,0,5
9041,Mokattam,47786,2,1,0,2,10,2,7,10,9,0,1,0,10
9042,Sheikh Zayed,29226,1,1,0,6,5,7,8,8,10,0,1,1,9
9043,Helwan,22260,1,0,1,2,5,10,7,4,5,1,0,0,5
9044,Helwan,28916,5,1,1,4,4,7,2,10,9,1,1,0,4
9045,El Shorouk,47910,2,0,0,7,3,4,4,8,7,1,1,1,5
9046,New Capital,34480,2,0,1,10,8,3,9,9,2,1,1,1,7
9047,Haram,36191,4,0,1,4,7,9,6,6,7,0,1,0,8
9048,New Cairo,13546,2,1,1,5,7,5,7,4,8,1,1,0,7
9049,Al Rehab,40044,3,0,0,2,10,2,7,5,2,0,1,1,7
9050,Haram,25921,5,1,0,3,6,9,9,9,10,0,1,0,4
9051,Sheikh Zayed,40940,3,1,0,8,8,2,10,5,7,1,1,1,7
9052,Helwan,49951,1,0,1,9,10,3,9,5,9,0,1,0,6
9053,Haram,16836,4,1,1,2,4,2,3,8,9,1,1,0,10
9054,Nasr City,12989,3,1,0,10,6,9,2,9,10,1,0,0,9
9055,Mokattam,17740,5,1,0,7,5,4,8,8,2,1,1,0,10
9056,Madinaty,34180,3,0,1,2,9,10,8,10,7,0,1,0,7
9057,Downtown Cairo,17102,3,1,0,5,9,8,6,10,10,0,0,0,8
9058,Zamalek,19357,2,1,0,5,10,7,8,3,9,0,0,0,9
9059,Shoubra,34255,4,1,0,8,7,7,3,7,5,0,1,0,4
9060,Al Rehab,40094,1,1,0,2,10,2,9,5,6,1,1,0,6
9061,New Capital,29221,5,1,0,10,9,9,9,3,10,1,1,0,6
9062,Heliopolis,4719,5,0,0,2,8,4,10,3,6,0,0,0,9
9063,Shoubra,21906,1,0,1,4,7,4,2,7,10,0,1,0,4
9064,Maadi,27140,5,0,0,2,9,4,7,5,2,0,1,1,7
9065,Zamalek,5069,2,1,1,2,6,10,2,7,10,1,1,0,5
9066,6th of October,11749,3,1,0,5,4,6,2,9,10,1,1,1,8
9067,El Shorouk,16935,2,0,1,3,6,3,5,8,7,0,1,0,7
9068,Helwan,41655,2,1,0,10,8,5,9,7,8,0,1,0,8
9069,Downtown Cairo,48035,2,0,0,2,5,8,2,9,7,0,0,0,8
9070,Faisal,34720,1,1,0,4,8,2,9,10,5,0,1,0,7
9071,Madinaty,31937,4,1,0,3,4,3,9,6,8,0,1,1,10
9072,El Shorouk,22540,1,1,0,2,8,9,10,8,3,0,1,0,7
9073,Mokattam,11944,1,0,0,10,5,9,4,7,4,0,1,0,6
9074,6th of October,16747,2,1,0,6,4,4,5,3,5,0,1,0,4
9075,El Obour,14505,4,1,0,7,6,6,6,5,4,0,1,0,8
9076,New Cairo,15697,1,1,1,9,3,9,7,7,10,1,1,1,7
9077,Mokattam,40907,4,0,0,8,6,10,10,3,5,0,0,1,10
9078,Madinaty,19221,2,1,0,8,4,3,7,5,2,1,1,1,6
9079,Shoubra,11087,1,1,0,10,8,9,6,4,9,0,1,0,9
9080,Dokki,25462,4,0,1,4,5,4,6,8,5,0,1,1,10
9081,Sheikh Zayed,26789,5,0,1,9,6,10,9,3,10,1,1,0,10
9082,New Capital,37400,1,1,0,7,4,6,10,9,10,0,1,0,4
9083,Al Rehab,6199,1,1,0,9,5,6,7,8,10,1,1,1,7
9084,Shoubra,48023,1,1,1,5,9,5,9,4,10,1,1,0,9
9085,New Capital,25737,4,0,1,2,5,9,8,8,8,0,1,1,10
9086,Sheikh Zayed,10073,3,1,0,4,5,2,8,8,10,0,1,1,10
9087,Helwan,20744,1,0,0,4,8,7,5,9,8,0,1,1,5
9088,El Obour,14559,5,1,1,2,4,8,9,8,9,0,1,0,6
9089,Al Rehab,36695,5,0,0,6,5,9,9,10,3,1,1,1,6
9090,New Cairo,12401,2,0,1,7,5,5,7,4,5,1,1,1,8
9091,6th of October,15659,3,0,0,10,6,10,2,10,5,0,1,0,8
9092,Heliopolis,45890,3,1,0,9,5,4,10,6,5,0,1,0,6
9093,Al Rehab,17894,4,0,0,5,9,9,9,4,4,0,1,0,9
9094,Shoubra,33160,2,1,0,7,8,6,2,3,2,1,1,1,7
9095,Faisal,33272,4,1,0,4,3,6,2,8,7,0,1,1,4
9096,Nasr City,28512,2,1,1,2,10,8,5,7,6,0,0,0,9
9097,Mokattam,37645,3,0,0,10,4,6,1,8,4,0,1,0,5
9098,Helwan,25179,4,0,0,9,5,8,2,5,8,0,0,0,7
9099,New Cairo,14691,2,0,0,7,9,10,10,9,7,1,1,1,10
9100,Sheikh Zayed,20110,3,1,0,4,9,6,7,6,5,1,1,1,5
9101,Shoubra,39291,3,1,0,6,10,3,7,5,10,0,0,0,6
9102,Shoubra,49311,1,0,1,10,5,7,4,3,5,0,1,0,8
9103,Sheikh Zayed,33845,4,1,1,8,7,10,8,7,10,1,1,0,7
9104,Faisal,43038,1,0,0,3,10,10,6,10,4,0,1,0,5
9105,Helwan,28967,3,1,0,7,6,6,9,4,8,0,1,0,10
9106,El Obour,32478,4,1,0,10,5,3,3,9,8,0,1,1,8
9107,Zamalek,9088,4,0,0,2,6,7,9,4,2,0,1,0,7
9108,El Shorouk,44332,5,1,0,6,6,5,9,8,2,0,1,0,4
9109,Sheikh Zayed,11066,2,1,0,10,3,5,7,9,3,1,1,0,5
9110,Al Rehab,43313,5,1,0,4,4,4,8,8,5,0,1,0,7
9111,Nasr City,6321,5,1,0,4,3,2,7,3,3,0,0,0,8
9112,Maadi,49900,3,1,0,10,4,10,8,10,6,0,1,0,6
9113,Helwan,28533,2,0,0,4,7,7,3,3,3,0,1,0,10
9114,Mohandeseen,28509,5,1,0,10,9,4,7,9,9,0,0,0,4
9115,Heliopolis,45098,5,1,0,4,3,2,7,5,7,0,1,0,9
9116,6th of October,12294,4,1,0,9,6,7,7,9,4,0,1,0,8
9117,El Obour,42101,3,1,0,10,10,5,2,5,3,0,1,0,9
9118,Al Rehab,29059,5,0,0,4,10,2,8,8,10,1,1,0,5
9119,Shoubra,35248,2,1,0,2,5,5,10,8,2,0,0,0,9
9120,Shoubra,44626,1,1,0,10,7,3,8,10,7,1,1,0,5
9121,Maadi,24703,1,1,1,8,4,4,5,9,8,0,1,1,10
9122,Madinaty,42157,3,1,1,7,3,8,8,5,10,0,1,0,7
9123,El Shorouk,7205,1,1,1,5,7,8,7,8,8,1,1,0,9
9124,Mohandeseen,38929,4,0,0,6,8,6,10,4,5,0,0,0,5
9125,Al Rehab,21848,4,0,1,8,3,3,10,3,3,1,1,0,4
9126,Madinaty,37411,2,1,1,10,6,10,8,6,7,1,1,1,9
9127,El Obour,18986,3,1,0,7,8,10,6,4,8,0,1,0,7
9128,Helwan,15628,3,1,0,5,3,10,6,6,7,0,1,0,7
9129,Dokki,42119,1,1,0,5,4,7,10,5,5,0,0,0,8
9130,New Cairo,8553,5,1,0,4,8,2,10,5,8,1,1,1,5
9131,New Capital,10518,5,0,1,3,9,7,7,3,7,1,1,0,8
9132,El Obour,42491,5,1,0,5,8,9,5,7,7,1,1,0,4
9133,Faisal,11946,2,0,1,7,4,5,1,7,3,1,1,0,5
9134,Dokki,4610,3,1,0,2,5,7,1,8,3,1,0,1,9
9135,6th of October,8302,1,1,1,3,5,9,10,10,7,0,1,0,9
9136,Faisal,38311,2,0,0,9,10,7,5,8,2,1,1,0,5
9137,El Obour,38234,4,0,1,4,10,5,1,9,9,0,1,0,10
9138,Mohandeseen,45876,4,0,0,2,4,8,7,5,10,0,1,1,9
9139,Haram,18656,4,0,0,3,9,6,10,7,9,0,0,0,9
9140,Maadi,43004,3,0,0,4,4,2,8,7,7,0,0,0,5
9141,Haram,22656,4,1,0,3,4,4,10,10,2,0,0,0,7
9142,Haram,45811,5,1,1,5,7,4,2,8,9,0,1,0,9
9143,Al Rehab,8536,4,0,0,5,8,2,9,5,3,1,1,0,10
9144,Zamalek,46974,2,1,0,3,9,5,10,9,5,0,1,0,6
9145,Mokattam,23856,4,1,0,2,3,3,8,3,2,1,1,0,6
9146,Shoubra,40410,5,0,0,4,7,2,1,4,2,0,1,0,5
9147,Al Rehab,48830,4,1,0,5,9,7,7,9,6,1,1,1,4
9148,Zamalek,20447,1,0,0,7,6,8,5,9,7,1,0,0,8
9149,Dokki,49823,5,0,1,6,5,5,10,8,10,0,1,0,7
9150,Shoubra,37327,3,1,1,3,3,6,1,7,4,0,1,0,9
9151,Mokattam,38501,4,0,1,5,5,10,10,6,3,0,0,0,6
9152,Downtown Cairo,12861,2,0,0,7,9,9,8,7,3,0,1,0,9
9153,Mokattam,24278,4,0,0,5,6,3,9,4,9,0,0,0,8
9154,Al Rehab,5542,2,1,0,8,4,4,9,4,10,1,1,1,4
9155,Shoubra,46231,1,0,0,7,5,10,9,4,9,0,1,0,5
9156,Faisal,6415,3,1,0,7,4,6,6,9,4,0,1,0,7
9157,Helwan,47751,5,1,0,3,5,2,7,4,9,0,1,0,4
9158,Heliopolis,16905,5,0,1,8,9,10,7,6,7,1,0,0,6
9159,Al Rehab,25601,3,0,1,10,6,9,8,3,7,1,1,1,5
9160,Helwan,42155,1,0,1,7,5,8,3,9,10,0,0,0,8
9161,6th of October,25563,1,0,0,9,6,8,9,4,9,1,1,0,9
9162,Haram,44955,4,0,0,7,9,9,3,4,2,0,0,0,5
9163,Helwan,10643,1,0,1,7,3,5,3,8,8,0,1,0,6
9164,El Shorouk,28044,4,0,0,5,7,8,4,6,7,0,1,0,7
9165,Nasr City,15246,2,0,0,7,6,9,10,10,6,0,1,0,8
9166,Al Rehab,6458,3,1,1,5,5,4,8,7,4,1,1,1,4
9167,Sheikh Zayed,10028,2,0,0,7,3,3,8,7,2,0,1,1,10
9168,Sheikh Zayed,42215,2,1,1,2,9,3,10,10,9,0,1,1,9
9169,New Cairo,38716,2,0,0,8,6,8,8,6,4,0,1,0,6
9170,Helwan,10306,2,1,1,3,5,10,5,10,8,0,0,0,6
9171,Dokki,45019,5,1,0,7,8,9,1,7,7,0,0,0,8
9172,Sheikh Zayed,44860,1,0,0,10,6,8,10,5,3,0,1,0,5
9173,El Obour,31678,3,1,0,4,6,10,6,3,3,0,0,0,7
9174,El Shorouk,28908,3,1,0,5,4,5,4,8,4,0,1,0,5
9175,Zamalek,16363,2,1,0,6,5,8,8,7,4,0,0,0,10
9176,Faisal,18066,3,1,1,9,7,6,1,6,3,0,1,1,8
9177,New Capital,36711,4,0,1,7,6,2,10,5,9,0,1,0,10
9178,Haram,4189,3,1,0,9,10,5,5,3,2,0,1,0,8
9179,Al Rehab,15752,2,1,0,4,3,2,7,9,4,1,1,1,6
9180,New Capital,11482,3,0,0,4,5,2,7,4,2,1,1,0,10
9181,New Cairo,20679,1,1,0,10,7,8,8,9,5,1,1,0,7
9182,Helwan,28552,2,1,1,7,5,4,6,7,2,0,0,0,6
9183,El Shorouk,4799,5,0,0,9,8,10,3,8,2,0,1,0,6
9184,Madinaty,29381,1,1,1,5,7,8,10,3,5,0,1,0,6
9185,Mohandeseen,13934,3,0,0,6,10,7,7,10,7,0,0,0,9
9186,Downtown Cairo,23084,5,1,0,10,7,3,10,3,7,0,0,1,4
9187,Nasr City,45556,1,0,1,8,6,6,1,10,5,0,1,0,9
9188,Sheikh Zayed,13909,4,1,0,6,4,9,10,8,8,0,1,0,10
9189,New Capital,29931,1,1,0,8,5,5,7,4,9,1,1,0,6
9190,Faisal,49183,5,1,0,10,10,9,1,3,3,0,1,0,7
9191,Sheikh Zayed,29868,4,1,0,4,3,10,9,8,10,0,1,0,5
9192,Downtown Cairo,47558,3,0,0,4,8,9,6,7,6,0,0,0,8
9193,Helwan,17846,2,0,0,5,10,7,2,9,7,0,1,0,9
9194,El Shorouk,26257,3,1,0,8,3,3,5,5,2,0,1,1,10
9195,New Cairo,32013,2,1,0,6,4,9,9,7,5,1,1,1,6
9196,Madinaty,41482,2,1,0,6,3,5,9,9,8,0,1,0,8
9197,Downtown Cairo,26875,5,1,1,5,5,2,1,10,7,0,1,0,6
9198,Madinaty,28717,4,1,0,9,10,6,7,6,3,1,1,0,4
9199,Haram,15408,4,0,0,4,3,4,8,3,8,1,1,0,4
9200,Zamalek,39607,1,1,0,3,8,4,3,4,10,0,1,0,6
9201,New Cairo,40281,3,1,0,5,5,8,7,9,10,1,1,1,8
9202,El Shorouk,31326,5,1,0,9,7,2,8,10,4,0,0,0,6
9203,Zamalek,17601,3,1,1,5,6,4,7,8,7,1,0,0,5
9204,New Cairo,5135,1,0,0,9,4,7,10,6,2,1,1,1,6
9205,New Cairo,26741,1,1,0,6,4,9,7,10,5,1,1,0,8
9206,Nasr City,15913,5,0,0,10,9,7,4,3,6,1,1,0,6
9207,Faisal,14101,1,1,0,3,3,5,3,3,10,0,1,0,8
9208,Zamalek,22631,5,1,0,9,5,9,2,5,4,0,1,0,6
9209,Sheikh Zayed,10548,1,0,0,8,8,6,7,10,10,0,1,1,6
9210,Sheikh Zayed,41284,4,1,1,3,6,7,9,10,6,1,1,1,4
9211,Helwan,40870,5,1,0,6,8,2,6,4,4,0,0,0,7
9212,Mokattam,31215,4,1,0,7,3,5,7,7,3,0,0,0,6
9213,Haram,41279,4,0,1,10,8,5,6,3,10,0,1,0,8
9214,Zamalek,23215,5,1,1,9,10,6,6,6,7,0,0,0,7
9215,Shoubra,29582,3,1,0,8,6,2,8,8,7,0,1,0,7
9216,New Cairo,18024,2,1,1,2,5,5,9,4,3,0,1,1,5
9217,6th of October,15413,1,1,1,4,8,8,5,7,9,0,1,0,5
9218,Sheikh Zayed,20319,1,1,0,2,3,7,8,8,6,1,1,0,6
9219,Nasr City,23446,3,1,0,7,10,6,10,6,7,0,0,0,8
9220,Al Rehab,49483,2,0,0,4,10,2,8,9,10,1,1,1,6
9221,6th of October,44743,3,1,0,3,3,9,3,4,9,0,1,0,8
9222,New Cairo,36036,2,1,0,3,8,6,9,5,10,1,1,1,9
9223,Heliopolis,16621,5,1,1,9,10,9,5,6,8,0,1,1,7
9224,Al Rehab,14511,5,0,0,2,9,7,8,4,2,0,1,0,4
9225,6th of October,23923,4,0,1,10,6,8,4,10,2,0,0,0,6
9226,Downtown Cairo,14558,4,0,1,8,3,2,1,7,5,0,1,0,7
9227,New Cairo,36235,5,1,0,2,8,7,8,3,3,1,1,0,6
9228,Zamalek,4526,4,0,1,6,6,4,6,8,10,0,0,1,10
9229,New Capital,5753,5,0,1,6,10,4,9,4,5,1,1,1,8
9230,Faisal,30248,3,1,0,3,8,4,10,6,6,0,1,0,6
9231,Mokattam,18656,1,0,1,2,8,7,9,7,3,1,0,0,4
9232,Helwan,27266,5,1,0,8,5,9,4,8,10,0,1,0,10
9233,Mokattam,14220,5,1,0,10,6,4,1,3,9,0,1,0,6
9234,Helwan,22038,5,1,0,9,5,4,4,7,8,0,1,1,7
9235,Mokattam,16741,4,0,1,8,5,6,7,3,8,0,1,0,9
9236,El Shorouk,8841,4,0,1,5,7,7,1,5,9,0,0,0,7
9237,Shoubra,40809,4,0,0,8,6,7,9,10,8,0,1,0,10
9238,Zamalek,34575,4,1,0,9,4,8,6,5,8,0,0,0,7
9239,El Obour,45733,3,0,0,10,9,8,10,9,7,0,1,0,4
9240,Heliopolis,18418,5,0,0,10,7,4,8,7,10,1,0,0,4
9241,Helwan,41185,3,1,0,6,7,6,6,3,5,0,1,0,9
9242,El Shorouk,45745,4,0,1,6,6,2,7,8,6,0,0,0,4
9243,Faisal,31881,3,1,1,7,7,2,3,9,7,0,1,0,5
9244,Heliopolis,18587,5,1,0,9,7,3,8,3,8,0,1,0,9
9245,Dokki,26268,5,0,0,4,10,3,5,4,6,0,1,0,7
9246,Zamalek,4448,4,1,1,4,9,8,7,10,6,0,0,0,7
9247,Zamalek,41353,5,1,1,6,3,6,7,4,7,0,1,0,4
9248,Nasr City,49519,3,0,0,2,9,4,6,9,10,0,1,0,5
9249,Heliopolis,12108,2,0,0,6,9,8,3,5,7,0,1,0,9
9250,Shoubra,15443,5,1,1,10,5,4,1,5,9,0,1,1,9
9251,Shoubra,26435,3,0,0,6,4,4,6,3,5,0,1,0,5
9252,Mokattam,37062,3,1,1,8,6,5,9,3,8,0,1,0,4
9253,Zamalek,5238,3,1,1,10,10,6,2,6,6,0,1,0,10
9254,El Obour,19321,5,0,0,9,9,9,2,9,5,0,0,1,5
9255,New Capital,20074,2,1,1,6,3,10,10,4,3,1,1,0,4
9256,Madinaty,17049,4,0,0,3,8,6,7,3,10,0,1,1,10
9257,Madinaty,39584,4,0,0,6,8,9,7,3,6,0,1,1,10
9258,6th of October,5098,5,1,0,9,10,4,2,5,7,0,1,0,7
9259,El Obour,18679,5,0,0,2,4,8,1,7,2,0,0,0,6
9260,New Cairo,38505,1,1,0,5,9,4,9,5,5,0,1,1,7
9261,Haram,39533,2,1,0,2,9,4,5,10,6,1,1,0,7
9262,New Capital,15434,3,0,0,6,10,5,9,3,5,0,1,1,10
9263,Maadi,48859,3,0,0,3,10,3,10,4,3,1,0,0,8
9264,Helwan,37178,4,0,1,3,4,8,7,7,2,0,0,0,7
9265,Faisal,31575,5,1,0,8,3,7,4,6,10,0,1,0,10
9266,El Obour,23329,2,0,1,5,8,4,9,9,5,1,1,0,8
9267,El Obour,41554,4,0,0,3,6,2,4,8,9,0,0,1,5
9268,Zamalek,45837,2,1,0,4,5,4,9,10,9,1,1,0,4
9269,Maadi,22493,5,1,0,4,9,5,4,8,5,0,1,0,5
9270,Zamalek,25830,3,0,0,3,3,2,2,5,9,0,1,0,9
9271,Nasr City,42603,1,1,0,8,7,9,2,6,5,0,0,0,5
9272,New Cairo,38754,2,0,0,2,8,3,8,4,7,1,1,1,6
9273,Dokki,12126,3,1,0,10,9,4,6,7,6,0,0,1,4
9274,El Obour,45838,2,0,0,6,4,6,7,8,2,0,0,1,9
9275,Haram,44068,2,1,0,5,7,10,7,10,10,0,1,0,6
9276,Dokki,26093,2,0,1,4,6,7,3,4,7,0,1,0,9
9277,Zamalek,39171,5,0,0,4,8,4,10,8,10,1,1,0,6
9278,Nasr City,12262,4,0,0,4,8,4,7,7,5,0,0,0,6
9279,Helwan,47270,2,1,0,2,5,9,9,6,5,0,1,0,7
9280,Mohandeseen,24785,5,0,1,3,5,5,9,6,5,0,0,0,5
9281,Downtown Cairo,43469,1,0,0,8,5,6,7,4,3,1,1,0,4
9282,New Capital,7295,4,1,0,4,8,5,10,7,4,1,1,0,7
9283,Sheikh Zayed,19687,5,0,1,7,9,10,9,8,6,1,1,0,6
9284,Maadi,49643,1,1,0,5,9,9,2,9,5,0,1,0,10
9285,Nasr City,6121,4,1,1,6,7,8,8,10,2,0,0,0,6
9286,Zamalek,7582,5,0,0,9,9,5,3,6,9,0,1,0,9
9287,Nasr City,34280,1,1,0,3,6,10,5,7,5,1,1,0,6
9288,Heliopolis,46589,5,0,1,6,7,9,3,6,5,1,0,0,6
9289,Maadi,42468,1,1,0,3,8,9,6,3,8,0,0,1,8
9290,Zamalek,44000,2,1,1,10,4,3,6,6,7,0,1,0,8
9291,Sheikh Zayed,41056,2,1,0,3,5,6,10,3,3,1,1,1,9
9292,Dokki,35672,4,0,1,2,6,7,1,4,5,0,1,0,6
9293,Zamalek,5085,1,0,0,5,7,7,5,3,3,0,1,1,8
9294,Zamalek,19891,2,1,0,8,9,10,5,9,4,0,1,0,4
9295,Mohandeseen,19600,4,1,0,3,7,5,9,9,7,0,0,0,6
9296,New Capital,36458,3,0,0,10,9,8,8,4,10,1,1,1,8
9297,Shoubra,12645,2,0,0,2,7,10,4,3,2,0,1,0,8
9298,El Obour,45578,2,1,0,2,7,6,6,4,5,0,0,1,5
9299,Haram,45596,5,1,0,9,8,7,10,9,9,0,1,0,5
9300,New Capital,8874,3,1,0,6,7,2,9,6,5,1,1,0,4
9301,Madinaty,17767,1,1,0,10,10,8,10,8,7,1,1,1,9
9302,El Shorouk,30825,4,0,0,9,4,6,6,9,2,0,1,0,6
9303,Zamalek,14913,3,1,1,7,5,5,3,5,5,0,1,0,5
9304,Madinaty,20215,1,1,0,5,9,4,10,8,8,1,1,1,6
9305,6th of October,22733,2,0,0,7,7,2,1,5,7,0,1,0,5
9306,New Cairo,18332,4,1,0,3,4,6,8,9,10,1,1,1,9
9307,Faisal,8432,4,1,0,6,8,4,6,5,4,0,1,0,10
9308,6th of October,26559,3,1,1,4,9,9,6,3,6,0,1,0,6
9309,Madinaty,30570,5,0,0,4,6,5,8,5,8,1,1,1,8
9310,Faisal,44033,1,1,0,2,6,4,5,4,2,0,1,0,8
9311,Shoubra,10103,3,0,1,9,8,2,4,10,10,0,1,0,9
9312,Haram,47780,5,1,0,4,4,3,6,3,10,0,1,0,4
9313,Mokattam,19900,5,0,0,2,9,3,7,10,4,1,1,0,7
9314,New Cairo,6031,5,1,0,5,4,2,8,3,9,1,1,0,8
9315,Maadi,21633,4,0,0,2,9,9,3,8,3,1,1,1,5
9316,Zamalek,27192,1,1,1,2,10,6,2,6,5,1,1,0,9
9317,Haram,23940,1,1,1,2,4,3,5,9,8,1,1,0,10
9318,6th of October,45287,3,1,1,3,10,9,8,4,10,0,1,0,6
9319,El Obour,12988,2,0,1,2,6,6,5,4,5,0,1,0,6
9320,Maadi,42067,3,0,1,7,7,6,9,10,2,1,0,0,4
9321,Dokki,16952,1,1,1,8,9,3,1,9,8,1,0,1,8
9322,Shoubra,31369,4,1,0,2,9,9,6,6,4,1,1,0,7
9323,Faisal,39862,3,0,0,2,5,4,3,9,10,0,0,0,7
9324,Downtown Cairo,6977,2,1,0,10,7,5,2,7,10,1,1,0,7
9325,Al Rehab,42493,3,0,0,10,9,6,9,6,3,1,1,0,10
9326,Zamalek,5268,5,1,0,2,3,10,3,7,8,1,0,0,10
9327,Dokki,20756,2,0,1,9,4,3,9,5,9,0,1,0,7
9328,New Capital,24764,5,0,0,4,7,9,10,5,2,1,1,1,9
9329,Mohandeseen,44385,4,1,0,8,10,6,8,8,6,0,0,0,10
9330,Madinaty,19032,1,1,0,2,5,10,8,9,9,0,1,1,10
9331,Nasr City,33478,3,1,0,8,7,10,10,10,3,0,1,0,8
9332,6th of October,49702,3,0,0,2,3,4,3,10,2,0,1,0,8
9333,Zamalek,15885,5,0,0,4,3,10,3,5,5,0,0,0,7
9334,Maadi,13796,5,1,1,8,7,8,7,5,2,1,1,0,6
9335,Faisal,43047,1,0,1,2,8,10,4,10,6,0,1,0,10
9336,Mokattam,36863,3,0,0,10,8,8,8,6,9,1,1,0,6
9337,New Capital,19478,1,0,0,6,8,9,10,5,9,1,1,1,9
9338,Madinaty,36117,5,0,1,3,5,5,10,9,10,1,1,0,6
9339,6th of October,24753,5,0,0,5,7,6,7,6,6,0,0,0,5
9340,Madinaty,24325,2,1,0,9,4,7,10,8,9,1,1,1,8
9341,Heliopolis,11021,5,1,0,5,5,5,2,9,6,0,0,1,6
9342,Helwan,19185,5,1,0,6,10,9,5,4,8,0,0,1,10
9343,Heliopolis,9868,1,0,1,3,6,6,2,10,9,1,1,1,8
9344,Sheikh Zayed,17071,2,1,0,6,5,4,10,4,9,1,1,1,7
9345,New Capital,12041,2,0,0,8,7,2,7,3,3,1,1,0,8
9346,New Cairo,20515,3,0,0,10,7,2,10,4,2,1,1,1,7
9347,Faisal,48075,4,0,1,9,6,9,7,7,9,0,1,0,9
9348,Haram,44058,3,1,0,7,3,4,1,9,10,1,1,1,4
9349,Sheikh Zayed,29966,3,1,0,10,7,5,9,7,8,1,1,1,8
9350,Mohandeseen,43284,3,0,0,8,3,8,8,10,9,0,1,1,5
9351,Helwan,46109,2,1,1,4,3,2,1,5,10,0,1,0,8
9352,Nasr City,48470,1,1,1,2,4,7,3,9,5,0,1,0,10
9353,El Obour,26290,5,0,1,6,8,2,10,3,4,1,1,0,8
9354,Zamalek,34702,2,0,0,10,3,4,5,10,5,0,0,0,6
9355,El Obour,32223,5,1,0,9,5,5,10,6,4,0,1,1,10
9356,Sheikh Zayed,37575,5,0,1,7,8,8,9,6,3,1,1,0,4
9357,Mokattam,49799,4,1,1,9,3,3,5,10,2,0,1,0,6
9358,New Cairo,48168,3,1,0,9,8,9,10,8,5,0,1,1,7
9359,Nasr City,25661,4,1,0,4,9,7,8,10,6,0,1,1,4
9360,Dokki,20439,3,1,0,7,9,3,6,6,9,1,0,1,4
9361,Zamalek,40432,2,1,0,8,4,4,1,5,8,1,1,0,9
9362,El Shorouk,37511,5,1,1,3,7,5,7,3,7,0,1,1,10
9363,Al Rehab,35147,4,1,0,8,7,7,8,8,7,1,1,1,4
9364,Mohandeseen,33114,2,0,1,7,6,2,1,4,6,1,1,0,8
9365,Heliopolis,10030,2,1,0,3,3,6,7,9,5,1,1,0,6
9366,Maadi,28515,3,1,0,3,5,9,2,8,9,0,1,0,7
9367,Faisal,34333,5,1,0,7,9,8,1,4,9,1,1,1,8
9368,New Capital,4079,3,1,0,4,9,4,9,5,4,1,1,1,10
9369,New Capital,33048,3,1,1,7,6,3,8,10,9,1,1,1,5
9370,Mokattam,48900,2,1,0,10,6,3,1,8,6,0,1,0,5
9371,Zamalek,6966,3,0,0,2,10,6,10,7,2,0,1,0,5
9372,Madinaty,7728,1,1,0,4,9,9,9,10,9,1,1,0,10
9373,Shoubra,41304,5,1,0,3,4,7,7,10,8,1,1,0,6
9374,Sheikh Zayed,42581,3,0,0,4,7,7,10,6,8,1,1,1,10
9375,Al Rehab,28794,3,1,0,3,3,8,10,8,6,1,1,0,8
9376,Shoubra,4947,4,1,0,4,8,2,7,7,6,1,1,1,4
9377,New Capital,16565,5,1,0,5,8,4,7,4,8,0,1,0,8
9378,Zamalek,19844,5,1,0,8,3,6,10,5,10,0,1,0,8
9379,Shoubra,4594,3,0,0,3,7,8,4,8,2,1,1,1,4
9380,Faisal,25414,1,1,0,3,10,7,1,7,9,0,1,0,10
9381,6th of October,34690,4,0,1,3,10,2,4,4,10,0,1,1,5
9382,6th of October,20524,1,0,0,7,8,10,1,5,8,0,0,0,9
9383,6th of October,31469,3,1,0,9,4,4,10,10,3,0,0,1,4
9384,Helwan,23439,5,1,0,5,9,8,4,8,6,0,1,0,5
9385,El Shorouk,30206,5,0,0,4,4,2,5,6,5,0,1,0,8
9386,El Obour,40973,1,0,1,10,4,2,9,8,8,1,1,0,9
9387,Mohandeseen,25555,2,1,1,2,5,2,7,3,4,0,1,0,9
9388,Shoubra,11782,3,1,0,3,3,5,9,10,9,0,1,0,5
9389,Haram,6660,5,1,0,8,10,2,9,4,6,1,1,0,4
9390,Zamalek,43624,2,0,0,4,9,2,8,3,7,1,1,0,10
9391,Zamalek,10089,5,1,0,10,4,10,2,5,5,0,0,0,7
9392,El Shorouk,9318,5,0,1,2,4,9,5,10,8,0,1,1,5
9393,Heliopolis,30605,2,0,0,10,7,6,4,10,10,0,1,1,6
9394,6th of October,33400,1,1,0,7,6,3,1,4,5,0,0,0,10
9395,Nasr City,19405,3,1,0,2,10,8,6,6,7,1,0,1,8
9396,Shoubra,34209,2,1,1,10,6,2,5,9,7,0,1,0,4
9397,Haram,12062,2,1,1,10,6,10,10,6,2,0,1,1,10
9398,Helwan,21424,5,1,1,6,3,2,10,10,10,1,1,0,4
9399,Haram,45274,2,1,0,8,5,4,7,5,3,0,0,0,7
9400,Zamalek,27987,3,1,1,4,3,7,1,3,2,0,1,0,5
9401,Faisal,48419,1,1,0,9,8,5,5,10,6,0,1,0,8
9402,Mohandeseen,24556,1,0,0,4,7,3,3,8,3,0,1,0,8
9403,New Cairo,31601,1,1,0,8,4,6,7,7,6,1,1,1,5
9404,Nasr City,23330,3,1,1,5,3,2,4,6,2,0,0,0,8
9405,Mohandeseen,19730,5,0,0,6,10,2,6,3,8,0,1,0,10
9406,Faisal,7236,3,1,1,8,6,7,4,10,5,0,1,1,10
9407,Haram,7680,2,0,0,3,5,10,7,3,9,1,1,0,6
9408,Haram,34312,4,0,1,5,10,8,3,4,9,0,1,0,5
9409,Zamalek,25191,4,1,0,8,7,5,8,7,8,0,1,0,6
9410,Downtown Cairo,48066,4,0,1,4,4,9,2,5,2,0,1,0,9
9411,Haram,21921,1,0,0,5,9,2,2,10,4,0,0,0,6
9412,Dokki,40640,3,1,0,9,5,6,1,6,7,0,0,0,4
9413,Shoubra,38635,3,1,0,4,3,3,6,8,7,0,1,0,8
9414,Shoubra,40688,1,1,0,10,3,4,6,9,7,0,1,0,8
9415,Downtown Cairo,9693,2,1,0,6,10,5,6,7,3,1,0,0,9
9416,Heliopolis,24266,4,1,0,3,10,2,1,3,9,0,1,0,10
9417,6th of October,47716,4,1,0,9,10,6,4,9,4,0,1,0,7
9418,Dokki,30488,1,1,1,9,5,7,1,9,6,1,1,0,10
9419,Mokattam,28122,4,1,0,2,5,2,2,7,10,0,1,0,8
9420,Al Rehab,45224,5,0,0,10,4,5,8,4,8,1,1,1,9
9421,Shoubra,33004,3,0,0,3,9,3,8,4,10,0,1,0,10
9422,Heliopolis,10331,4,1,1,5,6,2,1,3,5,0,1,0,5
9423,Shoubra,25566,4,0,1,7,9,6,1,3,2,1,1,0,10
9424,New Capital,49875,5,0,0,10,9,2,10,5,4,1,1,1,6
9425,Shoubra,46262,2,1,1,2,5,9,7,6,6,0,1,1,5
9426,El Shorouk,46154,2,1,0,10,4,3,6,6,2,0,1,0,8
9427,Helwan,44899,5,0,0,9,5,6,3,9,8,1,1,0,10
9428,Nasr City,48564,2,1,0,8,8,4,8,7,2,0,1,0,5
9429,El Obour,24778,1,0,1,3,5,7,8,6,9,0,0,1,8
9430,Mohandeseen,37926,5,1,1,8,8,7,6,3,8,0,1,1,7
9431,Nasr City,24751,3,1,1,3,6,9,1,7,3,0,1,1,9
9432,El Shorouk,21528,3,0,0,10,4,6,8,6,8,0,1,0,7
9433,6th of October,4068,3,1,0,5,3,6,5,5,7,0,1,0,9
9434,New Cairo,7717,4,1,0,3,4,6,9,3,8,1,1,1,9
9435,New Cairo,19218,5,0,0,6,4,10,8,3,2,1,1,0,9
9436,Zamalek,47968,5,0,0,10,10,3,2,6,8,0,1,0,10
9437,Haram,29402,2,0,1,5,4,4,6,5,10,0,1,0,8
9438,El Shorouk,35643,5,1,0,6,10,5,4,10,9,1,1,0,5
9439,6th of October,46129,5,0,0,9,6,8,7,9,8,1,1,1,10
9440,6th of October,33152,2,0,0,4,6,2,6,8,3,1,0,0,6
9441,Haram,15526,5,1,1,7,7,4,7,5,8,0,1,0,8
9442,Haram,30916,5,0,0,2,8,8,5,8,3,0,0,0,7
9443,Dokki,46975,1,0,0,4,3,9,9,4,5,0,0,0,9
9444,Sheikh Zayed,30028,2,1,0,9,6,3,9,3,2,0,1,1,9
9445,El Obour,30709,1,0,0,7,8,4,7,3,4,0,1,0,4
9446,Helwan,45999,4,1,0,5,6,8,9,6,6,0,1,0,8
9447,Maadi,19063,2,1,0,9,4,8,8,6,7,0,1,0,10
9448,Mokattam,8723,5,1,0,4,4,4,1,5,4,1,1,1,10
9449,New Cairo,8213,5,1,0,3,8,6,7,3,4,1,1,0,4
9450,Nasr City,26797,1,1,1,9,5,8,3,6,7,0,1,0,4
9451,Mokattam,40234,1,1,1,5,5,4,10,5,10,0,1,0,6
9452,New Cairo,23410,4,0,0,10,5,9,7,3,3,1,1,0,7
9453,Dokki,27382,4,0,1,4,8,5,9,8,3,1,0,0,9
9454,Haram,49217,5,1,1,10,6,8,7,4,8,0,1,0,8
9455,El Obour,6747,3,0,0,7,10,3,5,3,5,0,0,1,4
9456,Madinaty,27655,4,1,0,6,5,6,9,9,2,1,1,0,7
9457,El Obour,34348,5,1,0,3,3,7,8,4,7,1,0,0,9
9458,Shoubra,16454,4,0,1,7,8,2,6,3,10,0,0,1,7
9459,6th of October,16587,2,1,0,5,10,10,6,5,7,0,0,0,7
9460,Maadi,26555,1,1,0,6,10,10,9,3,7,0,1,0,7
9461,Nasr City,32071,5,0,0,7,5,5,4,6,5,0,1,0,7
9462,Helwan,24239,4,1,0,8,7,6,3,10,2,0,1,0,7
9463,Sheikh Zayed,35602,1,0,1,5,7,10,10,5,8,0,1,1,5
9464,Helwan,6203,3,1,1,9,4,3,9,9,5,1,1,0,5
9465,6th of October,17635,4,1,0,6,6,6,4,4,10,0,1,0,7
9466,New Capital,5144,5,1,0,8,8,5,7,3,5,1,1,1,5
9467,Maadi,36699,2,0,0,7,7,3,6,8,10,0,1,1,8
9468,Haram,23083,1,0,0,6,3,3,9,4,2,0,1,1,6
9469,Al Rehab,30127,1,1,0,8,4,10,7,6,5,1,1,0,9
9470,El Obour,16213,2,1,1,5,7,9,9,8,3,0,0,0,10
9471,Mohandeseen,20944,5,1,0,8,9,9,5,5,7,1,0,1,5
9472,Zamalek,5187,3,1,0,4,5,9,4,4,10,1,1,1,5
9473,Helwan,7133,2,1,0,9,7,6,8,10,3,1,1,0,4
9474,El Shorouk,7411,3,0,0,5,10,5,2,8,3,1,1,0,6
9475,Sheikh Zayed,38457,5,1,0,5,7,4,8,7,2,1,1,1,7
9476,El Obour,41175,4,1,0,2,4,3,10,8,10,1,1,1,10
9477,6th of October,39191,4,0,0,9,6,6,7,3,2,1,1,0,7
9478,Dokki,10728,5,1,1,6,5,9,1,4,3,0,0,0,7
9479,Nasr City,37744,3,1,0,10,5,6,10,9,6,0,0,0,8
9480,Nasr City,26881,2,0,0,4,9,8,8,9,8,1,1,0,4
9481,Helwan,16801,5,0,1,6,5,6,1,7,10,0,0,0,9
9482,6th of October,14548,5,1,0,5,5,10,9,7,2,0,0,1,6
9483,Heliopolis,36886,4,0,0,8,6,9,2,6,9,0,0,0,5
9484,Faisal,38310,2,1,0,6,5,9,10,4,2,1,1,0,4
9485,Shoubra,23427,4,1,1,3,6,2,7,10,10,0,0,1,9
9486,Maadi,4972,3,0,0,7,4,6,5,6,3,0,1,0,5
9487,Madinaty,37683,3,1,0,5,3,10,10,9,4,1,1,1,10
9488,Shoubra,10621,1,0,0,7,6,9,5,10,5,0,0,1,8
9489,Nasr City,30013,5,0,0,2,5,2,9,9,4,1,1,1,10
9490,Downtown Cairo,18530,2,0,0,2,4,10,10,10,3,0,1,0,4
9491,El Obour,11354,2,1,1,5,4,2,2,3,6,0,1,0,10
9492,El Obour,41359,4,0,0,8,7,6,9,10,3,1,0,0,4
9493,El Obour,27223,4,0,0,8,7,2,7,8,3,1,1,0,5
9494,Downtown Cairo,45232,2,1,0,2,10,9,3,5,9,0,0,0,9
9495,Mokattam,16550,4,1,0,6,10,3,3,7,3,0,1,0,4
9496,Mohandeseen,26660,1,0,0,7,3,7,2,4,9,0,1,1,6
9497,Al Rehab,35029,5,0,0,6,3,3,8,3,9,1,1,0,5
9498,Haram,34268,1,1,1,8,7,3,5,4,2,1,1,0,7
9499,Sheikh Zayed,30340,3,1,1,7,8,2,10,9,6,1,1,1,8
9500,Madinaty,8290,2,1,0,6,7,7,9,7,10,0,1,1,5
9501,Zamalek,34138,1,0,0,6,4,6,4,5,9,0,0,1,7
9502,Nasr City,10446,1,0,0,10,9,5,9,3,10,0,1,0,5
9503,El Obour,17432,4,1,1,4,9,5,1,7,4,1,0,0,9
9504,Zamalek,5522,4,1,1,10,6,10,9,9,3,0,1,0,8
9505,Mohandeseen,37329,4,1,0,3,10,3,7,3,2,0,1,0,7
9506,New Cairo,7540,3,1,0,8,7,8,7,10,9,1,1,1,5
9507,New Cairo,16328,1,1,1,7,10,6,9,8,9,1,1,1,5
9508,Dokki,38247,5,0,0,9,5,10,5,8,9,0,1,0,6
9509,Sheikh Zayed,10677,4,1,1,10,6,5,8,10,4,0,1,0,8
9510,New Cairo,45616,3,0,1,7,8,7,7,4,2,0,1,1,10
9511,Downtown Cairo,29947,3,1,1,3,6,3,8,7,10,0,0,0,6
9512,Mohandeseen,49534,4,1,0,5,5,2,5,7,8,1,1,0,6
9513,New Cairo,17520,2,1,0,4,9,2,8,7,7,1,1,0,7
9514,Dokki,48711,1,0,0,4,5,5,6,5,8,0,1,0,8
9515,Haram,26805,4,1,1,6,5,10,8,7,7,0,0,1,8
9516,Al Rehab,34444,5,0,0,2,4,4,9,3,5,0,1,1,6
9517,Al Rehab,24143,1,0,0,10,10,4,10,9,3,0,1,0,4
9518,Helwan,14292,3,1,0,5,9,8,7,7,2,1,1,0,10
9519,Heliopolis,46844,5,1,0,8,10,9,1,9,10,0,1,0,7
9520,Mohandeseen,20017,1,1,1,8,7,7,2,9,3,0,1,0,10
9521,Zamalek,29323,5,1,1,8,8,2,3,5,7,0,0,0,6
9522,Madinaty,45423,3,0,1,6,7,7,8,5,9,1,1,1,8
9523,Faisal,45713,4,0,1,5,4,9,10,9,8,1,0,1,6
9524,New Cairo,26320,5,0,0,5,9,6,8,8,10,1,1,1,9
9525,Sheikh Zayed,12774,4,1,0,6,6,9,8,4,10,1,1,1,10
9526,Al Rehab,6205,3,1,0,7,4,2,10,3,5,1,1,1,9
9527,Downtown Cairo,16342,3,1,0,8,7,5,4,6,10,0,0,0,5
9528,Zamalek,8027,5,1,0,6,3,10,10,3,3,0,1,0,8
9529,6th of October,20327,5,1,1,10,10,6,7,10,2,1,1,1,6
9530,Al Rehab,25200,3,0,0,10,4,4,9,6,7,1,1,0,7
9531,Faisal,11188,5,0,1,2,3,4,5,10,5,0,0,0,6
9532,El Obour,6808,5,1,1,6,3,10,5,3,5,0,1,1,4
9533,Shoubra,17851,5,1,0,3,8,2,7,7,2,0,1,0,6
9534,Sheikh Zayed,19354,5,1,0,5,5,7,8,6,7,0,1,1,10
9535,Zamalek,19058,1,1,1,8,5,7,1,3,4,0,1,0,10
9536,New Capital,18620,3,1,0,7,10,9,7,9,8,1,1,0,7
9537,El Obour,35230,3,0,1,8,5,9,9,8,2,0,1,0,9
9538,Zamalek,40681,2,0,0,4,10,2,10,8,9,0,0,0,8
9539,Nasr City,21803,4,1,1,6,3,8,10,8,10,0,1,0,4
9540,Nasr City,6167,2,0,1,7,7,2,10,10,5,1,0,0,6
9541,Mokattam,6144,5,1,0,7,5,9,2,9,6,1,1,0,6
9542,Mokattam,6167,5,0,0,7,8,6,1,8,9,0,0,1,10
9543,Mohandeseen,46520,1,1,0,10,5,3,9,9,6,0,1,1,4
9544,Sheikh Zayed,46136,1,0,0,7,10,4,9,4,5,1,1,1,4
9545,Dokki,29844,1,0,0,3,6,10,2,5,6,0,0,0,8
9546,New Capital,32163,1,1,0,10,8,3,7,3,3,1,1,0,10
9547,Faisal,26920,1,0,1,5,3,5,4,3,3,0,1,0,4
9548,Downtown Cairo,21550,1,0,1,8,3,8,9,5,2,0,1,0,5
9549,Sheikh Zayed,40343,1,1,1,7,5,9,8,9,5,1,1,0,10
9550,Faisal,22254,1,1,0,10,6,4,7,6,9,0,1,0,8
9551,6th of October,44011,1,0,0,4,6,10,3,9,3,0,1,0,8
9552,El Obour,24147,3,0,1,9,4,9,6,6,8,0,0,0,6
9553,Mokattam,16926,1,1,1,6,4,7,1,8,9,1,0,0,7
9554,Mokattam,37823,4,1,0,7,5,9,5,7,2,1,1,0,10
9555,Madinaty,27991,1,1,0,4,8,9,10,8,4,0,1,1,5
9556,Shoubra,45851,5,0,0,4,3,4,5,10,7,0,1,0,7
9557,Nasr City,31563,5,1,1,8,8,8,2,7,8,0,0,0,9
9558,Heliopolis,34688,1,0,1,7,6,9,6,8,6,1,1,1,10
9559,Maadi,33023,1,0,0,3,10,7,3,8,8,0,0,1,10
9560,El Obour,38130,5,0,0,9,6,7,4,9,7,0,1,0,9
9561,El Obour,4925,4,0,0,6,6,8,3,7,8,0,1,1,8
9562,Faisal,20321,2,1,1,8,3,5,1,4,5,0,1,1,5
9563,Haram,14769,3,0,1,4,9,10,1,5,3,0,1,0,10
9564,Faisal,40748,5,1,1,6,4,4,5,9,9,0,1,0,6
9565,Zamalek,44028,1,1,0,4,9,8,10,9,2,0,1,0,10
9566,Mohandeseen,20151,3,0,0,4,5,10,6,6,5,1,1,0,7
9567,Shoubra,14597,1,1,1,2,4,9,5,10,5,0,0,0,6
9568,Maadi,38187,2,1,1,4,10,8,4,9,2,0,1,0,10
9569,Mohandeseen,47835,2,1,0,8,10,6,6,4,9,0,0,0,5
9570,Heliopolis,4059,5,0,0,10,6,3,9,8,7,0,1,1,4
9571,Shoubra,39292,3,0,0,2,8,3,4,7,3,1,0,0,5
9572,Al Rehab,24181,3,0,0,5,8,5,7,8,5,1,1,0,5
9573,Helwan,31235,2,1,0,8,6,6,10,5,8,0,1,0,6
9574,Faisal,32672,1,0,0,7,3,5,7,7,10,1,0,0,6
9575,Al Rehab,5578,5,1,0,5,9,3,8,3,8,1,1,0,7
9576,Mohandeseen,49366,4,0,1,4,3,5,10,8,3,0,1,0,10
9577,Sheikh Zayed,20047,2,1,0,7,9,6,8,7,2,1,1,1,10
9578,Al Rehab,36160,2,1,0,5,9,5,7,8,8,0,1,0,4
9579,Mohandeseen,37475,5,0,0,6,3,7,7,5,10,0,1,0,5
9580,6th of October,28549,1,1,1,3,5,8,4,9,3,0,0,0,4
9581,Maadi,9277,3,1,0,10,7,6,10,8,4,1,0,1,4
9582,Shoubra,5780,2,1,1,3,10,10,4,6,5,0,1,0,8
9583,Heliopolis,49913,5,1,1,5,8,5,7,5,10,0,1,0,4
9584,Faisal,18662,5,1,0,9,9,3,7,6,8,0,0,0,4
9585,Mohandeseen,35516,5,1,1,8,7,9,2,8,3,0,1,0,6
9586,Mokattam,36161,3,1,0,5,8,5,8,8,5,0,0,0,4
9587,Shoubra,48499,2,0,0,9,9,5,7,5,5,0,0,1,8
9588,El Shorouk,35886,5,0,1,7,9,4,1,5,5,1,0,0,5
9589,Nasr City,12800,3,0,1,9,9,10,10,6,8,0,1,0,4
9590,Faisal,9439,1,0,1,5,5,5,9,10,7,0,1,0,7
9591,Haram,8307,4,1,1,6,8,3,8,3,3,0,1,0,7
9592,6th of October,6364,2,1,0,5,5,2,1,5,3,0,1,0,4
9593,Maadi,20568,3,1,0,8,5,2,5,5,4,0,1,0,5
9594,New Capital,42092,4,0,1,5,4,9,7,8,2,1,1,0,9
9595,El Shorouk,9483,4,1,0,6,8,2,8,4,10,0,1,0,7
9596,Maadi,4245,3,1,0,10,5,6,10,10,8,1,1,0,9
9597,Madinaty,12430,3,1,0,9,4,9,7,9,8,1,1,0,7
9598,Zamalek,12183,3,0,0,3,8,8,5,10,10,0,0,0,10
9599,Sheikh Zayed,42692,5,0,0,8,3,8,7,7,8,1,1,0,6
9600,El Shorouk,34086,1,0,0,3,8,9,4,4,2,1,1,0,7
9601,6th of October,36726,5,1,0,4,6,4,9,8,5,1,1,0,10
9602,Sheikh Zayed,17901,4,0,0,2,7,6,9,9,10,1,1,0,7
9603,6th of October,7907,4,1,0,3,6,3,10,9,7,0,0,0,4
9604,Heliopolis,37044,4,0,0,4,7,6,10,5,9,0,0,1,4
9605,Zamalek,32604,3,0,0,6,3,6,2,5,4,0,1,0,5
9606,Madinaty,41869,2,0,0,7,7,3,7,5,7,0,1,0,5
9607,Mokattam,18537,5,1,1,8,3,7,8,3,5,0,1,0,7
9608,Haram,16501,2,1,1,6,8,2,3,4,9,0,1,0,5
9609,Heliopolis,41371,1,1,0,6,6,9,5,7,4,1,1,0,5
9610,Haram,40821,1,0,1,9,4,2,9,3,6,0,1,0,9
9611,New Capital,27196,5,0,0,2,8,4,9,6,3,1,1,1,8
9612,Shoubra,10073,4,1,0,10,9,2,8,9,8,0,1,0,9
9613,Downtown Cairo,14561,1,0,1,4,8,3,2,8,10,0,1,0,6
9614,Shoubra,22101,2,0,1,7,7,8,3,5,6,1,1,1,10
9615,Mohandeseen,49516,2,0,0,5,9,8,7,3,10,0,1,0,6
9616,El Obour,35426,3,0,0,3,9,6,7,8,3,1,1,1,8
9617,Al Rehab,33341,4,0,0,7,8,6,9,8,9,1,1,1,10
9618,Dokki,11313,3,0,0,9,10,8,1,6,4,0,0,0,10
9619,Helwan,34773,5,1,0,5,5,6,2,10,6,1,1,1,8
9620,Haram,32003,1,1,0,9,4,9,7,10,4,0,0,1,5
9621,Faisal,30420,3,1,0,8,4,4,8,5,6,0,1,0,10
9622,El Obour,9714,3,0,0,2,3,3,6,3,6,0,1,0,7
9623,Downtown Cairo,31139,5,1,0,6,6,5,3,10,2,0,0,0,9
9624,Zamalek,30098,2,0,0,9,5,8,3,10,9,0,0,0,8
9625,Shoubra,46294,2,1,0,7,10,10,9,5,8,0,1,0,10
9626,Nasr City,17582,5,1,0,10,6,4,3,4,9,1,1,1,5
9627,New Cairo,47583,2,1,1,8,10,4,9,5,4,1,1,0,4
9628,Madinaty,17760,5,1,0,3,9,8,9,8,8,1,1,1,6
9629,Faisal,10255,2,0,0,2,9,2,10,9,8,1,0,0,9
9630,Nasr City,20622,5,1,0,10,6,8,3,10,3,0,0,0,8
9631,Dokki,39983,2,1,0,6,4,3,9,7,4,0,1,1,10
9632,Mokattam,44309,3,1,0,3,5,2,8,7,7,0,0,0,10
9633,New Cairo,33715,3,1,0,5,7,10,7,5,5,1,1,0,8
9634,El Obour,40415,2,0,0,7,10,2,3,10,5,0,1,0,8
9635,El Obour,25792,5,0,0,10,9,9,5,3,2,0,1,0,10
9636,Madinaty,46576,3,1,0,9,5,8,7,9,9,0,1,1,6
9637,Maadi,26724,1,0,0,7,10,10,2,8,3,0,1,0,8
9638,Heliopolis,7652,2,0,1,5,3,6,9,6,7,0,1,0,5
9639,Mohandeseen,30297,1,1,0,6,8,4,3,6,2,0,1,0,6
9640,Sheikh Zayed,36422,1,0,1,5,4,2,8,10,2,1,1,0,6
9641,El Shorouk,18028,4,1,0,5,5,3,4,7,3,0,0,0,7
9642,Downtown Cairo,17803,1,1,0,9,3,7,8,7,7,0,1,0,8
9643,Mohandeseen,10307,1,0,0,5,7,9,1,10,5,0,1,0,5
9644,Dokki,35325,4,1,0,4,6,10,6,3,9,0,1,0,9
9645,Mokattam,35574,4,0,0,3,6,9,6,4,8,0,1,1,8
9646,Faisal,23262,4,0,0,2,3,3,8,7,5,0,1,0,5
9647,Mokattam,5535,5,0,0,6,4,2,1,7,5,0,0,0,4
9648,El Obour,18932,4,1,0,5,6,5,4,10,6,1,1,0,8
9649,Zamalek,19749,5,1,0,10,10,6,1,10,8,0,1,0,6
9650,Faisal,12727,2,1,0,10,4,7,9,9,10,0,1,1,7
9651,Zamalek,21332,5,1,1,6,4,5,6,5,6,1,1,0,8
9652,Sheikh Zayed,33534,2,0,1,6,6,6,7,4,4,1,1,1,6
9653,Madinaty,14834,4,1,1,7,7,9,7,4,10,1,1,1,6
9654,New Cairo,24325,4,1,0,5,10,4,9,9,2,0,1,1,7
9655,New Capital,13213,2,0,0,7,8,2,8,7,3,0,1,0,4
9656,6th of October,5403,3,1,0,9,10,10,7,5,5,0,1,0,10
9657,New Cairo,11506,5,1,1,6,5,10,7,9,7,1,1,0,4
9658,Heliopolis,33659,1,1,1,9,8,3,5,8,4,0,1,0,6
9659,Heliopolis,11591,4,0,0,9,6,4,1,8,4,0,0,0,10
9660,El Shorouk,16996,5,1,1,4,5,9,3,3,10,1,1,1,4
9661,Zamalek,41828,5,0,1,7,4,4,8,10,4,0,1,0,8
9662,Shoubra,38370,4,1,0,2,9,4,9,6,6,1,1,0,5
9663,Nasr City,17472,2,0,1,6,7,7,8,9,4,0,0,0,10
9664,6th of October,33098,4,1,0,8,4,7,4,7,2,0,0,0,4
9665,Madinaty,6196,5,0,0,6,9,8,9,6,6,1,1,1,10
9666,El Obour,15091,3,1,0,4,7,5,1,6,6,0,1,0,5
9667,Downtown Cairo,19040,2,0,0,3,9,6,4,8,4,0,1,0,5
9668,El Shorouk,10023,4,1,1,3,8,4,6,6,10,0,1,0,6
9669,Nasr City,24543,1,1,1,10,8,3,2,8,5,0,1,1,4
9670,Nasr City,32377,4,1,0,3,8,4,7,10,4,0,1,0,10
9671,Haram,40635,5,0,0,8,3,4,3,8,6,0,0,1,5
9672,El Shorouk,46337,5,0,0,10,10,3,8,7,8,0,1,0,4
9673,New Cairo,44409,1,0,0,4,8,2,7,3,3,1,1,0,6
9674,Dokki,9004,2,1,0,8,7,4,9,9,6,0,1,0,8
9675,Helwan,13963,5,1,0,2,7,2,1,4,4,0,1,0,6
9676,Faisal,17796,2,1,0,7,8,9,10,5,10,0,0,0,5
9677,Haram,44972,2,0,1,3,4,6,1,4,9,0,1,0,6
9678,Zamalek,11077,4,0,0,2,8,7,5,5,10,1,1,0,10
9679,Nasr City,33848,2,1,0,6,8,8,9,4,7,0,1,0,4
9680,Maadi,16526,5,0,0,7,10,8,6,9,5,1,0,0,8
9681,Zamalek,7261,5,0,0,3,6,5,2,7,10,0,1,0,8
9682,Dokki,21046,3,0,1,5,9,7,9,7,5,1,1,0,8
9683,Al Rehab,17397,2,0,0,4,6,9,8,6,5,1,1,0,8
9684,Al Rehab,29269,3,0,0,2,9,7,7,5,3,1,1,0,9
9685,Haram,40158,4,1,0,2,5,8,7,8,2,1,1,0,9
9686,Helwan,29757,3,0,1,4,3,4,9,3,5,0,1,1,10
9687,Maadi,19299,2,1,0,3,10,10,8,9,7,1,0,0,8
9688,Dokki,5902,5,1,0,3,10,3,8,7,5,0,1,0,9
9689,Dokki,46399,4,1,0,6,10,9,9,9,5,1,1,1,7
9690,Madinaty,7846,2,0,1,6,7,9,7,5,3,1,1,0,10
9691,New Cairo,16359,4,0,0,8,5,3,7,7,4,1,1,0,6
9692,El Shorouk,6520,1,0,0,6,10,10,4,10,4,1,0,0,4
9693,New Cairo,44832,2,1,0,4,8,4,7,3,8,1,1,1,8
9694,Al Rehab,24098,1,1,0,7,7,7,7,5,5,1,1,1,5
9695,El Shorouk,43451,3,1,0,4,7,5,1,9,4,0,1,0,7
9696,Sheikh Zayed,27136,2,0,0,9,3,6,10,9,6,1,1,1,8
9697,Shoubra,39885,1,1,0,7,3,4,1,9,5,0,0,0,6
9698,New Capital,34720,5,1,1,8,9,9,8,6,2,1,1,0,5
9699,Haram,25157,3,0,1,4,5,9,4,5,7,0,1,0,9
9700,Sheikh Zayed,23674,2,0,0,8,10,8,9,3,6,1,1,1,8
9701,Heliopolis,36357,2,1,0,10,6,8,4,8,8,1,0,1,5
9702,Downtown Cairo,16578,5,0,1,9,7,3,6,6,9,0,1,0,6
9703,Zamalek,6251,5,1,0,3,4,7,8,9,4,0,1,0,7
9704,New Cairo,17513,1,0,1,3,5,5,8,8,5,1,1,1,10
9705,Nasr City,41429,1,0,1,8,7,10,10,8,6,1,1,0,8
9706,Helwan,31105,1,1,0,5,9,6,6,10,9,1,1,0,9
9707,Mokattam,24990,4,0,0,10,3,7,2,10,8,0,1,0,8
9708,6th of October,29499,3,1,0,7,8,8,6,8,8,0,1,1,4
9709,New Cairo,10421,2,1,1,10,3,3,8,9,6,1,1,1,6
9710,El Obour,28591,3,1,0,4,3,2,1,10,5,1,1,1,10
9711,New Cairo,30979,5,1,0,7,3,7,7,7,2,0,1,1,4
9712,Al Rehab,24835,3,0,0,7,8,10,7,8,7,1,1,1,7
9713,Maadi,41693,3,1,0,9,10,8,7,10,10,0,0,0,10
9714,Downtown Cairo,16202,1,1,0,8,6,10,1,6,3,0,1,1,9
9715,El Obour,39414,5,1,0,4,6,4,3,9,2,0,1,0,9
9716,Faisal,29666,3,0,0,2,7,6,3,7,6,0,1,1,4
9717,Shoubra,23290,2,0,0,3,10,7,7,10,5,0,1,0,4
9718,Haram,22130,1,1,0,3,7,7,4,3,5,0,0,0,8
9719,Dokki,41077,3,1,0,2,5,6,9,8,2,0,0,1,5
9720,El Obour,23396,5,0,0,5,3,3,9,4,2,0,0,0,10
9721,Sheikh Zayed,21952,2,1,1,7,9,4,7,4,2,0,1,0,4
9722,6th of October,31122,5,0,0,5,3,7,4,10,9,0,0,1,8
9723,Madinaty,33381,5,1,0,5,8,10,7,3,2,1,1,1,10
9724,6th of October,49435,5,1,0,10,4,9,6,7,6,1,0,0,5
9725,Dokki,44078,4,1,0,3,10,9,9,6,7,0,1,0,9
9726,Downtown Cairo,27267,2,1,1,2,4,9,10,7,8,0,1,0,4
9727,Mohandeseen,46007,5,0,0,8,3,7,8,4,6,1,1,0,4
9728,Faisal,11088,4,0,0,6,4,4,7,8,10,0,1,0,4
9729,Al Rehab,35818,1,0,0,6,4,6,7,6,2,0,1,0,9
9730,Nasr City,16822,4,1,1,3,3,9,5,9,8,1,1,0,6
9731,Maadi,40589,1,0,0,7,6,4,9,5,7,1,0,0,4
9732,Madinaty,5436,4,0,0,6,6,2,7,4,10,1,1,1,4
9733,Shoubra,49665,5,1,0,6,10,2,5,3,7,0,1,0,9
9734,El Obour,31281,4,1,0,7,9,8,5,6,3,0,0,0,6
9735,Mohandeseen,26481,4,1,0,3,10,7,5,7,10,1,1,0,10
9736,6th of October,34469,5,1,0,6,7,6,8,8,5,1,1,0,10
9737,Al Rehab,22867,1,0,0,2,6,9,7,5,10,0,1,0,6
9738,Al Rehab,44487,5,0,0,9,3,9,8,4,4,0,1,1,7
9739,Shoubra,26766,2,1,0,2,9,2,1,6,4,1,1,0,8
9740,Madinaty,33737,4,0,0,8,4,8,7,10,6,1,1,1,5
9741,El Shorouk,25213,2,0,0,7,3,3,7,4,9,1,1,0,5
9742,Heliopolis,32355,5,1,0,9,5,5,2,3,10,0,1,0,10
9743,El Shorouk,26537,5,1,0,6,9,2,2,4,5,0,1,0,8
9744,Madinaty,6794,3,0,1,7,4,3,7,8,9,1,1,1,4
9745,Haram,48296,2,0,1,5,3,10,2,7,6,0,1,1,5
9746,Haram,36324,3,1,1,2,10,2,2,7,10,0,1,1,10
9747,Sheikh Zayed,34858,2,0,0,8,9,8,8,3,4,1,1,0,9
9748,6th of October,46850,3,0,0,3,10,5,5,3,9,1,0,0,5
9749,Dokki,17018,3,1,0,2,7,8,1,5,6,0,1,0,6
9750,Haram,21481,2,0,1,2,7,8,7,6,9,0,0,1,10
9751,Mohandeseen,19584,5,0,1,2,4,4,2,9,2,0,1,1,7
9752,Al Rehab,13850,1,1,0,3,6,3,9,4,10,1,1,0,7
9753,Dokki,29701,5,1,0,2,7,4,3,3,6,0,0,0,9
9754,6th of October,45223,1,1,0,5,8,6,9,6,4,0,1,0,10
9755,Mohandeseen,47952,2,1,0,8,5,9,1,3,3,1,1,1,7
9756,New Cairo,49975,4,1,1,4,10,10,9,3,4,0,1,1,10
9757,Helwan,4160,5,1,1,10,8,5,2,5,2,0,0,1,6
9758,Maadi,29832,3,1,1,3,8,7,9,8,7,1,1,0,4
9759,Downtown Cairo,35210,5,1,0,3,9,5,5,8,8,0,1,1,6
9760,Mokattam,26290,2,0,1,8,8,10,9,8,8,1,1,0,5
9761,Haram,33441,4,1,1,10,4,6,10,7,3,1,0,0,5
9762,Shoubra,28886,4,1,1,7,5,3,9,6,4,0,1,0,8
9763,New Capital,36394,5,1,0,2,4,2,10,5,5,0,1,0,9
9764,Sheikh Zayed,12418,5,0,0,7,6,6,7,7,8,0,1,1,7
9765,New Capital,11081,5,1,0,5,3,9,9,3,9,1,1,1,5
9766,Heliopolis,41180,2,1,0,6,8,7,8,9,10,0,1,0,6
9767,Heliopolis,14114,1,0,0,5,4,8,3,8,7,0,1,0,9
9768,Al Rehab,22722,1,1,0,4,3,10,8,5,8,1,1,1,9
9769,Helwan,25972,3,1,1,3,4,5,5,7,9,0,1,0,6
9770,New Cairo,21985,2,1,0,3,9,6,7,10,8,1,1,1,8
9771,El Obour,9888,4,1,1,5,6,10,9,7,8,0,1,0,8
9772,New Cairo,7718,3,1,0,4,5,4,10,9,10,0,1,0,10
9773,Shoubra,36147,4,1,0,7,3,2,7,9,7,0,1,1,10
9774,Downtown Cairo,47382,4,1,0,4,5,9,1,5,2,0,0,1,8
9775,Al Rehab,22309,5,1,0,4,10,10,7,4,4,1,1,0,8
9776,Haram,23299,4,0,1,5,4,5,8,8,6,0,1,0,8
9777,Downtown Cairo,45211,4,0,0,6,9,7,8,9,10,0,1,0,8
9778,Nasr City,26036,2,0,0,10,8,8,8,10,2,0,1,1,8
9779,Shoubra,23885,5,1,0,6,4,8,7,5,3,0,0,0,8
9780,Shoubra,33346,5,1,1,2,10,9,5,3,4,0,1,0,8
9781,Helwan,30691,3,1,0,10,6,7,1,9,5,0,1,1,8
9782,6th of October,44042,5,1,1,3,4,8,8,4,7,0,1,1,7
9783,New Cairo,21986,1,1,0,5,6,10,8,9,8,0,1,0,9
9784,New Capital,31846,2,1,1,7,4,7,7,9,8,1,1,0,10
9785,El Obour,45401,3,0,0,10,8,3,3,5,3,0,1,0,5
9786,New Cairo,12192,1,1,0,3,5,5,8,7,4,1,1,1,8
9787,Dokki,43269,4,1,0,10,4,6,5,8,2,1,1,0,10
9788,Heliopolis,42487,1,1,0,10,3,9,10,6,2,0,0,0,6
9789,6th of October,13412,3,1,1,2,10,5,10,5,7,0,1,0,6
9790,El Shorouk,19963,5,1,0,7,7,2,10,7,5,0,0,0,5
9791,Downtown Cairo,37623,2,0,0,7,3,2,4,5,5,0,1,1,6
9792,New Capital,5017,3,0,0,10,9,3,10,8,10,1,1,0,8
9793,New Cairo,9279,1,1,1,7,3,9,7,3,9,1,1,1,10
9794,Madinaty,14412,1,0,1,3,6,4,10,3,4,1,1,0,8
9795,Zamalek,11712,3,0,1,9,4,7,2,7,4,0,1,0,9
9796,Faisal,19817,3,0,0,2,10,8,10,8,9,0,0,0,8
9797,Faisal,32080,3,0,1,6,5,2,2,10,3,1,1,1,5
9798,El Obour,10624,5,1,0,4,9,6,9,9,6,0,1,0,5
9799,El Shorouk,33126,3,1,0,7,4,3,6,7,7,0,1,0,7
9800,Zamalek,20579,4,1,0,6,7,8,5,4,6,0,0,0,9
9801,Faisal,19131,2,1,1,5,4,4,10,3,2,1,1,0,8
9802,Shoubra,41462,2,0,0,4,7,10,4,6,6,0,1,0,9
9803,Downtown Cairo,41419,4,0,0,2,7,2,9,3,10,0,0,0,4
9804,Shoubra,27375,1,1,0,9,3,3,9,3,3,0,1,0,10
9805,Al Rehab,30093,1,1,1,6,7,10,10,6,4,1,1,1,6
9806,Heliopolis,49494,1,0,0,9,7,8,7,8,7,0,1,0,7
9807,Al Rehab,36525,1,1,1,10,8,4,9,8,4,1,1,1,8
9808,New Cairo,33030,5,0,0,9,9,9,9,9,7,1,1,0,6
9809,Downtown Cairo,48067,4,0,0,7,9,6,3,3,8,1,1,0,4
9810,Zamalek,9207,2,0,1,9,5,3,2,5,4,0,1,0,10
9811,Dokki,14897,4,1,0,6,8,2,10,5,5,0,1,0,4
9812,Zamalek,30639,2,1,1,10,6,7,10,3,7,0,1,0,8
9813,Helwan,6792,1,0,0,7,4,5,4,3,2,0,1,0,8
9814,6th of October,4420,5,1,1,3,5,3,3,6,2,1,1,0,9
9815,El Obour,33224,3,1,1,8,6,2,4,9,6,1,1,1,9
9816,Al Rehab,23198,3,1,0,2,3,8,10,3,9,1,1,1,10
9817,New Capital,39608,1,0,0,2,5,5,10,10,2,0,1,0,8
9818,Heliopolis,21415,1,0,1,9,5,2,1,7,2,0,1,0,6
9819,Zamalek,44407,4,0,0,6,3,2,6,5,2,0,1,0,9
9820,Dokki,21875,5,1,0,10,10,8,10,3,2,0,0,1,6
9821,El Shorouk,8975,5,1,0,7,7,6,4,7,10,0,0,0,7
9822,New Capital,30461,4,0,0,2,3,2,7,8,3,1,1,1,9
9823,Faisal,25331,5,1,0,7,4,10,3,10,7,0,1,0,5
9824,Helwan,20893,5,1,1,2,3,4,8,3,3,0,1,0,9
9825,Sheikh Zayed,22243,3,1,0,6,9,2,8,4,6,0,1,1,9
9826,New Cairo,19535,5,1,1,4,5,3,9,7,6,0,1,1,4
9827,Zamalek,9061,1,1,1,10,9,7,7,5,10,0,0,1,10
9828,Haram,5858,3,1,0,2,10,4,2,5,5,1,1,0,10
9829,Downtown Cairo,29489,1,0,1,7,9,9,1,4,7,0,1,0,10
9830,Mohandeseen,17678,1,0,1,4,3,2,5,7,5,0,1,0,8
9831,Zamalek,38833,4,1,0,10,4,2,10,8,7,0,1,0,5
9832,New Capital,23350,5,1,1,3,9,9,7,7,4,0,1,0,10
9833,Mokattam,17346,5,1,0,8,10,2,5,10,5,0,0,0,4
9834,Sheikh Zayed,10773,5,1,1,10,7,5,10,6,10,1,1,1,9
9835,Nasr City,33465,5,1,1,4,7,7,2,3,2,0,1,0,5
9836,El Obour,13788,3,1,0,4,6,2,4,7,8,1,1,0,5
9837,Downtown Cairo,36343,2,1,0,4,8,5,5,6,4,0,0,1,10
9838,Heliopolis,41210,1,0,0,2,6,6,2,4,10,0,0,0,9
9839,Zamalek,13247,2,1,0,10,4,2,3,10,8,0,1,1,10
9840,Faisal,49963,2,1,0,10,6,3,6,4,3,1,1,0,5
9841,El Obour,45983,2,1,1,7,7,3,6,4,6,0,1,1,9
9842,Heliopolis,39972,3,1,1,10,9,7,10,10,2,1,0,0,6
9843,Downtown Cairo,20959,2,1,1,10,9,3,1,6,2,0,0,0,7
9844,Shoubra,27807,3,0,0,2,8,7,10,5,8,1,1,0,6
9845,Shoubra,38133,4,0,0,4,7,10,8,4,8,0,0,0,5
9846,Madinaty,28218,4,1,0,4,9,3,10,6,9,0,1,0,10
9847,6th of October,25734,4,1,0,2,6,8,3,6,9,0,1,0,6
9848,6th of October,26828,3,1,0,7,3,2,2,3,8,0,1,0,10
9849,Helwan,21400,3,1,0,5,7,10,9,4,4,0,1,1,8
9850,Helwan,24002,1,0,1,9,9,5,8,9,4,0,1,0,8
9851,Helwan,36793,2,0,1,7,6,6,3,10,3,0,1,0,8
9852,El Shorouk,40492,5,1,0,5,6,5,7,9,2,0,1,0,8
9853,El Obour,36217,5,1,1,6,9,10,7,9,9,0,1,0,5
9854,El Shorouk,40226,2,1,0,3,10,2,1,8,7,0,1,0,4
9855,Mokattam,31932,5,1,0,2,9,7,6,5,6,0,1,0,10
9856,Madinaty,47327,5,1,1,8,4,6,7,6,2,1,1,0,7
9857,Faisal,34875,5,1,0,4,4,9,10,5,6,0,1,0,4
9858,Maadi,29046,3,0,0,4,7,3,3,10,9,0,0,0,7
9859,Sheikh Zayed,27664,3,0,0,7,5,5,10,9,9,1,1,1,4
9860,Faisal,28453,3,0,0,4,10,6,6,5,7,1,1,0,9
9861,Dokki,8746,2,0,0,8,6,9,9,9,3,0,1,0,10
9862,Downtown Cairo,27973,4,0,0,8,9,2,5,4,3,0,1,0,8
9863,Downtown Cairo,17217,5,1,1,6,3,8,3,9,3,0,1,1,10
9864,Heliopolis,27362,1,0,0,2,5,9,1,4,9,0,0,0,9
9865,New Cairo,45835,3,0,0,10,6,2,9,3,9,1,1,1,8
9866,Heliopolis,13133,1,1,1,3,5,6,4,8,9,0,1,1,6
9867,Shoubra,39809,5,0,1,5,6,7,10,8,2,0,1,1,10
9868,Maadi,44533,4,0,0,3,6,6,7,5,10,1,0,1,6
9869,Dokki,9404,1,1,0,2,5,10,5,5,5,0,1,1,5
9870,Al Rehab,37339,5,0,0,2,4,5,9,10,10,1,1,0,7
9871,Dokki,32725,5,0,0,2,10,3,9,6,8,1,1,0,10
9872,Sheikh Zayed,12796,3,0,1,8,6,10,7,6,4,1,1,1,7
9873,New Capital,49380,4,1,1,10,7,3,8,9,4,1,1,1,5
9874,Dokki,25364,5,1,0,2,10,3,5,8,3,0,0,0,8
9875,Sheikh Zayed,45341,4,0,0,7,5,7,7,10,8,0,1,1,6
9876,El Shorouk,5236,3,1,0,6,8,10,10,10,9,0,0,0,5
9877,Nasr City,6380,1,0,0,4,10,6,1,8,2,0,1,0,8
9878,Faisal,43945,2,1,0,3,4,3,8,6,8,0,1,0,4
9879,Nasr City,18538,2,1,1,3,3,7,7,5,3,0,1,0,5
9880,Faisal,15971,2,0,0,3,9,2,5,3,8,0,1,0,5
9881,New Cairo,47065,4,1,0,8,6,4,8,7,7,1,1,1,8
9882,Al Rehab,38285,2,1,0,5,8,4,9,6,10,1,1,1,9
9883,Dokki,21917,1,1,1,8,6,7,1,7,8,0,1,0,4
9884,Helwan,42655,5,1,1,2,8,5,3,3,10,0,0,0,6
9885,6th of October,15486,4,1,1,5,7,9,9,9,6,0,0,0,10
9886,6th of October,41410,1,1,0,10,4,8,3,5,7,1,1,0,5
9887,Madinaty,29446,4,1,0,8,6,10,9,8,7,1,1,0,5
9888,El Obour,25703,4,1,0,7,9,6,10,10,4,0,1,0,9
9889,Downtown Cairo,48191,4,1,1,8,8,6,2,7,4,0,1,0,5
9890,Nasr City,15399,3,1,0,3,4,6,9,4,2,0,1,1,6
9891,New Cairo,42829,5,1,1,2,9,10,9,10,5,1,1,1,6
9892,Mohandeseen,16685,2,1,1,10,6,3,8,5,4,0,1,0,4
9893,New Capital,26241,3,0,0,3,8,8,10,4,8,1,1,1,4
9894,Madinaty,8487,5,0,0,3,3,4,10,8,7,1,1,0,7
9895,El Obour,16018,2,1,0,4,10,9,5,10,10,0,0,1,7
9896,New Cairo,34825,3,1,0,4,8,10,8,10,4,1,1,0,6
9897,Mohandeseen,11750,3,1,0,4,7,10,6,3,7,0,1,0,9
9898,6th of October,21684,1,1,0,5,3,6,6,7,10,0,1,0,5
9899,El Shorouk,47118,3,1,1,2,9,10,8,10,4,1,1,0,6
9900,Al Rehab,18410,4,0,1,2,10,4,7,7,10,1,1,0,7
9901,Maadi,19105,3,0,0,5,3,9,9,10,4,0,1,0,10
9902,Haram,22913,4,1,1,2,8,8,1,3,2,0,1,0,9
9903,6th of October,40028,5,1,0,5,10,5,8,8,4,0,0,0,7
9904,Maadi,21711,5,1,0,3,5,10,1,9,6,0,0,1,8
9905,Maadi,28967,4,1,0,8,3,8,9,3,9,0,0,0,7
9906,New Cairo,40023,1,1,1,7,7,9,10,5,2,1,1,0,4
9907,Shoubra,40005,1,1,0,3,7,9,3,8,5,1,1,0,8
9908,Faisal,30622,5,1,0,3,8,4,3,8,9,0,1,0,9
9909,Sheikh Zayed,49201,3,0,0,2,6,8,9,10,7,1,1,1,8
9910,Haram,13497,5,0,0,5,8,9,1,3,5,1,1,0,5
9911,New Capital,20350,5,1,1,3,3,4,9,6,4,1,1,1,7
9912,Haram,26696,4,0,0,6,9,10,4,4,2,0,1,0,7
9913,Madinaty,31470,1,1,1,5,4,5,8,10,9,0,1,0,8
9914,Al Rehab,34889,4,0,0,2,5,8,9,9,3,1,1,0,6
9915,Helwan,14224,5,1,1,6,8,9,1,3,8,0,1,1,10
9916,New Capital,45724,2,1,0,6,5,9,7,6,4,1,1,1,4
9917,Shoubra,9465,3,0,0,6,5,6,2,9,6,0,1,0,10
9918,New Capital,20882,5,1,1,3,7,8,9,7,7,1,1,0,10
9919,El Obour,36203,4,1,1,5,7,9,9,3,4,0,0,0,7
9920,Maadi,31944,2,1,0,6,6,3,9,4,7,0,1,0,6
9921,Maadi,33837,2,0,0,7,3,5,3,10,8,0,0,0,7
9922,Mokattam,6944,5,1,0,8,10,7,8,4,8,0,1,1,6
9923,Sheikh Zayed,28336,1,1,1,4,7,10,10,5,3,1,1,0,4
9924,Helwan,42624,2,1,1,4,5,3,1,7,3,0,0,0,4
9925,El Obour,48764,3,1,0,3,10,8,1,9,4,1,0,0,4
9926,Sheikh Zayed,35796,4,1,0,10,7,3,7,7,8,0,1,0,4
9927,New Cairo,32789,4,0,0,2,8,3,8,4,2,0,1,0,5
9928,El Shorouk,49420,4,0,1,4,3,2,6,6,9,0,1,0,8
9929,Mohandeseen,28222,5,1,0,4,7,10,8,4,5,0,0,0,7
9930,Maadi,42845,4,1,0,9,8,7,10,3,7,0,1,0,7
9931,Heliopolis,4135,4,0,0,7,3,3,4,5,6,1,1,1,9
9932,Madinaty,19773,3,1,1,4,6,5,9,8,2,0,1,0,9
9933,El Shorouk,46060,1,1,0,2,7,5,4,3,6,0,0,0,6
9934,Madinaty,30447,5,0,1,4,3,8,8,7,6,1,1,0,9
9935,Madinaty,8033,5,0,1,5,8,8,9,3,8,0,1,1,5
9936,New Cairo,24497,4,1,1,2,8,5,8,7,10,1,1,1,9
9937,New Capital,18178,3,0,0,4,3,6,8,5,10,1,1,1,7
9938,Madinaty,10546,2,0,0,5,8,10,8,7,2,1,1,0,9
9939,6th of October,12396,4,0,0,8,9,7,9,5,6,1,1,1,4
9940,New Capital,24978,4,1,0,5,4,3,8,9,5,1,1,1,7
9941,Faisal,47331,5,1,1,2,6,3,6,6,8,0,1,0,6
9942,Mokattam,16882,5,0,1,10,7,4,6,9,6,0,1,0,7
9943,Maadi,20945,4,0,0,7,4,8,8,6,3,0,1,1,6
9944,Nasr City,25784,5,1,0,10,7,3,4,5,5,1,1,1,4
9945,New Capital,7314,3,0,0,8,10,2,9,4,5,1,1,1,6
9946,Mohandeseen,22595,2,1,0,5,5,5,7,9,4,0,1,0,7
9947,Dokki,22755,2,1,0,2,5,8,6,9,6,0,0,0,10
9948,Heliopolis,36311,2,1,0,8,3,6,7,10,9,1,1,0,7
9949,Al Rehab,49695,4,0,1,10,4,8,7,5,3,1,1,0,6
9950,El Shorouk,34598,4,1,1,7,9,8,5,7,3,0,0,0,5
9951,Haram,39449,4,0,0,2,3,8,6,6,10,0,1,0,6
9952,Faisal,39574,3,1,0,10,3,2,2,8,6,1,0,0,7
9953,Madinaty,48729,2,1,0,8,9,9,9,6,3,0,1,0,4
9954,Mokattam,22639,5,0,0,2,3,7,3,9,3,1,1,0,10
9955,New Cairo,49370,5,0,1,5,5,7,7,5,4,0,1,1,6
9956,Haram,35023,1,1,0,6,9,5,9,4,10,1,0,0,4
9957,Downtown Cairo,13092,1,0,0,3,8,10,3,5,7,0,1,0,10
9958,Heliopolis,10382,5,1,0,4,3,10,3,7,2,1,1,0,7
9959,Madinaty,46710,2,1,0,3,9,7,9,7,4,1,1,0,7
9960,El Shorouk,7159,4,0,0,5,9,10,1,10,6,1,0,0,8
9961,Dokki,9656,5,1,0,8,8,2,7,9,5,0,1,0,7
9962,Helwan,5452,5,1,1,6,9,8,9,3,6,0,1,0,6
9963,Zamalek,46203,1,1,0,8,8,10,2,4,2,1,1,1,6
9964,Haram,22706,2,0,0,2,9,6,2,6,2,1,1,0,8
9965,Downtown Cairo,13862,5,1,0,4,3,7,1,8,3,1,1,0,6
9966,Faisal,14219,4,0,0,3,3,7,5,9,10,0,0,0,5
9967,Zamalek,27481,4,1,0,2,3,6,10,7,4,0,0,0,9
9968,Nasr City,38536,3,0,0,6,4,10,7,10,9,0,1,0,7
9969,Downtown Cairo,10096,4,1,0,4,7,6,1,7,4,1,0,0,7
9970,New Cairo,41953,5,0,0,9,4,4,10,9,4,0,1,1,10
9971,Zamalek,15855,5,1,1,6,6,7,1,4,10,1,0,0,8
9972,Mohandeseen,47262,4,1,1,6,8,7,1,9,10,0,1,1,7
9973,El Shorouk,18460,1,1,1,8,10,2,4,9,3,0,1,0,5
9974,Faisal,37937,2,1,0,9,4,5,2,5,9,1,0,0,7
9975,El Shorouk,25094,5,1,0,2,9,2,9,3,10,0,1,0,6
9976,El Obour,43358,4,1,0,6,8,7,10,8,8,0,1,0,9
9977,Zamalek,31924,4,1,0,10,9,3,2,7,9,1,1,0,7
9978,Faisal,21789,5,1,1,10,8,6,7,3,2,0,0,0,5
9979,Heliopolis,4123,3,0,0,8,8,4,2,6,3,0,1,0,9
9980,Mohandeseen,9909,2,1,1,5,6,7,1,3,9,1,1,1,6
9981,Sheikh Zayed,35854,5,1,0,3,10,10,7,9,4,1,1,0,6
9982,Nasr City,7896,4,1,0,6,5,4,4,7,8,0,0,0,9
9983,Dokki,44834,3,1,0,5,9,10,7,8,8,1,1,0,10
9984,Sheikh Zayed,46141,5,1,1,2,7,6,8,5,9,1,1,1,5
9985,New Capital,21111,2,1,0,8,3,3,9,8,9,0,1,0,10
9986,Sheikh Zayed,11039,3,0,0,4,6,10,10,9,9,0,1,0,8
9987,Downtown Cairo,48844,4,0,0,7,5,4,2,7,6,0,0,0,8
9988,Nasr City,28099,1,0,0,6,7,10,9,6,2,0,1,0,10
9989,6th of October,7670,2,1,0,5,9,7,1,10,10,0,1,0,7
9990,Maadi,47335,3,0,0,4,6,2,9,3,10,0,0,0,4
9991,Dokki,19029,5,1,0,10,5,2,10,5,7,0,0,0,10
9992,Helwan,35811,5,0,0,6,10,4,2,8,10,0,1,0,6
9993,Shoubra,19793,3,0,0,8,3,6,6,5,8,0,0,0,10
9994,Helwan,45318,5,1,0,5,5,7,9,8,5,0,0,0,5
9995,New Capital,24126,3,1,0,2,5,6,8,3,5,1,1,0,10
9996,Maadi,23228,2,0,0,3,3,9,3,3,2,0,1,0,5
9997,Al Rehab,22595,5,1,0,6,8,7,9,3,10,1,1,0,6
9998,Maadi,4972,2,0,0,9,8,3,9,6,7,0,1,1,5
9999,Zamalek,4360,4,1,0,9,6,6,2,5,8,1,1,0,10
10000,Maadi,6632,4,0,1,9,5,8,4,7,3,0,0,1,8
